id,adm,name,class,gender,school,school_id
mock_c255730a_G7A_001,MOCK-C255-G7A-001,"Cornelius Cheruiyot Barasa","Grade 7 A",Male,"Mbita High School",c255730a-066f-496f-9d4e-5a497be26567
mock_c255730a_G7A_002,MOCK-C255-G7A-002,"Felix Njeri Mwangi","Grade 7 A",Male,"Mbita High School",c255730a-066f-496f-9d4e-5a497be26567
mock_c255730a_G7A_003,MOCK-C255-G7A-003,"Grace Kariuki Mbugua","Grade 7 A",Female,"Mbita High School",c255730a-066f-496f-9d4e-5a497be26567
mock_c255730a_G7A_004,MOCK-C255-G7A-004,"Diana Juma Nyokabi","Grade 7 A",Female,"Mbita High School",c255730a-066f-496f-9d4e-5a497be26567
mock_c255730a_G7A_005,MOCK-C255-G7A-005,"Winnie Maina Njeri","Grade 7 A",Female,"Mbita High School",c255730a-066f-496f-9d4e-5a497be26567
mock_c255730a_G7A_006,MOCK-C255-G7A-006,"Cornelius Wafula Adhiambo","Grade 7 A",Male,"Mbita High School",c255730a-066f-496f-9d4e-5a497be26567
mock_c255730a_G7A_007,MOCK-C255-G7A-007,"Nicholas Achieng Simiyu","Grade 7 A",Male,"Mbita High School",c255730a-066f-496f-9d4e-5a497be26567
mock_c255730a_G7A_008,MOCK-C255-G7A-008,"Emmanuel Chepkemoi Owino","Grade 7 A",Male,"Mbita High School",c255730a-066f-496f-9d4e-5a497be26567
mock_c255730a_G7A_009,MOCK-C255-G7A-009,"Mitchelle Wafula Mutua","Grade 7 A",Female,"Mbita High School",c255730a-066f-496f-9d4e-5a497be26567
mock_c255730a_G7A_010,MOCK-C255-G7A-010,"Allan Korir Mwangi","Grade 7 A",Male,"Mbita High School",c255730a-066f-496f-9d4e-5a497be26567
mock_c255730a_G7A_011,MOCK-C255-G7A-011,"Allan Wafula Kiplagat","Grade 7 A",Male,"Mbita High School",c255730a-066f-496f-9d4e-5a497be26567
mock_c255730a_G7A_012,MOCK-C255-G7A-012,"Elvis Korir Korir","Grade 7 A",Male,"Mbita High School",c255730a-066f-496f-9d4e-5a497be26567
mock_c255730a_G7A_013,MOCK-C255-G7A-013,"Linet Nyambura Kariuki","Grade 7 A",Female,"Mbita High School",c255730a-066f-496f-9d4e-5a497be26567
mock_c255730a_G7A_014,MOCK-C255-G7A-014,"Janet Kipchoge Njoroge","Grade 7 A",Female,"Mbita High School",c255730a-066f-496f-9d4e-5a497be26567
mock_c255730a_G7A_015,MOCK-C255-G7A-015,"Brenda Akinyi Kamau","Grade 7 A",Female,"Mbita High School",c255730a-066f-496f-9d4e-5a497be26567
mock_c255730a_G7A_016,MOCK-C255-G7A-016,"Charles Njeri Wambui","Grade 7 A",Male,"Mbita High School",c255730a-066f-496f-9d4e-5a497be26567
mock_c255730a_G7A_017,MOCK-C255-G7A-017,"Mary Njoroge Maina","Grade 7 A",Female,"Mbita High School",c255730a-066f-496f-9d4e-5a497be26567
mock_c255730a_G7A_018,MOCK-C255-G7A-018,"Faith Kariuki Njoroge","Grade 7 A",Female,"Mbita High School",c255730a-066f-496f-9d4e-5a497be26567
mock_c255730a_G7A_019,MOCK-C255-G7A-019,"Victor Akinyi Owino","Grade 7 A",Male,"Mbita High School",c255730a-066f-496f-9d4e-5a497be26567
mock_c255730a_G7A_020,MOCK-C255-G7A-020,"Victor Mutiso Were","Grade 7 A",Male,"Mbita High School",c255730a-066f-496f-9d4e-5a497be26567
mock_c255730a_G7A_021,MOCK-C255-G7A-021,"Samuel Mutua Wafula","Grade 7 A",Male,"Mbita High School",c255730a-066f-496f-9d4e-5a497be26567
mock_c255730a_G7A_022,MOCK-C255-G7A-022,"Mary Njoroge Atieno","Grade 7 A",Female,"Mbita High School",c255730a-066f-496f-9d4e-5a497be26567
mock_c255730a_G7A_023,MOCK-C255-G7A-023,"Pauline Simiyu Omondi","Grade 7 A",Female,"Mbita High School",c255730a-066f-496f-9d4e-5a497be26567
mock_c255730a_G7A_024,MOCK-C255-G7A-024,"Brenda Were Ochieng","Grade 7 A",Female,"Mbita High School",c255730a-066f-496f-9d4e-5a497be26567
mock_c255730a_G7A_025,MOCK-C255-G7A-025,"George Otieno Nyambura","Grade 7 A",Male,"Mbita High School",c255730a-066f-496f-9d4e-5a497be26567
mock_c255730a_G7A_026,MOCK-C255-G7A-026,"Patrick Mutiso Wairimu","Grade 7 A",Male,"Mbita High School",c255730a-066f-496f-9d4e-5a497be26567
mock_c255730a_G7A_027,MOCK-C255-G7A-027,"Lucy Gitau Cheruiyot","Grade 7 A",Female,"Mbita High School",c255730a-066f-496f-9d4e-5a497be26567
mock_c255730a_G7A_028,MOCK-C255-G7A-028,"Mary Mbugua Odhiambo","Grade 7 A",Female,"Mbita High School",c255730a-066f-496f-9d4e-5a497be26567
mock_c255730a_G7A_029,MOCK-C255-G7A-029,"Linet Adhiambo Omondi","Grade 7 A",Female,"Mbita High School",c255730a-066f-496f-9d4e-5a497be26567
mock_c255730a_G7A_030,MOCK-C255-G7A-030,"Lucy Kiplagat Wambui","Grade 7 A",Female,"Mbita High School",c255730a-066f-496f-9d4e-5a497be26567
mock_c255730a_G7A_031,MOCK-C255-G7A-031,"Vincent Kipchoge Wambui","Grade 7 A",Male,"Mbita High School",c255730a-066f-496f-9d4e-5a497be26567
mock_c255730a_G7A_032,MOCK-C255-G7A-032,"Pauline Gitau Wafula","Grade 7 A",Female,"Mbita High School",c255730a-066f-496f-9d4e-5a497be26567
mock_c255730a_G7A_033,MOCK-C255-G7A-033,"Gideon Barasa Juma","Grade 7 A",Male,"Mbita High School",c255730a-066f-496f-9d4e-5a497be26567
mock_c255730a_G7A_034,MOCK-C255-G7A-034,"Brayan Mwangi Kipchoge","Grade 7 A",Male,"Mbita High School",c255730a-066f-496f-9d4e-5a497be26567
mock_c255730a_G7A_035,MOCK-C255-G7A-035,"Sharon Mutiso Korir","Grade 7 A",Female,"Mbita High School",c255730a-066f-496f-9d4e-5a497be26567
mock_c255730a_G7A_036,MOCK-C255-G7A-036,"Peter Onyango Gitau","Grade 7 A",Male,"Mbita High School",c255730a-066f-496f-9d4e-5a497be26567
mock_c255730a_G7A_037,MOCK-C255-G7A-037,"Faith Maina Mwangi","Grade 7 A",Female,"Mbita High School",c255730a-066f-496f-9d4e-5a497be26567
mock_c255730a_G7A_038,MOCK-C255-G7A-038,"Vincent Auma Onyango","Grade 7 A",Male,"Mbita High School",c255730a-066f-496f-9d4e-5a497be26567
mock_c255730a_G7A_039,MOCK-C255-G7A-039,"Ian Karanja Were","Grade 7 A",Male,"Mbita High School",c255730a-066f-496f-9d4e-5a497be26567
mock_c255730a_G7A_040,MOCK-C255-G7A-040,"Lucy Nyambura Njoroge","Grade 7 A",Female,"Mbita High School",c255730a-066f-496f-9d4e-5a497be26567
mock_c255730a_G7A_041,MOCK-C255-G7A-041,"Caroline Juma Owino","Grade 7 A",Female,"Mbita High School",c255730a-066f-496f-9d4e-5a497be26567
mock_c255730a_G7A_042,MOCK-C255-G7A-042,"Felix Rotich Wafula","Grade 7 A",Male,"Mbita High School",c255730a-066f-496f-9d4e-5a497be26567
mock_c255730a_G7A_043,MOCK-C255-G7A-043,"Stephen Ochieng Mutua","Grade 7 A",Male,"Mbita High School",c255730a-066f-496f-9d4e-5a497be26567
mock_c255730a_G7A_044,MOCK-C255-G7A-044,"Grace Njoroge Gitau","Grade 7 A",Female,"Mbita High School",c255730a-066f-496f-9d4e-5a497be26567
mock_c255730a_G7A_045,MOCK-C255-G7A-045,"Esther Nyambura Akinyi","Grade 7 A",Female,"Mbita High School",c255730a-066f-496f-9d4e-5a497be26567
mock_c255730a_G7A_046,MOCK-C255-G7A-046,"Janet Kipchoge Wambui","Grade 7 A",Female,"Mbita High School",c255730a-066f-496f-9d4e-5a497be26567
mock_c255730a_G7A_047,MOCK-C255-G7A-047,"Daniel Akinyi Odhiambo","Grade 7 A",Male,"Mbita High School",c255730a-066f-496f-9d4e-5a497be26567
mock_c255730a_G7A_048,MOCK-C255-G7A-048,"Mercy Wafula Wanjiru","Grade 7 A",Female,"Mbita High School",c255730a-066f-496f-9d4e-5a497be26567
mock_c255730a_G7A_049,MOCK-C255-G7A-049,"Mitchelle Were Mwangi","Grade 7 A",Female,"Mbita High School",c255730a-066f-496f-9d4e-5a497be26567
mock_c255730a_G7A_050,MOCK-C255-G7A-050,"Anthony Kiplagat Chebet","Grade 7 A",Male,"Mbita High School",c255730a-066f-496f-9d4e-5a497be26567
mock_c255730a_G7A_051,MOCK-C255-G7A-051,"Eunice Maina Owino","Grade 7 A",Female,"Mbita High School",c255730a-066f-496f-9d4e-5a497be26567
mock_c255730a_G7A_052,MOCK-C255-G7A-052,"Winnie Gitau Otieno","Grade 7 A",Female,"Mbita High School",c255730a-066f-496f-9d4e-5a497be26567
mock_c255730a_G7A_053,MOCK-C255-G7A-053,"Elvis Maina Auma","Grade 7 A",Male,"Mbita High School",c255730a-066f-496f-9d4e-5a497be26567
mock_c255730a_G7A_054,MOCK-C255-G7A-054,"Brian Owino Atieno","Grade 7 A",Male,"Mbita High School",c255730a-066f-496f-9d4e-5a497be26567
mock_c255730a_G7A_055,MOCK-C255-G7A-055,"Grace Nyokabi Mbugua","Grade 7 A",Female,"Mbita High School",c255730a-066f-496f-9d4e-5a497be26567
mock_c255730a_G7A_056,MOCK-C255-G7A-056,"Mitchelle Kariuki Adhiambo","Grade 7 A",Female,"Mbita High School",c255730a-066f-496f-9d4e-5a497be26567
mock_c255730a_G7A_057,MOCK-C255-G7A-057,"Duncan Mbugua Rotich","Grade 7 A",Male,"Mbita High School",c255730a-066f-496f-9d4e-5a497be26567
mock_c255730a_G7A_058,MOCK-C255-G7A-058,"Emmanuel Atieno Mbugua","Grade 7 A",Male,"Mbita High School",c255730a-066f-496f-9d4e-5a497be26567
mock_c255730a_G7A_059,MOCK-C255-G7A-059,"Beatrice Ochieng Wairimu","Grade 7 A",Female,"Mbita High School",c255730a-066f-496f-9d4e-5a497be26567
mock_c255730a_G7A_060,MOCK-C255-G7A-060,"Duncan Kamau Mbugua","Grade 7 A",Male,"Mbita High School",c255730a-066f-496f-9d4e-5a497be26567
mock_c255730a_G7B_001,MOCK-C255-G7B-001,"Stella Kiplagat Kipchoge","Grade 7 B",Female,"Mbita High School",c255730a-066f-496f-9d4e-5a497be26567
mock_c255730a_G7B_002,MOCK-C255-G7B-002,"Janet Akinyi Chepkemoi","Grade 7 B",Female,"Mbita High School",c255730a-066f-496f-9d4e-5a497be26567
mock_c255730a_G7B_003,MOCK-C255-G7B-003,"Grace Omondi Wafula","Grade 7 B",Female,"Mbita High School",c255730a-066f-496f-9d4e-5a497be26567
mock_c255730a_G7B_004,MOCK-C255-G7B-004,"Caroline Nyambura Njeri","Grade 7 B",Female,"Mbita High School",c255730a-066f-496f-9d4e-5a497be26567
mock_c255730a_G7B_005,MOCK-C255-G7B-005,"Linet Adhiambo Njoroge","Grade 7 B",Female,"Mbita High School",c255730a-066f-496f-9d4e-5a497be26567
mock_c255730a_G7B_006,MOCK-C255-G7B-006,"Nancy Karanja Wambui","Grade 7 B",Female,"Mbita High School",c255730a-066f-496f-9d4e-5a497be26567
mock_c255730a_G7B_007,MOCK-C255-G7B-007,"Peter Mutua Mbugua","Grade 7 B",Male,"Mbita High School",c255730a-066f-496f-9d4e-5a497be26567
mock_c255730a_G7B_008,MOCK-C255-G7B-008,"Duncan Mutua Juma","Grade 7 B",Male,"Mbita High School",c255730a-066f-496f-9d4e-5a497be26567
mock_c255730a_G7B_009,MOCK-C255-G7B-009,"Pauline Chebet Gitau","Grade 7 B",Female,"Mbita High School",c255730a-066f-496f-9d4e-5a497be26567
mock_c255730a_G7B_010,MOCK-C255-G7B-010,"Grace Barasa Rotich","Grade 7 B",Female,"Mbita High School",c255730a-066f-496f-9d4e-5a497be26567
mock_c255730a_G7B_011,MOCK-C255-G7B-011,"Martin Onyango Cheruiyot","Grade 7 B",Male,"Mbita High School",c255730a-066f-496f-9d4e-5a497be26567
mock_c255730a_G7B_012,MOCK-C255-G7B-012,"Felix Wairimu Kipchoge","Grade 7 B",Male,"Mbita High School",c255730a-066f-496f-9d4e-5a497be26567
mock_c255730a_G7B_013,MOCK-C255-G7B-013,"Elvis Gitau Wairimu","Grade 7 B",Male,"Mbita High School",c255730a-066f-496f-9d4e-5a497be26567
mock_c255730a_G7B_014,MOCK-C255-G7B-014,"Janet Kipchoge Chebet","Grade 7 B",Female,"Mbita High School",c255730a-066f-496f-9d4e-5a497be26567
mock_c255730a_G7B_015,MOCK-C255-G7B-015,"Sylvia Mwangi Maina","Grade 7 B",Female,"Mbita High School",c255730a-066f-496f-9d4e-5a497be26567
mock_c255730a_G7B_016,MOCK-C255-G7B-016,"Kevin Mwangi Wambui","Grade 7 B",Male,"Mbita High School",c255730a-066f-496f-9d4e-5a497be26567
mock_c255730a_G7B_017,MOCK-C255-G7B-017,"Samuel Adhiambo Mbugua","Grade 7 B",Male,"Mbita High School",c255730a-066f-496f-9d4e-5a497be26567
mock_c255730a_G7B_018,MOCK-C255-G7B-018,"Duncan Auma Nyambura","Grade 7 B",Male,"Mbita High School",c255730a-066f-496f-9d4e-5a497be26567
mock_c255730a_G7B_019,MOCK-C255-G7B-019,"Vincent Njeri Kariuki","Grade 7 B",Male,"Mbita High School",c255730a-066f-496f-9d4e-5a497be26567
mock_c255730a_G7B_020,MOCK-C255-G7B-020,"Beatrice Njoroge Wafula","Grade 7 B",Female,"Mbita High School",c255730a-066f-496f-9d4e-5a497be26567
mock_c255730a_G7B_021,MOCK-C255-G7B-021,"George Chebet Rotich","Grade 7 B",Male,"Mbita High School",c255730a-066f-496f-9d4e-5a497be26567
mock_c255730a_G7B_022,MOCK-C255-G7B-022,"Stephen Korir Rotich","Grade 7 B",Male,"Mbita High School",c255730a-066f-496f-9d4e-5a497be26567
mock_c255730a_G7B_023,MOCK-C255-G7B-023,"Allan Chepkemoi Otieno","Grade 7 B",Male,"Mbita High School",c255730a-066f-496f-9d4e-5a497be26567
mock_c255730a_G7B_024,MOCK-C255-G7B-024,"Vincent Karanja Mbugua","Grade 7 B",Male,"Mbita High School",c255730a-066f-496f-9d4e-5a497be26567
mock_c255730a_G7B_025,MOCK-C255-G7B-025,"Diana Odhiambo Simiyu","Grade 7 B",Female,"Mbita High School",c255730a-066f-496f-9d4e-5a497be26567
mock_c255730a_G7B_026,MOCK-C255-G7B-026,"Anthony Wambui Maina","Grade 7 B",Male,"Mbita High School",c255730a-066f-496f-9d4e-5a497be26567
mock_c255730a_G7B_027,MOCK-C255-G7B-027,"Victor Nyokabi Mutua","Grade 7 B",Male,"Mbita High School",c255730a-066f-496f-9d4e-5a497be26567
mock_c255730a_G7B_028,MOCK-C255-G7B-028,"Ian Wairimu Wanjiru","Grade 7 B",Male,"Mbita High School",c255730a-066f-496f-9d4e-5a497be26567
mock_c255730a_G7B_029,MOCK-C255-G7B-029,"Michael Chepkemoi Mwangi","Grade 7 B",Male,"Mbita High School",c255730a-066f-496f-9d4e-5a497be26567
mock_c255730a_G7B_030,MOCK-C255-G7B-030,"Dennis Wairimu Omondi","Grade 7 B",Male,"Mbita High School",c255730a-066f-496f-9d4e-5a497be26567
mock_c255730a_G7B_031,MOCK-C255-G7B-031,"Mercy Mbugua Wanjiru","Grade 7 B",Female,"Mbita High School",c255730a-066f-496f-9d4e-5a497be26567
mock_c255730a_G7B_032,MOCK-C255-G7B-032,"Mitchelle Kiplagat Ochieng","Grade 7 B",Female,"Mbita High School",c255730a-066f-496f-9d4e-5a497be26567
mock_c255730a_G7B_033,MOCK-C255-G7B-033,"Ian Njeri Mutua","Grade 7 B",Male,"Mbita High School",c255730a-066f-496f-9d4e-5a497be26567
mock_c255730a_G7B_034,MOCK-C255-G7B-034,"Peter Korir Odhiambo","Grade 7 B",Male,"Mbita High School",c255730a-066f-496f-9d4e-5a497be26567
mock_c255730a_G7B_035,MOCK-C255-G7B-035,"Kevin Achieng Juma","Grade 7 B",Male,"Mbita High School",c255730a-066f-496f-9d4e-5a497be26567
mock_c255730a_G7B_036,MOCK-C255-G7B-036,"Elvis Korir Were","Grade 7 B",Male,"Mbita High School",c255730a-066f-496f-9d4e-5a497be26567
mock_c255730a_G7B_037,MOCK-C255-G7B-037,"Beatrice Odhiambo Wairimu","Grade 7 B",Female,"Mbita High School",c255730a-066f-496f-9d4e-5a497be26567
mock_c255730a_G7B_038,MOCK-C255-G7B-038,"Maureen Chepkemoi Ochieng","Grade 7 B",Female,"Mbita High School",c255730a-066f-496f-9d4e-5a497be26567
mock_c255730a_G7B_039,MOCK-C255-G7B-039,"Stella Odhiambo Juma","Grade 7 B",Female,"Mbita High School",c255730a-066f-496f-9d4e-5a497be26567
mock_c255730a_G7B_040,MOCK-C255-G7B-040,"Brian Simiyu Juma","Grade 7 B",Male,"Mbita High School",c255730a-066f-496f-9d4e-5a497be26567
mock_c255730a_G7B_041,MOCK-C255-G7B-041,"Charles Chepkemoi Were","Grade 7 B",Male,"Mbita High School",c255730a-066f-496f-9d4e-5a497be26567
mock_c255730a_G7B_042,MOCK-C255-G7B-042,"Janet Wairimu Onyango","Grade 7 B",Female,"Mbita High School",c255730a-066f-496f-9d4e-5a497be26567
mock_c255730a_G7B_043,MOCK-C255-G7B-043,"Samuel Nyambura Rotich","Grade 7 B",Male,"Mbita High School",c255730a-066f-496f-9d4e-5a497be26567
mock_c255730a_G7B_044,MOCK-C255-G7B-044,"Christine Atieno Kibet","Grade 7 B",Female,"Mbita High School",c255730a-066f-496f-9d4e-5a497be26567
mock_c255730a_G7B_045,MOCK-C255-G7B-045,"Peter Mutua Karanja","Grade 7 B",Male,"Mbita High School",c255730a-066f-496f-9d4e-5a497be26567
mock_c255730a_G7B_046,MOCK-C255-G7B-046,"Caroline Mutiso Kamau","Grade 7 B",Female,"Mbita High School",c255730a-066f-496f-9d4e-5a497be26567
mock_c255730a_G7B_047,MOCK-C255-G7B-047,"Kevin Ochieng Ochieng","Grade 7 B",Male,"Mbita High School",c255730a-066f-496f-9d4e-5a497be26567
mock_c255730a_G7B_048,MOCK-C255-G7B-048,"Felix Wanjiru Wairimu","Grade 7 B",Male,"Mbita High School",c255730a-066f-496f-9d4e-5a497be26567
mock_c255730a_G7B_049,MOCK-C255-G7B-049,"Christine Atieno Kariuki","Grade 7 B",Female,"Mbita High School",c255730a-066f-496f-9d4e-5a497be26567
mock_c255730a_G7B_050,MOCK-C255-G7B-050,"Purity Ochieng Barasa","Grade 7 B",Female,"Mbita High School",c255730a-066f-496f-9d4e-5a497be26567
mock_c255730a_G7B_051,MOCK-C255-G7B-051,"Michael Gitau Mutiso","Grade 7 B",Male,"Mbita High School",c255730a-066f-496f-9d4e-5a497be26567
mock_c255730a_G7B_052,MOCK-C255-G7B-052,"Mercy Were Barasa","Grade 7 B",Female,"Mbita High School",c255730a-066f-496f-9d4e-5a497be26567
mock_c255730a_G7B_053,MOCK-C255-G7B-053,"Vincent Chepkemoi Kariuki","Grade 7 B",Male,"Mbita High School",c255730a-066f-496f-9d4e-5a497be26567
mock_c255730a_G7B_054,MOCK-C255-G7B-054,"Samuel Auma Mutiso","Grade 7 B",Male,"Mbita High School",c255730a-066f-496f-9d4e-5a497be26567
mock_c255730a_G7B_055,MOCK-C255-G7B-055,"Gideon Wanjiru Gitau","Grade 7 B",Male,"Mbita High School",c255730a-066f-496f-9d4e-5a497be26567
mock_c255730a_G7B_056,MOCK-C255-G7B-056,"Sylvia Maina Simiyu","Grade 7 B",Female,"Mbita High School",c255730a-066f-496f-9d4e-5a497be26567
mock_c255730a_G7B_057,MOCK-C255-G7B-057,"Collins Mutiso Auma","Grade 7 B",Male,"Mbita High School",c255730a-066f-496f-9d4e-5a497be26567
mock_c255730a_G7B_058,MOCK-C255-G7B-058,"Daniel Omondi Njoroge","Grade 7 B",Male,"Mbita High School",c255730a-066f-496f-9d4e-5a497be26567
mock_c255730a_G7B_059,MOCK-C255-G7B-059,"Esther Omondi Wafula","Grade 7 B",Female,"Mbita High School",c255730a-066f-496f-9d4e-5a497be26567
mock_c255730a_G7B_060,MOCK-C255-G7B-060,"Gideon Kibet Achieng","Grade 7 B",Male,"Mbita High School",c255730a-066f-496f-9d4e-5a497be26567
mock_c255730a_G8A_001,MOCK-C255-G8A-001,"Emmanuel Mbugua Kipchoge","Grade 8 A",Male,"Mbita High School",c255730a-066f-496f-9d4e-5a497be26567
mock_c255730a_G8A_002,MOCK-C255-G8A-002,"Ann Njeri Adhiambo","Grade 8 A",Female,"Mbita High School",c255730a-066f-496f-9d4e-5a497be26567
mock_c255730a_G8A_003,MOCK-C255-G8A-003,"Eunice Wanjiru Nyokabi","Grade 8 A",Female,"Mbita High School",c255730a-066f-496f-9d4e-5a497be26567
mock_c255730a_G8A_004,MOCK-C255-G8A-004,"George Cheruiyot Maina","Grade 8 A",Male,"Mbita High School",c255730a-066f-496f-9d4e-5a497be26567
mock_c255730a_G8A_005,MOCK-C255-G8A-005,"Brenda Adhiambo Achieng","Grade 8 A",Female,"Mbita High School",c255730a-066f-496f-9d4e-5a497be26567
mock_c255730a_G8A_006,MOCK-C255-G8A-006,"Faith Mutua Chepkemoi","Grade 8 A",Female,"Mbita High School",c255730a-066f-496f-9d4e-5a497be26567
mock_c255730a_G8A_007,MOCK-C255-G8A-007,"Ann Mutua Nyambura","Grade 8 A",Female,"Mbita High School",c255730a-066f-496f-9d4e-5a497be26567
mock_c255730a_G8A_008,MOCK-C255-G8A-008,"Duncan Kariuki Akinyi","Grade 8 A",Male,"Mbita High School",c255730a-066f-496f-9d4e-5a497be26567
mock_c255730a_G8A_009,MOCK-C255-G8A-009,"Eric Were Kamau","Grade 8 A",Male,"Mbita High School",c255730a-066f-496f-9d4e-5a497be26567
mock_c255730a_G8A_010,MOCK-C255-G8A-010,"Ann Were Otieno","Grade 8 A",Female,"Mbita High School",c255730a-066f-496f-9d4e-5a497be26567
mock_c255730a_G8A_011,MOCK-C255-G8A-011,"Nancy Were Mutua","Grade 8 A",Female,"Mbita High School",c255730a-066f-496f-9d4e-5a497be26567
mock_c255730a_G8A_012,MOCK-C255-G8A-012,"Daniel Cheruiyot Juma","Grade 8 A",Male,"Mbita High School",c255730a-066f-496f-9d4e-5a497be26567
mock_c255730a_G8A_013,MOCK-C255-G8A-013,"Nicholas Barasa Owino","Grade 8 A",Male,"Mbita High School",c255730a-066f-496f-9d4e-5a497be26567
mock_c255730a_G8A_014,MOCK-C255-G8A-014,"Faith Wairimu Onyango","Grade 8 A",Female,"Mbita High School",c255730a-066f-496f-9d4e-5a497be26567
mock_c255730a_G8A_015,MOCK-C255-G8A-015,"Ian Owino Mutua","Grade 8 A",Male,"Mbita High School",c255730a-066f-496f-9d4e-5a497be26567
mock_c255730a_G8A_016,MOCK-C255-G8A-016,"Maureen Kiplagat Mwangi","Grade 8 A",Female,"Mbita High School",c255730a-066f-496f-9d4e-5a497be26567
mock_c255730a_G8A_017,MOCK-C255-G8A-017,"Elvis Wairimu Omondi","Grade 8 A",Male,"Mbita High School",c255730a-066f-496f-9d4e-5a497be26567
mock_c255730a_G8A_018,MOCK-C255-G8A-018,"Joy Rotich Kariuki","Grade 8 A",Female,"Mbita High School",c255730a-066f-496f-9d4e-5a497be26567
mock_c255730a_G8A_019,MOCK-C255-G8A-019,"Purity Wairimu Wanjiru","Grade 8 A",Female,"Mbita High School",c255730a-066f-496f-9d4e-5a497be26567
mock_c255730a_G8A_020,MOCK-C255-G8A-020,"Felix Rotich Nyokabi","Grade 8 A",Male,"Mbita High School",c255730a-066f-496f-9d4e-5a497be26567
mock_c255730a_G8A_021,MOCK-C255-G8A-021,"Kelvin Wairimu Chebet","Grade 8 A",Male,"Mbita High School",c255730a-066f-496f-9d4e-5a497be26567
mock_c255730a_G8A_022,MOCK-C255-G8A-022,"Kelvin Wanjiru Wanjiru","Grade 8 A",Male,"Mbita High School",c255730a-066f-496f-9d4e-5a497be26567
mock_c255730a_G8A_023,MOCK-C255-G8A-023,"Nancy Njeri Nyokabi","Grade 8 A",Female,"Mbita High School",c255730a-066f-496f-9d4e-5a497be26567
mock_c255730a_G8A_024,MOCK-C255-G8A-024,"Allan Nyokabi Karanja","Grade 8 A",Male,"Mbita High School",c255730a-066f-496f-9d4e-5a497be26567
mock_c255730a_G8A_025,MOCK-C255-G8A-025,"Daniel Auma Kariuki","Grade 8 A",Male,"Mbita High School",c255730a-066f-496f-9d4e-5a497be26567
mock_c255730a_G8A_026,MOCK-C255-G8A-026,"Collins Adhiambo Karanja","Grade 8 A",Male,"Mbita High School",c255730a-066f-496f-9d4e-5a497be26567
mock_c255730a_G8A_027,MOCK-C255-G8A-027,"Diana Otieno Chebet","Grade 8 A",Female,"Mbita High School",c255730a-066f-496f-9d4e-5a497be26567
mock_c255730a_G8A_028,MOCK-C255-G8A-028,"Samuel Nyambura Maina","Grade 8 A",Male,"Mbita High School",c255730a-066f-496f-9d4e-5a497be26567
mock_c255730a_G8A_029,MOCK-C255-G8A-029,"Cynthia Wafula Odhiambo","Grade 8 A",Female,"Mbita High School",c255730a-066f-496f-9d4e-5a497be26567
mock_c255730a_G8A_030,MOCK-C255-G8A-030,"Sylvia Kibet Achieng","Grade 8 A",Female,"Mbita High School",c255730a-066f-496f-9d4e-5a497be26567
mock_c255730a_G8A_031,MOCK-C255-G8A-031,"Brenda Cheruiyot Maina","Grade 8 A",Female,"Mbita High School",c255730a-066f-496f-9d4e-5a497be26567
mock_c255730a_G8A_032,MOCK-C255-G8A-032,"Fredrick Mutua Auma","Grade 8 A",Male,"Mbita High School",c255730a-066f-496f-9d4e-5a497be26567
mock_c255730a_G8A_033,MOCK-C255-G8A-033,"Daniel Njoroge Cheruiyot","Grade 8 A",Male,"Mbita High School",c255730a-066f-496f-9d4e-5a497be26567
mock_c255730a_G8A_034,MOCK-C255-G8A-034,"Emmanuel Were Kipchoge","Grade 8 A",Male,"Mbita High School",c255730a-066f-496f-9d4e-5a497be26567
mock_c255730a_G8A_035,MOCK-C255-G8A-035,"Dennis Atieno Juma","Grade 8 A",Male,"Mbita High School",c255730a-066f-496f-9d4e-5a497be26567
mock_c255730a_G8A_036,MOCK-C255-G8A-036,"Elvis Wafula Otieno","Grade 8 A",Male,"Mbita High School",c255730a-066f-496f-9d4e-5a497be26567
mock_c255730a_G8A_037,MOCK-C255-G8A-037,"Fredrick Wafula Nyokabi","Grade 8 A",Male,"Mbita High School",c255730a-066f-496f-9d4e-5a497be26567
mock_c255730a_G8A_038,MOCK-C255-G8A-038,"Caroline Atieno Cheruiyot","Grade 8 A",Female,"Mbita High School",c255730a-066f-496f-9d4e-5a497be26567
mock_c255730a_G8A_039,MOCK-C255-G8A-039,"Brenda Korir Njoroge","Grade 8 A",Female,"Mbita High School",c255730a-066f-496f-9d4e-5a497be26567
mock_c255730a_G8A_040,MOCK-C255-G8A-040,"Martin Gitau Wafula","Grade 8 A",Male,"Mbita High School",c255730a-066f-496f-9d4e-5a497be26567
mock_c255730a_G8A_041,MOCK-C255-G8A-041,"Sylvia Maina Odhiambo","Grade 8 A",Female,"Mbita High School",c255730a-066f-496f-9d4e-5a497be26567
mock_c255730a_G8A_042,MOCK-C255-G8A-042,"Linet Kariuki Omondi","Grade 8 A",Female,"Mbita High School",c255730a-066f-496f-9d4e-5a497be26567
mock_c255730a_G8A_043,MOCK-C255-G8A-043,"Joseph Maina Wanjiru","Grade 8 A",Male,"Mbita High School",c255730a-066f-496f-9d4e-5a497be26567
mock_c255730a_G8A_044,MOCK-C255-G8A-044,"Doreen Kibet Njoroge","Grade 8 A",Female,"Mbita High School",c255730a-066f-496f-9d4e-5a497be26567
mock_c255730a_G8A_045,MOCK-C255-G8A-045,"Janet Kibet Korir","Grade 8 A",Female,"Mbita High School",c255730a-066f-496f-9d4e-5a497be26567
mock_c255730a_G8A_046,MOCK-C255-G8A-046,"Daniel Gitau Nyokabi","Grade 8 A",Male,"Mbita High School",c255730a-066f-496f-9d4e-5a497be26567
mock_c255730a_G8A_047,MOCK-C255-G8A-047,"Linet Wambui Otieno","Grade 8 A",Female,"Mbita High School",c255730a-066f-496f-9d4e-5a497be26567
mock_c255730a_G8A_048,MOCK-C255-G8A-048,"Eric Gitau Wairimu","Grade 8 A",Male,"Mbita High School",c255730a-066f-496f-9d4e-5a497be26567
mock_c255730a_G8A_049,MOCK-C255-G8A-049,"Caroline Odhiambo Omondi","Grade 8 A",Female,"Mbita High School",c255730a-066f-496f-9d4e-5a497be26567
mock_c255730a_G8A_050,MOCK-C255-G8A-050,"Faith Achieng Otieno","Grade 8 A",Female,"Mbita High School",c255730a-066f-496f-9d4e-5a497be26567
mock_c255730a_G8A_051,MOCK-C255-G8A-051,"Maureen Mutiso Auma","Grade 8 A",Female,"Mbita High School",c255730a-066f-496f-9d4e-5a497be26567
mock_c255730a_G8A_052,MOCK-C255-G8A-052,"Eric Wairimu Njoroge","Grade 8 A",Male,"Mbita High School",c255730a-066f-496f-9d4e-5a497be26567
mock_c255730a_G8A_053,MOCK-C255-G8A-053,"Mitchelle Njoroge Atieno","Grade 8 A",Female,"Mbita High School",c255730a-066f-496f-9d4e-5a497be26567
mock_c255730a_G8A_054,MOCK-C255-G8A-054,"Brian Rotich Were","Grade 8 A",Male,"Mbita High School",c255730a-066f-496f-9d4e-5a497be26567
mock_c255730a_G8A_055,MOCK-C255-G8A-055,"Pauline Onyango Karanja","Grade 8 A",Female,"Mbita High School",c255730a-066f-496f-9d4e-5a497be26567
mock_c255730a_G8A_056,MOCK-C255-G8A-056,"Collins Mutiso Wanjiru","Grade 8 A",Male,"Mbita High School",c255730a-066f-496f-9d4e-5a497be26567
mock_c255730a_G8A_057,MOCK-C255-G8A-057,"Stella Nyambura Owino","Grade 8 A",Female,"Mbita High School",c255730a-066f-496f-9d4e-5a497be26567
mock_c255730a_G8A_058,MOCK-C255-G8A-058,"Ann Onyango Kariuki","Grade 8 A",Female,"Mbita High School",c255730a-066f-496f-9d4e-5a497be26567
mock_c255730a_G8A_059,MOCK-C255-G8A-059,"Victor Adhiambo Mutua","Grade 8 A",Male,"Mbita High School",c255730a-066f-496f-9d4e-5a497be26567
mock_c255730a_G8A_060,MOCK-C255-G8A-060,"Anthony Kibet Otieno","Grade 8 A",Male,"Mbita High School",c255730a-066f-496f-9d4e-5a497be26567
mock_c255730a_G8B_001,MOCK-C255-G8B-001,"Ian Nyokabi Auma","Grade 8 B",Male,"Mbita High School",c255730a-066f-496f-9d4e-5a497be26567
mock_c255730a_G8B_002,MOCK-C255-G8B-002,"Gideon Kibet Odhiambo","Grade 8 B",Male,"Mbita High School",c255730a-066f-496f-9d4e-5a497be26567
mock_c255730a_G8B_003,MOCK-C255-G8B-003,"Duncan Barasa Mutua","Grade 8 B",Male,"Mbita High School",c255730a-066f-496f-9d4e-5a497be26567
mock_c255730a_G8B_004,MOCK-C255-G8B-004,"Vincent Owino Mbugua","Grade 8 B",Male,"Mbita High School",c255730a-066f-496f-9d4e-5a497be26567
mock_c255730a_G8B_005,MOCK-C255-G8B-005,"Doreen Atieno Kipchoge","Grade 8 B",Female,"Mbita High School",c255730a-066f-496f-9d4e-5a497be26567
mock_c255730a_G8B_006,MOCK-C255-G8B-006,"Allan Njoroge Were","Grade 8 B",Male,"Mbita High School",c255730a-066f-496f-9d4e-5a497be26567
mock_c255730a_G8B_007,MOCK-C255-G8B-007,"Stephen Adhiambo Odhiambo","Grade 8 B",Male,"Mbita High School",c255730a-066f-496f-9d4e-5a497be26567
mock_c255730a_G8B_008,MOCK-C255-G8B-008,"Joseph Omondi Korir","Grade 8 B",Male,"Mbita High School",c255730a-066f-496f-9d4e-5a497be26567
mock_c255730a_G8B_009,MOCK-C255-G8B-009,"Gideon Njeri Kamau","Grade 8 B",Male,"Mbita High School",c255730a-066f-496f-9d4e-5a497be26567
mock_c255730a_G8B_010,MOCK-C255-G8B-010,"Brian Wanjiru Simiyu","Grade 8 B",Male,"Mbita High School",c255730a-066f-496f-9d4e-5a497be26567
mock_c255730a_G8B_011,MOCK-C255-G8B-011,"Doreen Gitau Chepkemoi","Grade 8 B",Female,"Mbita High School",c255730a-066f-496f-9d4e-5a497be26567
mock_c255730a_G8B_012,MOCK-C255-G8B-012,"Valentine Kiplagat Odhiambo","Grade 8 B",Female,"Mbita High School",c255730a-066f-496f-9d4e-5a497be26567
mock_c255730a_G8B_013,MOCK-C255-G8B-013,"Duncan Nyambura Nyambura","Grade 8 B",Male,"Mbita High School",c255730a-066f-496f-9d4e-5a497be26567
mock_c255730a_G8B_014,MOCK-C255-G8B-014,"Sharon Barasa Nyambura","Grade 8 B",Female,"Mbita High School",c255730a-066f-496f-9d4e-5a497be26567
mock_c255730a_G8B_015,MOCK-C255-G8B-015,"Felix Ochieng Gitau","Grade 8 B",Male,"Mbita High School",c255730a-066f-496f-9d4e-5a497be26567
mock_c255730a_G8B_016,MOCK-C255-G8B-016,"Linet Chepkemoi Adhiambo","Grade 8 B",Female,"Mbita High School",c255730a-066f-496f-9d4e-5a497be26567
mock_c255730a_G8B_017,MOCK-C255-G8B-017,"Emmanuel Gitau Wanjiru","Grade 8 B",Male,"Mbita High School",c255730a-066f-496f-9d4e-5a497be26567
mock_c255730a_G8B_018,MOCK-C255-G8B-018,"Allan Nyokabi Mutiso","Grade 8 B",Male,"Mbita High School",c255730a-066f-496f-9d4e-5a497be26567
mock_c255730a_G8B_019,MOCK-C255-G8B-019,"Rose Odhiambo Juma","Grade 8 B",Female,"Mbita High School",c255730a-066f-496f-9d4e-5a497be26567
mock_c255730a_G8B_020,MOCK-C255-G8B-020,"Peter Simiyu Barasa","Grade 8 B",Male,"Mbita High School",c255730a-066f-496f-9d4e-5a497be26567
mock_c255730a_G8B_021,MOCK-C255-G8B-021,"Dennis Karanja Otieno","Grade 8 B",Male,"Mbita High School",c255730a-066f-496f-9d4e-5a497be26567
mock_c255730a_G8B_022,MOCK-C255-G8B-022,"Duncan Chepkemoi Njeri","Grade 8 B",Male,"Mbita High School",c255730a-066f-496f-9d4e-5a497be26567
mock_c255730a_G8B_023,MOCK-C255-G8B-023,"Brian Chebet Korir","Grade 8 B",Male,"Mbita High School",c255730a-066f-496f-9d4e-5a497be26567
mock_c255730a_G8B_024,MOCK-C255-G8B-024,"Rose Mutua Wafula","Grade 8 B",Female,"Mbita High School",c255730a-066f-496f-9d4e-5a497be26567
mock_c255730a_G8B_025,MOCK-C255-G8B-025,"Pauline Adhiambo Achieng","Grade 8 B",Female,"Mbita High School",c255730a-066f-496f-9d4e-5a497be26567
mock_c255730a_G8B_026,MOCK-C255-G8B-026,"Caroline Juma Adhiambo","Grade 8 B",Female,"Mbita High School",c255730a-066f-496f-9d4e-5a497be26567
mock_c255730a_G8B_027,MOCK-C255-G8B-027,"Elvis Adhiambo Kariuki","Grade 8 B",Male,"Mbita High School",c255730a-066f-496f-9d4e-5a497be26567
mock_c255730a_G8B_028,MOCK-C255-G8B-028,"Cornelius Wairimu Mutua","Grade 8 B",Male,"Mbita High School",c255730a-066f-496f-9d4e-5a497be26567
mock_c255730a_G8B_029,MOCK-C255-G8B-029,"Lydia Omondi Mutiso","Grade 8 B",Female,"Mbita High School",c255730a-066f-496f-9d4e-5a497be26567
mock_c255730a_G8B_030,MOCK-C255-G8B-030,"Janet Wairimu Wanjiru","Grade 8 B",Female,"Mbita High School",c255730a-066f-496f-9d4e-5a497be26567
mock_c255730a_G8B_031,MOCK-C255-G8B-031,"Dennis Gitau Chepkemoi","Grade 8 B",Male,"Mbita High School",c255730a-066f-496f-9d4e-5a497be26567
mock_c255730a_G8B_032,MOCK-C255-G8B-032,"Esther Nyokabi Barasa","Grade 8 B",Female,"Mbita High School",c255730a-066f-496f-9d4e-5a497be26567
mock_c255730a_G8B_033,MOCK-C255-G8B-033,"Grace Rotich Auma","Grade 8 B",Female,"Mbita High School",c255730a-066f-496f-9d4e-5a497be26567
mock_c255730a_G8B_034,MOCK-C255-G8B-034,"Felix Korir Maina","Grade 8 B",Male,"Mbita High School",c255730a-066f-496f-9d4e-5a497be26567
mock_c255730a_G8B_035,MOCK-C255-G8B-035,"Allan Mutiso Akinyi","Grade 8 B",Male,"Mbita High School",c255730a-066f-496f-9d4e-5a497be26567
mock_c255730a_G8B_036,MOCK-C255-G8B-036,"Charles Wambui Nyambura","Grade 8 B",Male,"Mbita High School",c255730a-066f-496f-9d4e-5a497be26567
mock_c255730a_G8B_037,MOCK-C255-G8B-037,"Faith Omondi Korir","Grade 8 B",Female,"Mbita High School",c255730a-066f-496f-9d4e-5a497be26567
mock_c255730a_G8B_038,MOCK-C255-G8B-038,"Felix Omondi Barasa","Grade 8 B",Male,"Mbita High School",c255730a-066f-496f-9d4e-5a497be26567
mock_c255730a_G8B_039,MOCK-C255-G8B-039,"Nancy Rotich Wambui","Grade 8 B",Female,"Mbita High School",c255730a-066f-496f-9d4e-5a497be26567
mock_c255730a_G8B_040,MOCK-C255-G8B-040,"Michael Onyango Chepkemoi","Grade 8 B",Male,"Mbita High School",c255730a-066f-496f-9d4e-5a497be26567
mock_c255730a_G8B_041,MOCK-C255-G8B-041,"Samuel Kipchoge Mutiso","Grade 8 B",Male,"Mbita High School",c255730a-066f-496f-9d4e-5a497be26567
mock_c255730a_G8B_042,MOCK-C255-G8B-042,"Sylvia Kibet Barasa","Grade 8 B",Female,"Mbita High School",c255730a-066f-496f-9d4e-5a497be26567
mock_c255730a_G8B_043,MOCK-C255-G8B-043,"Emmanuel Njeri Omondi","Grade 8 B",Male,"Mbita High School",c255730a-066f-496f-9d4e-5a497be26567
mock_c255730a_G8B_044,MOCK-C255-G8B-044,"Cynthia Wafula Cheruiyot","Grade 8 B",Female,"Mbita High School",c255730a-066f-496f-9d4e-5a497be26567
mock_c255730a_G8B_045,MOCK-C255-G8B-045,"Gideon Kipchoge Adhiambo","Grade 8 B",Male,"Mbita High School",c255730a-066f-496f-9d4e-5a497be26567
mock_c255730a_G8B_046,MOCK-C255-G8B-046,"Nicholas Barasa Nyokabi","Grade 8 B",Male,"Mbita High School",c255730a-066f-496f-9d4e-5a497be26567
mock_c255730a_G8B_047,MOCK-C255-G8B-047,"Brayan Achieng Barasa","Grade 8 B",Male,"Mbita High School",c255730a-066f-496f-9d4e-5a497be26567
mock_c255730a_G8B_048,MOCK-C255-G8B-048,"Eric Achieng Njoroge","Grade 8 B",Male,"Mbita High School",c255730a-066f-496f-9d4e-5a497be26567
mock_c255730a_G8B_049,MOCK-C255-G8B-049,"Nicholas Mutua Omondi","Grade 8 B",Male,"Mbita High School",c255730a-066f-496f-9d4e-5a497be26567
mock_c255730a_G8B_050,MOCK-C255-G8B-050,"Sylvia Chepkemoi Wambui","Grade 8 B",Female,"Mbita High School",c255730a-066f-496f-9d4e-5a497be26567
mock_c255730a_G8B_051,MOCK-C255-G8B-051,"Grace Wafula Otieno","Grade 8 B",Female,"Mbita High School",c255730a-066f-496f-9d4e-5a497be26567
mock_c255730a_G8B_052,MOCK-C255-G8B-052,"Kelvin Njeri Mutiso","Grade 8 B",Male,"Mbita High School",c255730a-066f-496f-9d4e-5a497be26567
mock_c255730a_G8B_053,MOCK-C255-G8B-053,"Joy Wairimu Wanjiru","Grade 8 B",Female,"Mbita High School",c255730a-066f-496f-9d4e-5a497be26567
mock_c255730a_G8B_054,MOCK-C255-G8B-054,"Beatrice Njoroge Kipchoge","Grade 8 B",Female,"Mbita High School",c255730a-066f-496f-9d4e-5a497be26567
mock_c255730a_G8B_055,MOCK-C255-G8B-055,"Christine Kipchoge Kibet","Grade 8 B",Female,"Mbita High School",c255730a-066f-496f-9d4e-5a497be26567
mock_c255730a_G8B_056,MOCK-C255-G8B-056,"Ann Maina Akinyi","Grade 8 B",Female,"Mbita High School",c255730a-066f-496f-9d4e-5a497be26567
mock_c255730a_G8B_057,MOCK-C255-G8B-057,"Daniel Mwangi Onyango","Grade 8 B",Male,"Mbita High School",c255730a-066f-496f-9d4e-5a497be26567
mock_c255730a_G8B_058,MOCK-C255-G8B-058,"Mitchelle Adhiambo Cheruiyot","Grade 8 B",Female,"Mbita High School",c255730a-066f-496f-9d4e-5a497be26567
mock_c255730a_G8B_059,MOCK-C255-G8B-059,"Dennis Mbugua Rotich","Grade 8 B",Male,"Mbita High School",c255730a-066f-496f-9d4e-5a497be26567
mock_c255730a_G8B_060,MOCK-C255-G8B-060,"Collins Achieng Owino","Grade 8 B",Male,"Mbita High School",c255730a-066f-496f-9d4e-5a497be26567
mock_c255730a_G9A_001,MOCK-C255-G9A-001,"Felix Otieno Auma","Grade 9 A",Male,"Mbita High School",c255730a-066f-496f-9d4e-5a497be26567
mock_c255730a_G9A_002,MOCK-C255-G9A-002,"Charles Kipchoge Rotich","Grade 9 A",Male,"Mbita High School",c255730a-066f-496f-9d4e-5a497be26567
mock_c255730a_G9A_003,MOCK-C255-G9A-003,"Charles Cheruiyot Mutua","Grade 9 A",Male,"Mbita High School",c255730a-066f-496f-9d4e-5a497be26567
mock_c255730a_G9A_004,MOCK-C255-G9A-004,"Doreen Gitau Karanja","Grade 9 A",Female,"Mbita High School",c255730a-066f-496f-9d4e-5a497be26567
mock_c255730a_G9A_005,MOCK-C255-G9A-005,"Doreen Atieno Odhiambo","Grade 9 A",Female,"Mbita High School",c255730a-066f-496f-9d4e-5a497be26567
mock_c255730a_G9A_006,MOCK-C255-G9A-006,"Grace Atieno Barasa","Grade 9 A",Female,"Mbita High School",c255730a-066f-496f-9d4e-5a497be26567
mock_c255730a_G9A_007,MOCK-C255-G9A-007,"Emmanuel Onyango Nyokabi","Grade 9 A",Male,"Mbita High School",c255730a-066f-496f-9d4e-5a497be26567
mock_c255730a_G9A_008,MOCK-C255-G9A-008,"Samuel Kipchoge Karanja","Grade 9 A",Male,"Mbita High School",c255730a-066f-496f-9d4e-5a497be26567
mock_c255730a_G9A_009,MOCK-C255-G9A-009,"Ian Wambui Njeri","Grade 9 A",Male,"Mbita High School",c255730a-066f-496f-9d4e-5a497be26567
mock_c255730a_G9A_010,MOCK-C255-G9A-010,"Felix Wanjiru Akinyi","Grade 9 A",Male,"Mbita High School",c255730a-066f-496f-9d4e-5a497be26567
mock_c255730a_G9A_011,MOCK-C255-G9A-011,"Victor Wafula Kipchoge","Grade 9 A",Male,"Mbita High School",c255730a-066f-496f-9d4e-5a497be26567
mock_c255730a_G9A_012,MOCK-C255-G9A-012,"Linet Mbugua Atieno","Grade 9 A",Female,"Mbita High School",c255730a-066f-496f-9d4e-5a497be26567
mock_c255730a_G9A_013,MOCK-C255-G9A-013,"Daniel Kariuki Wafula","Grade 9 A",Male,"Mbita High School",c255730a-066f-496f-9d4e-5a497be26567
mock_c255730a_G9A_014,MOCK-C255-G9A-014,"Beatrice Ochieng Akinyi","Grade 9 A",Female,"Mbita High School",c255730a-066f-496f-9d4e-5a497be26567
mock_c255730a_G9A_015,MOCK-C255-G9A-015,"Ann Otieno Gitau","Grade 9 A",Female,"Mbita High School",c255730a-066f-496f-9d4e-5a497be26567
mock_c255730a_G9A_016,MOCK-C255-G9A-016,"Diana Adhiambo Omondi","Grade 9 A",Female,"Mbita High School",c255730a-066f-496f-9d4e-5a497be26567
mock_c255730a_G9A_017,MOCK-C255-G9A-017,"Esther Gitau Njeri","Grade 9 A",Female,"Mbita High School",c255730a-066f-496f-9d4e-5a497be26567
mock_c255730a_G9A_018,MOCK-C255-G9A-018,"Charles Kipchoge Juma","Grade 9 A",Male,"Mbita High School",c255730a-066f-496f-9d4e-5a497be26567
mock_c255730a_G9A_019,MOCK-C255-G9A-019,"Janet Otieno Achieng","Grade 9 A",Female,"Mbita High School",c255730a-066f-496f-9d4e-5a497be26567
mock_c255730a_G9A_020,MOCK-C255-G9A-020,"Emmanuel Kamau Onyango","Grade 9 A",Male,"Mbita High School",c255730a-066f-496f-9d4e-5a497be26567
mock_c255730a_G9A_021,MOCK-C255-G9A-021,"Beatrice Mbugua Owino","Grade 9 A",Female,"Mbita High School",c255730a-066f-496f-9d4e-5a497be26567
mock_c255730a_G9A_022,MOCK-C255-G9A-022,"Eunice Wairimu Karanja","Grade 9 A",Female,"Mbita High School",c255730a-066f-496f-9d4e-5a497be26567
mock_c255730a_G9A_023,MOCK-C255-G9A-023,"Joy Chepkemoi Njoroge","Grade 9 A",Female,"Mbita High School",c255730a-066f-496f-9d4e-5a497be26567
mock_c255730a_G9A_024,MOCK-C255-G9A-024,"Mitchelle Gitau Omondi","Grade 9 A",Female,"Mbita High School",c255730a-066f-496f-9d4e-5a497be26567
mock_c255730a_G9A_025,MOCK-C255-G9A-025,"Caroline Nyokabi Nyokabi","Grade 9 A",Female,"Mbita High School",c255730a-066f-496f-9d4e-5a497be26567
mock_c255730a_G9A_026,MOCK-C255-G9A-026,"Doreen Gitau Owino","Grade 9 A",Female,"Mbita High School",c255730a-066f-496f-9d4e-5a497be26567
mock_c255730a_G9A_027,MOCK-C255-G9A-027,"Charles Odhiambo Chepkemoi","Grade 9 A",Male,"Mbita High School",c255730a-066f-496f-9d4e-5a497be26567
mock_c255730a_G9A_028,MOCK-C255-G9A-028,"Gideon Atieno Kamau","Grade 9 A",Male,"Mbita High School",c255730a-066f-496f-9d4e-5a497be26567
mock_c255730a_G9A_029,MOCK-C255-G9A-029,"Dennis Njeri Wairimu","Grade 9 A",Male,"Mbita High School",c255730a-066f-496f-9d4e-5a497be26567
mock_c255730a_G9A_030,MOCK-C255-G9A-030,"Kevin Simiyu Cheruiyot","Grade 9 A",Male,"Mbita High School",c255730a-066f-496f-9d4e-5a497be26567
mock_c255730a_G9A_031,MOCK-C255-G9A-031,"Kelvin Omondi Kibet","Grade 9 A",Male,"Mbita High School",c255730a-066f-496f-9d4e-5a497be26567
mock_c255730a_G9A_032,MOCK-C255-G9A-032,"Fredrick Maina Omondi","Grade 9 A",Male,"Mbita High School",c255730a-066f-496f-9d4e-5a497be26567
mock_c255730a_G9A_033,MOCK-C255-G9A-033,"Christine Chebet Wairimu","Grade 9 A",Female,"Mbita High School",c255730a-066f-496f-9d4e-5a497be26567
mock_c255730a_G9A_034,MOCK-C255-G9A-034,"Eunice Otieno Nyambura","Grade 9 A",Female,"Mbita High School",c255730a-066f-496f-9d4e-5a497be26567
mock_c255730a_G9A_035,MOCK-C255-G9A-035,"Felix Wanjiru Mutiso","Grade 9 A",Male,"Mbita High School",c255730a-066f-496f-9d4e-5a497be26567
mock_c255730a_G9A_036,MOCK-C255-G9A-036,"Nancy Atieno Were","Grade 9 A",Female,"Mbita High School",c255730a-066f-496f-9d4e-5a497be26567
mock_c255730a_G9A_037,MOCK-C255-G9A-037,"Mitchelle Mbugua Wafula","Grade 9 A",Female,"Mbita High School",c255730a-066f-496f-9d4e-5a497be26567
mock_c255730a_G9A_038,MOCK-C255-G9A-038,"Mitchelle Nyambura Chepkemoi","Grade 9 A",Female,"Mbita High School",c255730a-066f-496f-9d4e-5a497be26567
mock_c255730a_G9A_039,MOCK-C255-G9A-039,"Dennis Kiplagat Chepkemoi","Grade 9 A",Male,"Mbita High School",c255730a-066f-496f-9d4e-5a497be26567
mock_c255730a_G9A_040,MOCK-C255-G9A-040,"Elvis Barasa Omondi","Grade 9 A",Male,"Mbita High School",c255730a-066f-496f-9d4e-5a497be26567
mock_c255730a_G9A_041,MOCK-C255-G9A-041,"Joy Adhiambo Adhiambo","Grade 9 A",Female,"Mbita High School",c255730a-066f-496f-9d4e-5a497be26567
mock_c255730a_G9A_042,MOCK-C255-G9A-042,"Pauline Owino Wafula","Grade 9 A",Female,"Mbita High School",c255730a-066f-496f-9d4e-5a497be26567
mock_c255730a_G9A_043,MOCK-C255-G9A-043,"Duncan Nyokabi Atieno","Grade 9 A",Male,"Mbita High School",c255730a-066f-496f-9d4e-5a497be26567
mock_c255730a_G9A_044,MOCK-C255-G9A-044,"Sylvia Owino Otieno","Grade 9 A",Female,"Mbita High School",c255730a-066f-496f-9d4e-5a497be26567
mock_c255730a_G9A_045,MOCK-C255-G9A-045,"Allan Nyambura Ochieng","Grade 9 A",Male,"Mbita High School",c255730a-066f-496f-9d4e-5a497be26567
mock_c255730a_G9A_046,MOCK-C255-G9A-046,"Mercy Kipchoge Chebet","Grade 9 A",Female,"Mbita High School",c255730a-066f-496f-9d4e-5a497be26567
mock_c255730a_G9A_047,MOCK-C255-G9A-047,"Sylvia Wafula Korir","Grade 9 A",Female,"Mbita High School",c255730a-066f-496f-9d4e-5a497be26567
mock_c255730a_G9A_048,MOCK-C255-G9A-048,"Daniel Juma Owino","Grade 9 A",Male,"Mbita High School",c255730a-066f-496f-9d4e-5a497be26567
mock_c255730a_G9A_049,MOCK-C255-G9A-049,"Ann Kipchoge Kiplagat","Grade 9 A",Female,"Mbita High School",c255730a-066f-496f-9d4e-5a497be26567
mock_c255730a_G9A_050,MOCK-C255-G9A-050,"Daniel Mbugua Karanja","Grade 9 A",Male,"Mbita High School",c255730a-066f-496f-9d4e-5a497be26567
mock_c255730a_G9A_051,MOCK-C255-G9A-051,"George Were Njeri","Grade 9 A",Male,"Mbita High School",c255730a-066f-496f-9d4e-5a497be26567
mock_c255730a_G9A_052,MOCK-C255-G9A-052,"Diana Rotich Nyokabi","Grade 9 A",Female,"Mbita High School",c255730a-066f-496f-9d4e-5a497be26567
mock_c255730a_G9A_053,MOCK-C255-G9A-053,"Dennis Mwangi Rotich","Grade 9 A",Male,"Mbita High School",c255730a-066f-496f-9d4e-5a497be26567
mock_c255730a_G9A_054,MOCK-C255-G9A-054,"Doreen Mutua Kipchoge","Grade 9 A",Female,"Mbita High School",c255730a-066f-496f-9d4e-5a497be26567
mock_c255730a_G9A_055,MOCK-C255-G9A-055,"Emmanuel Barasa Maina","Grade 9 A",Male,"Mbita High School",c255730a-066f-496f-9d4e-5a497be26567
mock_c255730a_G9A_056,MOCK-C255-G9A-056,"Doreen Adhiambo Korir","Grade 9 A",Female,"Mbita High School",c255730a-066f-496f-9d4e-5a497be26567
mock_c255730a_G9A_057,MOCK-C255-G9A-057,"Brayan Wambui Ochieng","Grade 9 A",Male,"Mbita High School",c255730a-066f-496f-9d4e-5a497be26567
mock_c255730a_G9A_058,MOCK-C255-G9A-058,"Lucy Owino Mutiso","Grade 9 A",Female,"Mbita High School",c255730a-066f-496f-9d4e-5a497be26567
mock_c255730a_G9A_059,MOCK-C255-G9A-059,"George Barasa Simiyu","Grade 9 A",Male,"Mbita High School",c255730a-066f-496f-9d4e-5a497be26567
mock_c255730a_G9A_060,MOCK-C255-G9A-060,"Sylvia Ochieng Ochieng","Grade 9 A",Female,"Mbita High School",c255730a-066f-496f-9d4e-5a497be26567
mock_c255730a_G9B_001,MOCK-C255-G9B-001,"Faith Adhiambo Kariuki","Grade 9 B",Female,"Mbita High School",c255730a-066f-496f-9d4e-5a497be26567
mock_c255730a_G9B_002,MOCK-C255-G9B-002,"Joy Mbugua Kipchoge","Grade 9 B",Female,"Mbita High School",c255730a-066f-496f-9d4e-5a497be26567
mock_c255730a_G9B_003,MOCK-C255-G9B-003,"Winnie Chebet Juma","Grade 9 B",Female,"Mbita High School",c255730a-066f-496f-9d4e-5a497be26567
mock_c255730a_G9B_004,MOCK-C255-G9B-004,"Brenda Achieng Chepkemoi","Grade 9 B",Female,"Mbita High School",c255730a-066f-496f-9d4e-5a497be26567
mock_c255730a_G9B_005,MOCK-C255-G9B-005,"Grace Barasa Wanjiru","Grade 9 B",Female,"Mbita High School",c255730a-066f-496f-9d4e-5a497be26567
mock_c255730a_G9B_006,MOCK-C255-G9B-006,"Samuel Wafula Chebet","Grade 9 B",Male,"Mbita High School",c255730a-066f-496f-9d4e-5a497be26567
mock_c255730a_G9B_007,MOCK-C255-G9B-007,"Nicholas Otieno Chebet","Grade 9 B",Male,"Mbita High School",c255730a-066f-496f-9d4e-5a497be26567
mock_c255730a_G9B_008,MOCK-C255-G9B-008,"Maureen Kibet Wambui","Grade 9 B",Female,"Mbita High School",c255730a-066f-496f-9d4e-5a497be26567
mock_c255730a_G9B_009,MOCK-C255-G9B-009,"Winnie Mutiso Wambui","Grade 9 B",Female,"Mbita High School",c255730a-066f-496f-9d4e-5a497be26567
mock_c255730a_G9B_010,MOCK-C255-G9B-010,"Martin Wairimu Barasa","Grade 9 B",Male,"Mbita High School",c255730a-066f-496f-9d4e-5a497be26567
mock_c255730a_G9B_011,MOCK-C255-G9B-011,"Joseph Nyambura Kipchoge","Grade 9 B",Male,"Mbita High School",c255730a-066f-496f-9d4e-5a497be26567
mock_c255730a_G9B_012,MOCK-C255-G9B-012,"Kelvin Kariuki Auma","Grade 9 B",Male,"Mbita High School",c255730a-066f-496f-9d4e-5a497be26567
mock_c255730a_G9B_013,MOCK-C255-G9B-013,"Sharon Wambui Mwangi","Grade 9 B",Female,"Mbita High School",c255730a-066f-496f-9d4e-5a497be26567
mock_c255730a_G9B_014,MOCK-C255-G9B-014,"Allan Achieng Wafula","Grade 9 B",Male,"Mbita High School",c255730a-066f-496f-9d4e-5a497be26567
mock_c255730a_G9B_015,MOCK-C255-G9B-015,"Stella Chebet Kamau","Grade 9 B",Female,"Mbita High School",c255730a-066f-496f-9d4e-5a497be26567
mock_c255730a_G9B_016,MOCK-C255-G9B-016,"Maureen Kipchoge Atieno","Grade 9 B",Female,"Mbita High School",c255730a-066f-496f-9d4e-5a497be26567
mock_c255730a_G9B_017,MOCK-C255-G9B-017,"Emmanuel Auma Juma","Grade 9 B",Male,"Mbita High School",c255730a-066f-496f-9d4e-5a497be26567
mock_c255730a_G9B_018,MOCK-C255-G9B-018,"Sharon Mutua Mutua","Grade 9 B",Female,"Mbita High School",c255730a-066f-496f-9d4e-5a497be26567
mock_c255730a_G9B_019,MOCK-C255-G9B-019,"Michael Odhiambo Akinyi","Grade 9 B",Male,"Mbita High School",c255730a-066f-496f-9d4e-5a497be26567
mock_c255730a_G9B_020,MOCK-C255-G9B-020,"Linet Juma Rotich","Grade 9 B",Female,"Mbita High School",c255730a-066f-496f-9d4e-5a497be26567
mock_c255730a_G9B_021,MOCK-C255-G9B-021,"George Rotich Achieng","Grade 9 B",Male,"Mbita High School",c255730a-066f-496f-9d4e-5a497be26567
mock_c255730a_G9B_022,MOCK-C255-G9B-022,"Samuel Ochieng Omondi","Grade 9 B",Male,"Mbita High School",c255730a-066f-496f-9d4e-5a497be26567
mock_c255730a_G9B_023,MOCK-C255-G9B-023,"Caroline Chebet Njoroge","Grade 9 B",Female,"Mbita High School",c255730a-066f-496f-9d4e-5a497be26567
mock_c255730a_G9B_024,MOCK-C255-G9B-024,"Peter Owino Wambui","Grade 9 B",Male,"Mbita High School",c255730a-066f-496f-9d4e-5a497be26567
mock_c255730a_G9B_025,MOCK-C255-G9B-025,"Valentine Wanjiru Nyokabi","Grade 9 B",Female,"Mbita High School",c255730a-066f-496f-9d4e-5a497be26567
mock_c255730a_G9B_026,MOCK-C255-G9B-026,"Anthony Kamau Kibet","Grade 9 B",Male,"Mbita High School",c255730a-066f-496f-9d4e-5a497be26567
mock_c255730a_G9B_027,MOCK-C255-G9B-027,"Victor Omondi Chebet","Grade 9 B",Male,"Mbita High School",c255730a-066f-496f-9d4e-5a497be26567
mock_c255730a_G9B_028,MOCK-C255-G9B-028,"Collins Rotich Omondi","Grade 9 B",Male,"Mbita High School",c255730a-066f-496f-9d4e-5a497be26567
mock_c255730a_G9B_029,MOCK-C255-G9B-029,"Dennis Wafula Odhiambo","Grade 9 B",Male,"Mbita High School",c255730a-066f-496f-9d4e-5a497be26567
mock_c255730a_G9B_030,MOCK-C255-G9B-030,"Brian Nyambura Kipchoge","Grade 9 B",Male,"Mbita High School",c255730a-066f-496f-9d4e-5a497be26567
mock_c255730a_G9B_031,MOCK-C255-G9B-031,"Joseph Otieno Simiyu","Grade 9 B",Male,"Mbita High School",c255730a-066f-496f-9d4e-5a497be26567
mock_c255730a_G9B_032,MOCK-C255-G9B-032,"Maureen Mutua Kipchoge","Grade 9 B",Female,"Mbita High School",c255730a-066f-496f-9d4e-5a497be26567
mock_c255730a_G9B_033,MOCK-C255-G9B-033,"Felix Karanja Njeri","Grade 9 B",Male,"Mbita High School",c255730a-066f-496f-9d4e-5a497be26567
mock_c255730a_G9B_034,MOCK-C255-G9B-034,"Martin Kariuki Kamau","Grade 9 B",Male,"Mbita High School",c255730a-066f-496f-9d4e-5a497be26567
mock_c255730a_G9B_035,MOCK-C255-G9B-035,"George Wanjiru Ochieng","Grade 9 B",Male,"Mbita High School",c255730a-066f-496f-9d4e-5a497be26567
mock_c255730a_G9B_036,MOCK-C255-G9B-036,"Mercy Owino Wambui","Grade 9 B",Female,"Mbita High School",c255730a-066f-496f-9d4e-5a497be26567
mock_c255730a_G9B_037,MOCK-C255-G9B-037,"George Karanja Nyokabi","Grade 9 B",Male,"Mbita High School",c255730a-066f-496f-9d4e-5a497be26567
mock_c255730a_G9B_038,MOCK-C255-G9B-038,"Mitchelle Mwangi Atieno","Grade 9 B",Female,"Mbita High School",c255730a-066f-496f-9d4e-5a497be26567
mock_c255730a_G9B_039,MOCK-C255-G9B-039,"Purity Maina Maina","Grade 9 B",Female,"Mbita High School",c255730a-066f-496f-9d4e-5a497be26567
mock_c255730a_G9B_040,MOCK-C255-G9B-040,"Felix Odhiambo Akinyi","Grade 9 B",Male,"Mbita High School",c255730a-066f-496f-9d4e-5a497be26567
mock_c255730a_G9B_041,MOCK-C255-G9B-041,"Valentine Odhiambo Auma","Grade 9 B",Female,"Mbita High School",c255730a-066f-496f-9d4e-5a497be26567
mock_c255730a_G9B_042,MOCK-C255-G9B-042,"Anthony Mutiso Were","Grade 9 B",Male,"Mbita High School",c255730a-066f-496f-9d4e-5a497be26567
mock_c255730a_G9B_043,MOCK-C255-G9B-043,"Sylvia Simiyu Wambui","Grade 9 B",Female,"Mbita High School",c255730a-066f-496f-9d4e-5a497be26567
mock_c255730a_G9B_044,MOCK-C255-G9B-044,"Anthony Barasa Achieng","Grade 9 B",Male,"Mbita High School",c255730a-066f-496f-9d4e-5a497be26567
mock_c255730a_G9B_045,MOCK-C255-G9B-045,"Anthony Cheruiyot Wafula","Grade 9 B",Male,"Mbita High School",c255730a-066f-496f-9d4e-5a497be26567
mock_c255730a_G9B_046,MOCK-C255-G9B-046,"Felix Wambui Kiplagat","Grade 9 B",Male,"Mbita High School",c255730a-066f-496f-9d4e-5a497be26567
mock_c255730a_G9B_047,MOCK-C255-G9B-047,"Doreen Omondi Owino","Grade 9 B",Female,"Mbita High School",c255730a-066f-496f-9d4e-5a497be26567
mock_c255730a_G9B_048,MOCK-C255-G9B-048,"Brenda Kibet Ochieng","Grade 9 B",Female,"Mbita High School",c255730a-066f-496f-9d4e-5a497be26567
mock_c255730a_G9B_049,MOCK-C255-G9B-049,"Mitchelle Adhiambo Kariuki","Grade 9 B",Female,"Mbita High School",c255730a-066f-496f-9d4e-5a497be26567
mock_c255730a_G9B_050,MOCK-C255-G9B-050,"Sylvia Wairimu Wafula","Grade 9 B",Female,"Mbita High School",c255730a-066f-496f-9d4e-5a497be26567
mock_c255730a_G9B_051,MOCK-C255-G9B-051,"Faith Maina Achieng","Grade 9 B",Female,"Mbita High School",c255730a-066f-496f-9d4e-5a497be26567
mock_c255730a_G9B_052,MOCK-C255-G9B-052,"Nancy Mutua Otieno","Grade 9 B",Female,"Mbita High School",c255730a-066f-496f-9d4e-5a497be26567
mock_c255730a_G9B_053,MOCK-C255-G9B-053,"Victor Nyambura Achieng","Grade 9 B",Male,"Mbita High School",c255730a-066f-496f-9d4e-5a497be26567
mock_c255730a_G9B_054,MOCK-C255-G9B-054,"Allan Mutiso Ochieng","Grade 9 B",Male,"Mbita High School",c255730a-066f-496f-9d4e-5a497be26567
mock_c255730a_G9B_055,MOCK-C255-G9B-055,"Janet Barasa Omondi","Grade 9 B",Female,"Mbita High School",c255730a-066f-496f-9d4e-5a497be26567
mock_c255730a_G9B_056,MOCK-C255-G9B-056,"Samuel Njeri Nyokabi","Grade 9 B",Male,"Mbita High School",c255730a-066f-496f-9d4e-5a497be26567
mock_c255730a_G9B_057,MOCK-C255-G9B-057,"Emmanuel Chepkemoi Ochieng","Grade 9 B",Male,"Mbita High School",c255730a-066f-496f-9d4e-5a497be26567
mock_c255730a_G9B_058,MOCK-C255-G9B-058,"Mary Kariuki Juma","Grade 9 B",Female,"Mbita High School",c255730a-066f-496f-9d4e-5a497be26567
mock_c255730a_G9B_059,MOCK-C255-G9B-059,"Purity Kamau Omondi","Grade 9 B",Female,"Mbita High School",c255730a-066f-496f-9d4e-5a497be26567
mock_c255730a_G9B_060,MOCK-C255-G9B-060,"Grace Juma Omondi","Grade 9 B",Female,"Mbita High School",c255730a-066f-496f-9d4e-5a497be26567
mock_c255730a_G10A_001,MOCK-C255-G10A-001,"George Onyango Odhiambo","Grade 10 A",Male,"Mbita High School",c255730a-066f-496f-9d4e-5a497be26567
mock_c255730a_G10A_002,MOCK-C255-G10A-002,"Elvis Kipchoge Kamau","Grade 10 A",Male,"Mbita High School",c255730a-066f-496f-9d4e-5a497be26567
mock_c255730a_G10A_003,MOCK-C255-G10A-003,"Fredrick Kiplagat Juma","Grade 10 A",Male,"Mbita High School",c255730a-066f-496f-9d4e-5a497be26567
mock_c255730a_G10A_004,MOCK-C255-G10A-004,"Lydia Juma Adhiambo","Grade 10 A",Female,"Mbita High School",c255730a-066f-496f-9d4e-5a497be26567
mock_c255730a_G10A_005,MOCK-C255-G10A-005,"Beatrice Mwangi Njoroge","Grade 10 A",Female,"Mbita High School",c255730a-066f-496f-9d4e-5a497be26567
mock_c255730a_G10A_006,MOCK-C255-G10A-006,"Ann Achieng Wanjiru","Grade 10 A",Female,"Mbita High School",c255730a-066f-496f-9d4e-5a497be26567
mock_c255730a_G10A_007,MOCK-C255-G10A-007,"Brenda Nyambura Mbugua","Grade 10 A",Female,"Mbita High School",c255730a-066f-496f-9d4e-5a497be26567
mock_c255730a_G10A_008,MOCK-C255-G10A-008,"Sylvia Mutiso Njeri","Grade 10 A",Female,"Mbita High School",c255730a-066f-496f-9d4e-5a497be26567
mock_c255730a_G10A_009,MOCK-C255-G10A-009,"Brian Korir Korir","Grade 10 A",Male,"Mbita High School",c255730a-066f-496f-9d4e-5a497be26567
mock_c255730a_G10A_010,MOCK-C255-G10A-010,"Vincent Gitau Kipchoge","Grade 10 A",Male,"Mbita High School",c255730a-066f-496f-9d4e-5a497be26567
mock_c255730a_G10A_011,MOCK-C255-G10A-011,"Esther Kibet Njeri","Grade 10 A",Female,"Mbita High School",c255730a-066f-496f-9d4e-5a497be26567
mock_c255730a_G10A_012,MOCK-C255-G10A-012,"Brayan Gitau Mutua","Grade 10 A",Male,"Mbita High School",c255730a-066f-496f-9d4e-5a497be26567
mock_c255730a_G10A_013,MOCK-C255-G10A-013,"Stephen Wanjiru Nyokabi","Grade 10 A",Male,"Mbita High School",c255730a-066f-496f-9d4e-5a497be26567
mock_c255730a_G10A_014,MOCK-C255-G10A-014,"Daniel Achieng Wambui","Grade 10 A",Male,"Mbita High School",c255730a-066f-496f-9d4e-5a497be26567
mock_c255730a_G10A_015,MOCK-C255-G10A-015,"Esther Odhiambo Mutiso","Grade 10 A",Female,"Mbita High School",c255730a-066f-496f-9d4e-5a497be26567
mock_c255730a_G10A_016,MOCK-C255-G10A-016,"Purity Were Mwangi","Grade 10 A",Female,"Mbita High School",c255730a-066f-496f-9d4e-5a497be26567
mock_c255730a_G10A_017,MOCK-C255-G10A-017,"Cynthia Mutiso Chepkemoi","Grade 10 A",Female,"Mbita High School",c255730a-066f-496f-9d4e-5a497be26567
mock_c255730a_G10A_018,MOCK-C255-G10A-018,"Sylvia Mwangi Auma","Grade 10 A",Female,"Mbita High School",c255730a-066f-496f-9d4e-5a497be26567
mock_c255730a_G10A_019,MOCK-C255-G10A-019,"Daniel Auma Maina","Grade 10 A",Male,"Mbita High School",c255730a-066f-496f-9d4e-5a497be26567
mock_c255730a_G10A_020,MOCK-C255-G10A-020,"Brenda Juma Cheruiyot","Grade 10 A",Female,"Mbita High School",c255730a-066f-496f-9d4e-5a497be26567
mock_c255730a_G10A_021,MOCK-C255-G10A-021,"Esther Wairimu Achieng","Grade 10 A",Female,"Mbita High School",c255730a-066f-496f-9d4e-5a497be26567
mock_c255730a_G10A_022,MOCK-C255-G10A-022,"Brayan Wairimu Chebet","Grade 10 A",Male,"Mbita High School",c255730a-066f-496f-9d4e-5a497be26567
mock_c255730a_G10A_023,MOCK-C255-G10A-023,"Brenda Barasa Barasa","Grade 10 A",Female,"Mbita High School",c255730a-066f-496f-9d4e-5a497be26567
mock_c255730a_G10A_024,MOCK-C255-G10A-024,"Ann Omondi Kipchoge","Grade 10 A",Female,"Mbita High School",c255730a-066f-496f-9d4e-5a497be26567
mock_c255730a_G10A_025,MOCK-C255-G10A-025,"Valentine Barasa Onyango","Grade 10 A",Female,"Mbita High School",c255730a-066f-496f-9d4e-5a497be26567
mock_c255730a_G10A_026,MOCK-C255-G10A-026,"Gideon Simiyu Njeri","Grade 10 A",Male,"Mbita High School",c255730a-066f-496f-9d4e-5a497be26567
mock_c255730a_G10A_027,MOCK-C255-G10A-027,"Sylvia Auma Wairimu","Grade 10 A",Female,"Mbita High School",c255730a-066f-496f-9d4e-5a497be26567
mock_c255730a_G10A_028,MOCK-C255-G10A-028,"Maureen Adhiambo Atieno","Grade 10 A",Female,"Mbita High School",c255730a-066f-496f-9d4e-5a497be26567
mock_c255730a_G10A_029,MOCK-C255-G10A-029,"Joseph Mutua Chebet","Grade 10 A",Male,"Mbita High School",c255730a-066f-496f-9d4e-5a497be26567
mock_c255730a_G10A_030,MOCK-C255-G10A-030,"Martin Maina Barasa","Grade 10 A",Male,"Mbita High School",c255730a-066f-496f-9d4e-5a497be26567
mock_c255730a_G10A_031,MOCK-C255-G10A-031,"Felix Maina Wanjiru","Grade 10 A",Male,"Mbita High School",c255730a-066f-496f-9d4e-5a497be26567
mock_c255730a_G10A_032,MOCK-C255-G10A-032,"Kevin Njeri Njoroge","Grade 10 A",Male,"Mbita High School",c255730a-066f-496f-9d4e-5a497be26567
mock_c255730a_G10A_033,MOCK-C255-G10A-033,"Daniel Ochieng Simiyu","Grade 10 A",Male,"Mbita High School",c255730a-066f-496f-9d4e-5a497be26567
mock_c255730a_G10A_034,MOCK-C255-G10A-034,"Martin Karanja Ochieng","Grade 10 A",Male,"Mbita High School",c255730a-066f-496f-9d4e-5a497be26567
mock_c255730a_G10A_035,MOCK-C255-G10A-035,"Collins Kiplagat Otieno","Grade 10 A",Male,"Mbita High School",c255730a-066f-496f-9d4e-5a497be26567
mock_c255730a_G10A_036,MOCK-C255-G10A-036,"Rose Nyambura Omondi","Grade 10 A",Female,"Mbita High School",c255730a-066f-496f-9d4e-5a497be26567
mock_c255730a_G10A_037,MOCK-C255-G10A-037,"Faith Wanjiru Nyokabi","Grade 10 A",Female,"Mbita High School",c255730a-066f-496f-9d4e-5a497be26567
mock_c255730a_G10A_038,MOCK-C255-G10A-038,"Stella Atieno Kariuki","Grade 10 A",Female,"Mbita High School",c255730a-066f-496f-9d4e-5a497be26567
mock_c255730a_G10A_039,MOCK-C255-G10A-039,"Kevin Achieng Odhiambo","Grade 10 A",Male,"Mbita High School",c255730a-066f-496f-9d4e-5a497be26567
mock_c255730a_G10A_040,MOCK-C255-G10A-040,"George Kipchoge Nyambura","Grade 10 A",Male,"Mbita High School",c255730a-066f-496f-9d4e-5a497be26567
mock_c255730a_G10A_041,MOCK-C255-G10A-041,"Elvis Adhiambo Chepkemoi","Grade 10 A",Male,"Mbita High School",c255730a-066f-496f-9d4e-5a497be26567
mock_c255730a_G10A_042,MOCK-C255-G10A-042,"Allan Odhiambo Achieng","Grade 10 A",Male,"Mbita High School",c255730a-066f-496f-9d4e-5a497be26567
mock_c255730a_G10A_043,MOCK-C255-G10A-043,"Linet Wairimu Rotich","Grade 10 A",Female,"Mbita High School",c255730a-066f-496f-9d4e-5a497be26567
mock_c255730a_G10A_044,MOCK-C255-G10A-044,"Anthony Odhiambo Barasa","Grade 10 A",Male,"Mbita High School",c255730a-066f-496f-9d4e-5a497be26567
mock_c255730a_G10A_045,MOCK-C255-G10A-045,"Christine Chebet Chebet","Grade 10 A",Female,"Mbita High School",c255730a-066f-496f-9d4e-5a497be26567
mock_c255730a_G10A_046,MOCK-C255-G10A-046,"Allan Owino Mutiso","Grade 10 A",Male,"Mbita High School",c255730a-066f-496f-9d4e-5a497be26567
mock_c255730a_G10A_047,MOCK-C255-G10A-047,"Purity Wairimu Onyango","Grade 10 A",Female,"Mbita High School",c255730a-066f-496f-9d4e-5a497be26567
mock_c255730a_G10A_048,MOCK-C255-G10A-048,"Kelvin Auma Kariuki","Grade 10 A",Male,"Mbita High School",c255730a-066f-496f-9d4e-5a497be26567
mock_c255730a_G10A_049,MOCK-C255-G10A-049,"Mitchelle Atieno Odhiambo","Grade 10 A",Female,"Mbita High School",c255730a-066f-496f-9d4e-5a497be26567
mock_c255730a_G10A_050,MOCK-C255-G10A-050,"Cornelius Nyokabi Juma","Grade 10 A",Male,"Mbita High School",c255730a-066f-496f-9d4e-5a497be26567
mock_c255730a_G10A_051,MOCK-C255-G10A-051,"Elvis Gitau Kamau","Grade 10 A",Male,"Mbita High School",c255730a-066f-496f-9d4e-5a497be26567
mock_c255730a_G10A_052,MOCK-C255-G10A-052,"Martin Njeri Were","Grade 10 A",Male,"Mbita High School",c255730a-066f-496f-9d4e-5a497be26567
mock_c255730a_G10A_053,MOCK-C255-G10A-053,"Diana Were Auma","Grade 10 A",Female,"Mbita High School",c255730a-066f-496f-9d4e-5a497be26567
mock_c255730a_G10A_054,MOCK-C255-G10A-054,"Janet Njoroge Korir","Grade 10 A",Female,"Mbita High School",c255730a-066f-496f-9d4e-5a497be26567
mock_c255730a_G10A_055,MOCK-C255-G10A-055,"Collins Nyokabi Chepkemoi","Grade 10 A",Male,"Mbita High School",c255730a-066f-496f-9d4e-5a497be26567
mock_c255730a_G10A_056,MOCK-C255-G10A-056,"Brayan Omondi Chepkemoi","Grade 10 A",Male,"Mbita High School",c255730a-066f-496f-9d4e-5a497be26567
mock_c255730a_G10A_057,MOCK-C255-G10A-057,"Cynthia Wairimu Njoroge","Grade 10 A",Female,"Mbita High School",c255730a-066f-496f-9d4e-5a497be26567
mock_c255730a_G10A_058,MOCK-C255-G10A-058,"Michael Wafula Nyambura","Grade 10 A",Male,"Mbita High School",c255730a-066f-496f-9d4e-5a497be26567
mock_c255730a_G10A_059,MOCK-C255-G10A-059,"Stella Korir Odhiambo","Grade 10 A",Female,"Mbita High School",c255730a-066f-496f-9d4e-5a497be26567
mock_c255730a_G10A_060,MOCK-C255-G10A-060,"Doreen Ochieng Wairimu","Grade 10 A",Female,"Mbita High School",c255730a-066f-496f-9d4e-5a497be26567
mock_c255730a_G10B_001,MOCK-C255-G10B-001,"Ann Njeri Nyambura","Grade 10 B",Female,"Mbita High School",c255730a-066f-496f-9d4e-5a497be26567
mock_c255730a_G10B_002,MOCK-C255-G10B-002,"Mercy Kiplagat Onyango","Grade 10 B",Female,"Mbita High School",c255730a-066f-496f-9d4e-5a497be26567
mock_c255730a_G10B_003,MOCK-C255-G10B-003,"Stephen Were Njeri","Grade 10 B",Male,"Mbita High School",c255730a-066f-496f-9d4e-5a497be26567
mock_c255730a_G10B_004,MOCK-C255-G10B-004,"Joy Maina Gitau","Grade 10 B",Female,"Mbita High School",c255730a-066f-496f-9d4e-5a497be26567
mock_c255730a_G10B_005,MOCK-C255-G10B-005,"Gideon Adhiambo Chebet","Grade 10 B",Male,"Mbita High School",c255730a-066f-496f-9d4e-5a497be26567
mock_c255730a_G10B_006,MOCK-C255-G10B-006,"Martin Mwangi Odhiambo","Grade 10 B",Male,"Mbita High School",c255730a-066f-496f-9d4e-5a497be26567
mock_c255730a_G10B_007,MOCK-C255-G10B-007,"Winnie Akinyi Mwangi","Grade 10 B",Female,"Mbita High School",c255730a-066f-496f-9d4e-5a497be26567
mock_c255730a_G10B_008,MOCK-C255-G10B-008,"Esther Njoroge Onyango","Grade 10 B",Female,"Mbita High School",c255730a-066f-496f-9d4e-5a497be26567
mock_c255730a_G10B_009,MOCK-C255-G10B-009,"Anthony Wambui Maina","Grade 10 B",Male,"Mbita High School",c255730a-066f-496f-9d4e-5a497be26567
mock_c255730a_G10B_010,MOCK-C255-G10B-010,"Kelvin Wanjiru Ochieng","Grade 10 B",Male,"Mbita High School",c255730a-066f-496f-9d4e-5a497be26567
mock_c255730a_G10B_011,MOCK-C255-G10B-011,"Nancy Kipchoge Kipchoge","Grade 10 B",Female,"Mbita High School",c255730a-066f-496f-9d4e-5a497be26567
mock_c255730a_G10B_012,MOCK-C255-G10B-012,"Vincent Rotich Chebet","Grade 10 B",Male,"Mbita High School",c255730a-066f-496f-9d4e-5a497be26567
mock_c255730a_G10B_013,MOCK-C255-G10B-013,"Peter Achieng Kibet","Grade 10 B",Male,"Mbita High School",c255730a-066f-496f-9d4e-5a497be26567
mock_c255730a_G10B_014,MOCK-C255-G10B-014,"Ann Chebet Gitau","Grade 10 B",Female,"Mbita High School",c255730a-066f-496f-9d4e-5a497be26567
mock_c255730a_G10B_015,MOCK-C255-G10B-015,"Peter Wafula Simiyu","Grade 10 B",Male,"Mbita High School",c255730a-066f-496f-9d4e-5a497be26567
mock_c255730a_G10B_016,MOCK-C255-G10B-016,"Mercy Karanja Cheruiyot","Grade 10 B",Female,"Mbita High School",c255730a-066f-496f-9d4e-5a497be26567
mock_c255730a_G10B_017,MOCK-C255-G10B-017,"Joy Adhiambo Mbugua","Grade 10 B",Female,"Mbita High School",c255730a-066f-496f-9d4e-5a497be26567
mock_c255730a_G10B_018,MOCK-C255-G10B-018,"Duncan Achieng Mutua","Grade 10 B",Male,"Mbita High School",c255730a-066f-496f-9d4e-5a497be26567
mock_c255730a_G10B_019,MOCK-C255-G10B-019,"Doreen Gitau Mutiso","Grade 10 B",Female,"Mbita High School",c255730a-066f-496f-9d4e-5a497be26567
mock_c255730a_G10B_020,MOCK-C255-G10B-020,"Lucy Kipchoge Njeri","Grade 10 B",Female,"Mbita High School",c255730a-066f-496f-9d4e-5a497be26567
mock_c255730a_G10B_021,MOCK-C255-G10B-021,"Gideon Ochieng Wanjiru","Grade 10 B",Male,"Mbita High School",c255730a-066f-496f-9d4e-5a497be26567
mock_c255730a_G10B_022,MOCK-C255-G10B-022,"Nancy Chepkemoi Atieno","Grade 10 B",Female,"Mbita High School",c255730a-066f-496f-9d4e-5a497be26567
mock_c255730a_G10B_023,MOCK-C255-G10B-023,"Nancy Onyango Maina","Grade 10 B",Female,"Mbita High School",c255730a-066f-496f-9d4e-5a497be26567
mock_c255730a_G10B_024,MOCK-C255-G10B-024,"Linet Cheruiyot Njeri","Grade 10 B",Female,"Mbita High School",c255730a-066f-496f-9d4e-5a497be26567
mock_c255730a_G10B_025,MOCK-C255-G10B-025,"Kelvin Korir Achieng","Grade 10 B",Male,"Mbita High School",c255730a-066f-496f-9d4e-5a497be26567
mock_c255730a_G10B_026,MOCK-C255-G10B-026,"Nicholas Gitau Kamau","Grade 10 B",Male,"Mbita High School",c255730a-066f-496f-9d4e-5a497be26567
mock_c255730a_G10B_027,MOCK-C255-G10B-027,"Sharon Karanja Omondi","Grade 10 B",Female,"Mbita High School",c255730a-066f-496f-9d4e-5a497be26567
mock_c255730a_G10B_028,MOCK-C255-G10B-028,"Vincent Njeri Njeri","Grade 10 B",Male,"Mbita High School",c255730a-066f-496f-9d4e-5a497be26567
mock_c255730a_G10B_029,MOCK-C255-G10B-029,"Vincent Wambui Mwangi","Grade 10 B",Male,"Mbita High School",c255730a-066f-496f-9d4e-5a497be26567
mock_c255730a_G10B_030,MOCK-C255-G10B-030,"Mary Mutiso Njoroge","Grade 10 B",Female,"Mbita High School",c255730a-066f-496f-9d4e-5a497be26567
mock_c255730a_G10B_031,MOCK-C255-G10B-031,"Dennis Mbugua Gitau","Grade 10 B",Male,"Mbita High School",c255730a-066f-496f-9d4e-5a497be26567
mock_c255730a_G10B_032,MOCK-C255-G10B-032,"Gideon Korir Gitau","Grade 10 B",Male,"Mbita High School",c255730a-066f-496f-9d4e-5a497be26567
mock_c255730a_G10B_033,MOCK-C255-G10B-033,"Martin Onyango Njoroge","Grade 10 B",Male,"Mbita High School",c255730a-066f-496f-9d4e-5a497be26567
mock_c255730a_G10B_034,MOCK-C255-G10B-034,"Maureen Simiyu Wairimu","Grade 10 B",Female,"Mbita High School",c255730a-066f-496f-9d4e-5a497be26567
mock_c255730a_G10B_035,MOCK-C255-G10B-035,"Daniel Gitau Odhiambo","Grade 10 B",Male,"Mbita High School",c255730a-066f-496f-9d4e-5a497be26567
mock_c255730a_G10B_036,MOCK-C255-G10B-036,"Sylvia Auma Barasa","Grade 10 B",Female,"Mbita High School",c255730a-066f-496f-9d4e-5a497be26567
mock_c255730a_G10B_037,MOCK-C255-G10B-037,"Valentine Kamau Otieno","Grade 10 B",Female,"Mbita High School",c255730a-066f-496f-9d4e-5a497be26567
mock_c255730a_G10B_038,MOCK-C255-G10B-038,"Anthony Gitau Kariuki","Grade 10 B",Male,"Mbita High School",c255730a-066f-496f-9d4e-5a497be26567
mock_c255730a_G10B_039,MOCK-C255-G10B-039,"Emmanuel Barasa Were","Grade 10 B",Male,"Mbita High School",c255730a-066f-496f-9d4e-5a497be26567
mock_c255730a_G10B_040,MOCK-C255-G10B-040,"Cornelius Wafula Barasa","Grade 10 B",Male,"Mbita High School",c255730a-066f-496f-9d4e-5a497be26567
mock_c255730a_G10B_041,MOCK-C255-G10B-041,"Caroline Kamau Kipchoge","Grade 10 B",Female,"Mbita High School",c255730a-066f-496f-9d4e-5a497be26567
mock_c255730a_G10B_042,MOCK-C255-G10B-042,"Ian Wambui Were","Grade 10 B",Male,"Mbita High School",c255730a-066f-496f-9d4e-5a497be26567
mock_c255730a_G10B_043,MOCK-C255-G10B-043,"Anthony Kamau Mwangi","Grade 10 B",Male,"Mbita High School",c255730a-066f-496f-9d4e-5a497be26567
mock_c255730a_G10B_044,MOCK-C255-G10B-044,"Joseph Otieno Kariuki","Grade 10 B",Male,"Mbita High School",c255730a-066f-496f-9d4e-5a497be26567
mock_c255730a_G10B_045,MOCK-C255-G10B-045,"Maureen Omondi Wambui","Grade 10 B",Female,"Mbita High School",c255730a-066f-496f-9d4e-5a497be26567
mock_c255730a_G10B_046,MOCK-C255-G10B-046,"Lucy Wambui Simiyu","Grade 10 B",Female,"Mbita High School",c255730a-066f-496f-9d4e-5a497be26567
mock_c255730a_G10B_047,MOCK-C255-G10B-047,"Sharon Omondi Auma","Grade 10 B",Female,"Mbita High School",c255730a-066f-496f-9d4e-5a497be26567
mock_c255730a_G10B_048,MOCK-C255-G10B-048,"Charles Otieno Achieng","Grade 10 B",Male,"Mbita High School",c255730a-066f-496f-9d4e-5a497be26567
mock_c255730a_G10B_049,MOCK-C255-G10B-049,"Dennis Kamau Were","Grade 10 B",Male,"Mbita High School",c255730a-066f-496f-9d4e-5a497be26567
mock_c255730a_G10B_050,MOCK-C255-G10B-050,"Stella Kipchoge Kamau","Grade 10 B",Female,"Mbita High School",c255730a-066f-496f-9d4e-5a497be26567
mock_c255730a_G10B_051,MOCK-C255-G10B-051,"Eric Kiplagat Mutiso","Grade 10 B",Male,"Mbita High School",c255730a-066f-496f-9d4e-5a497be26567
mock_c255730a_G10B_052,MOCK-C255-G10B-052,"Elvis Mbugua Onyango","Grade 10 B",Male,"Mbita High School",c255730a-066f-496f-9d4e-5a497be26567
mock_c255730a_G10B_053,MOCK-C255-G10B-053,"Emmanuel Ochieng Rotich","Grade 10 B",Male,"Mbita High School",c255730a-066f-496f-9d4e-5a497be26567
mock_c255730a_G10B_054,MOCK-C255-G10B-054,"Cynthia Kamau Nyokabi","Grade 10 B",Female,"Mbita High School",c255730a-066f-496f-9d4e-5a497be26567
mock_c255730a_G10B_055,MOCK-C255-G10B-055,"Mitchelle Auma Wanjiru","Grade 10 B",Female,"Mbita High School",c255730a-066f-496f-9d4e-5a497be26567
mock_c255730a_G10B_056,MOCK-C255-G10B-056,"Christine Kibet Korir","Grade 10 B",Female,"Mbita High School",c255730a-066f-496f-9d4e-5a497be26567
mock_c255730a_G10B_057,MOCK-C255-G10B-057,"Stella Korir Cheruiyot","Grade 10 B",Female,"Mbita High School",c255730a-066f-496f-9d4e-5a497be26567
mock_c255730a_G10B_058,MOCK-C255-G10B-058,"Esther Omondi Adhiambo","Grade 10 B",Female,"Mbita High School",c255730a-066f-496f-9d4e-5a497be26567
mock_c255730a_G10B_059,MOCK-C255-G10B-059,"Duncan Mbugua Mutua","Grade 10 B",Male,"Mbita High School",c255730a-066f-496f-9d4e-5a497be26567
mock_c255730a_G10B_060,MOCK-C255-G10B-060,"Ann Wairimu Kariuki","Grade 10 B",Female,"Mbita High School",c255730a-066f-496f-9d4e-5a497be26567
mock_c255730a_G11A_001,MOCK-C255-G11A-001,"Linet Chebet Wambui","Grade 11 A",Female,"Mbita High School",c255730a-066f-496f-9d4e-5a497be26567
mock_c255730a_G11A_002,MOCK-C255-G11A-002,"George Njeri Kipchoge","Grade 11 A",Male,"Mbita High School",c255730a-066f-496f-9d4e-5a497be26567
mock_c255730a_G11A_003,MOCK-C255-G11A-003,"Lydia Wambui Kiplagat","Grade 11 A",Female,"Mbita High School",c255730a-066f-496f-9d4e-5a497be26567
mock_c255730a_G11A_004,MOCK-C255-G11A-004,"Patrick Owino Mbugua","Grade 11 A",Male,"Mbita High School",c255730a-066f-496f-9d4e-5a497be26567
mock_c255730a_G11A_005,MOCK-C255-G11A-005,"Stephen Mutiso Auma","Grade 11 A",Male,"Mbita High School",c255730a-066f-496f-9d4e-5a497be26567
mock_c255730a_G11A_006,MOCK-C255-G11A-006,"Victor Chebet Rotich","Grade 11 A",Male,"Mbita High School",c255730a-066f-496f-9d4e-5a497be26567
mock_c255730a_G11A_007,MOCK-C255-G11A-007,"Nancy Nyambura Omondi","Grade 11 A",Female,"Mbita High School",c255730a-066f-496f-9d4e-5a497be26567
mock_c255730a_G11A_008,MOCK-C255-G11A-008,"Pauline Mutiso Mutiso","Grade 11 A",Female,"Mbita High School",c255730a-066f-496f-9d4e-5a497be26567
mock_c255730a_G11A_009,MOCK-C255-G11A-009,"George Njeri Simiyu","Grade 11 A",Male,"Mbita High School",c255730a-066f-496f-9d4e-5a497be26567
mock_c255730a_G11A_010,MOCK-C255-G11A-010,"Lucy Akinyi Kibet","Grade 11 A",Female,"Mbita High School",c255730a-066f-496f-9d4e-5a497be26567
mock_c255730a_G11A_011,MOCK-C255-G11A-011,"Emmanuel Atieno Kipchoge","Grade 11 A",Male,"Mbita High School",c255730a-066f-496f-9d4e-5a497be26567
mock_c255730a_G11A_012,MOCK-C255-G11A-012,"George Omondi Wairimu","Grade 11 A",Male,"Mbita High School",c255730a-066f-496f-9d4e-5a497be26567
mock_c255730a_G11A_013,MOCK-C255-G11A-013,"Emmanuel Wambui Mutiso","Grade 11 A",Male,"Mbita High School",c255730a-066f-496f-9d4e-5a497be26567
mock_c255730a_G11A_014,MOCK-C255-G11A-014,"Dennis Kamau Njeri","Grade 11 A",Male,"Mbita High School",c255730a-066f-496f-9d4e-5a497be26567
mock_c255730a_G11A_015,MOCK-C255-G11A-015,"Beatrice Gitau Adhiambo","Grade 11 A",Female,"Mbita High School",c255730a-066f-496f-9d4e-5a497be26567
mock_c255730a_G11A_016,MOCK-C255-G11A-016,"Lucy Kiplagat Wanjiru","Grade 11 A",Female,"Mbita High School",c255730a-066f-496f-9d4e-5a497be26567
mock_c255730a_G11A_017,MOCK-C255-G11A-017,"Janet Adhiambo Wambui","Grade 11 A",Female,"Mbita High School",c255730a-066f-496f-9d4e-5a497be26567
mock_c255730a_G11A_018,MOCK-C255-G11A-018,"Eric Akinyi Adhiambo","Grade 11 A",Male,"Mbita High School",c255730a-066f-496f-9d4e-5a497be26567
mock_c255730a_G11A_019,MOCK-C255-G11A-019,"Brian Nyambura Chepkemoi","Grade 11 A",Male,"Mbita High School",c255730a-066f-496f-9d4e-5a497be26567
mock_c255730a_G11A_020,MOCK-C255-G11A-020,"Emmanuel Auma Nyambura","Grade 11 A",Male,"Mbita High School",c255730a-066f-496f-9d4e-5a497be26567
mock_c255730a_G11A_021,MOCK-C255-G11A-021,"Mercy Chepkemoi Karanja","Grade 11 A",Female,"Mbita High School",c255730a-066f-496f-9d4e-5a497be26567
mock_c255730a_G11A_022,MOCK-C255-G11A-022,"Ian Wambui Onyango","Grade 11 A",Male,"Mbita High School",c255730a-066f-496f-9d4e-5a497be26567
mock_c255730a_G11A_023,MOCK-C255-G11A-023,"Vincent Mwangi Otieno","Grade 11 A",Male,"Mbita High School",c255730a-066f-496f-9d4e-5a497be26567
mock_c255730a_G11A_024,MOCK-C255-G11A-024,"Michael Wafula Mwangi","Grade 11 A",Male,"Mbita High School",c255730a-066f-496f-9d4e-5a497be26567
mock_c255730a_G11A_025,MOCK-C255-G11A-025,"Brian Chepkemoi Odhiambo","Grade 11 A",Male,"Mbita High School",c255730a-066f-496f-9d4e-5a497be26567
mock_c255730a_G11A_026,MOCK-C255-G11A-026,"Felix Korir Karanja","Grade 11 A",Male,"Mbita High School",c255730a-066f-496f-9d4e-5a497be26567
mock_c255730a_G11A_027,MOCK-C255-G11A-027,"Felix Mutiso Chepkemoi","Grade 11 A",Male,"Mbita High School",c255730a-066f-496f-9d4e-5a497be26567
mock_c255730a_G11A_028,MOCK-C255-G11A-028,"Anthony Juma Mutua","Grade 11 A",Male,"Mbita High School",c255730a-066f-496f-9d4e-5a497be26567
mock_c255730a_G11A_029,MOCK-C255-G11A-029,"Maureen Gitau Mutiso","Grade 11 A",Female,"Mbita High School",c255730a-066f-496f-9d4e-5a497be26567
mock_c255730a_G11A_030,MOCK-C255-G11A-030,"Diana Wambui Achieng","Grade 11 A",Female,"Mbita High School",c255730a-066f-496f-9d4e-5a497be26567
mock_c255730a_G11A_031,MOCK-C255-G11A-031,"Joseph Adhiambo Kamau","Grade 11 A",Male,"Mbita High School",c255730a-066f-496f-9d4e-5a497be26567
mock_c255730a_G11A_032,MOCK-C255-G11A-032,"Cornelius Nyambura Ochieng","Grade 11 A",Male,"Mbita High School",c255730a-066f-496f-9d4e-5a497be26567
mock_c255730a_G11A_033,MOCK-C255-G11A-033,"Sharon Njoroge Omondi","Grade 11 A",Female,"Mbita High School",c255730a-066f-496f-9d4e-5a497be26567
mock_c255730a_G11A_034,MOCK-C255-G11A-034,"Kelvin Gitau Kamau","Grade 11 A",Male,"Mbita High School",c255730a-066f-496f-9d4e-5a497be26567
mock_c255730a_G11A_035,MOCK-C255-G11A-035,"Victor Mwangi Mutua","Grade 11 A",Male,"Mbita High School",c255730a-066f-496f-9d4e-5a497be26567
mock_c255730a_G11A_036,MOCK-C255-G11A-036,"Vincent Wafula Juma","Grade 11 A",Male,"Mbita High School",c255730a-066f-496f-9d4e-5a497be26567
mock_c255730a_G11A_037,MOCK-C255-G11A-037,"Vincent Nyokabi Cheruiyot","Grade 11 A",Male,"Mbita High School",c255730a-066f-496f-9d4e-5a497be26567
mock_c255730a_G11A_038,MOCK-C255-G11A-038,"Cornelius Kariuki Njeri","Grade 11 A",Male,"Mbita High School",c255730a-066f-496f-9d4e-5a497be26567
mock_c255730a_G11A_039,MOCK-C255-G11A-039,"Caroline Kariuki Odhiambo","Grade 11 A",Female,"Mbita High School",c255730a-066f-496f-9d4e-5a497be26567
mock_c255730a_G11A_040,MOCK-C255-G11A-040,"Doreen Korir Chepkemoi","Grade 11 A",Female,"Mbita High School",c255730a-066f-496f-9d4e-5a497be26567
mock_c255730a_G11A_041,MOCK-C255-G11A-041,"Allan Ochieng Odhiambo","Grade 11 A",Male,"Mbita High School",c255730a-066f-496f-9d4e-5a497be26567
mock_c255730a_G11A_042,MOCK-C255-G11A-042,"Nicholas Onyango Auma","Grade 11 A",Male,"Mbita High School",c255730a-066f-496f-9d4e-5a497be26567
mock_c255730a_G11A_043,MOCK-C255-G11A-043,"Mercy Chebet Omondi","Grade 11 A",Female,"Mbita High School",c255730a-066f-496f-9d4e-5a497be26567
mock_c255730a_G11A_044,MOCK-C255-G11A-044,"Dennis Wafula Nyokabi","Grade 11 A",Male,"Mbita High School",c255730a-066f-496f-9d4e-5a497be26567
mock_c255730a_G11A_045,MOCK-C255-G11A-045,"Mercy Njeri Kibet","Grade 11 A",Female,"Mbita High School",c255730a-066f-496f-9d4e-5a497be26567
mock_c255730a_G11A_046,MOCK-C255-G11A-046,"Michael Barasa Achieng","Grade 11 A",Male,"Mbita High School",c255730a-066f-496f-9d4e-5a497be26567
mock_c255730a_G11A_047,MOCK-C255-G11A-047,"Valentine Juma Cheruiyot","Grade 11 A",Female,"Mbita High School",c255730a-066f-496f-9d4e-5a497be26567
mock_c255730a_G11A_048,MOCK-C255-G11A-048,"Collins Mutiso Njoroge","Grade 11 A",Male,"Mbita High School",c255730a-066f-496f-9d4e-5a497be26567
mock_c255730a_G11A_049,MOCK-C255-G11A-049,"Winnie Achieng Kamau","Grade 11 A",Female,"Mbita High School",c255730a-066f-496f-9d4e-5a497be26567
mock_c255730a_G11A_050,MOCK-C255-G11A-050,"Eunice Akinyi Wafula","Grade 11 A",Female,"Mbita High School",c255730a-066f-496f-9d4e-5a497be26567
mock_c255730a_G11A_051,MOCK-C255-G11A-051,"Diana Cheruiyot Kamau","Grade 11 A",Female,"Mbita High School",c255730a-066f-496f-9d4e-5a497be26567
mock_c255730a_G11A_052,MOCK-C255-G11A-052,"Esther Rotich Nyambura","Grade 11 A",Female,"Mbita High School",c255730a-066f-496f-9d4e-5a497be26567
mock_c255730a_G11A_053,MOCK-C255-G11A-053,"Emmanuel Simiyu Adhiambo","Grade 11 A",Male,"Mbita High School",c255730a-066f-496f-9d4e-5a497be26567
mock_c255730a_G11A_054,MOCK-C255-G11A-054,"Joseph Nyokabi Auma","Grade 11 A",Male,"Mbita High School",c255730a-066f-496f-9d4e-5a497be26567
mock_c255730a_G11A_055,MOCK-C255-G11A-055,"George Omondi Simiyu","Grade 11 A",Male,"Mbita High School",c255730a-066f-496f-9d4e-5a497be26567
mock_c255730a_G11A_056,MOCK-C255-G11A-056,"Vincent Otieno Mutiso","Grade 11 A",Male,"Mbita High School",c255730a-066f-496f-9d4e-5a497be26567
mock_c255730a_G11A_057,MOCK-C255-G11A-057,"Dennis Wambui Nyokabi","Grade 11 A",Male,"Mbita High School",c255730a-066f-496f-9d4e-5a497be26567
mock_c255730a_G11A_058,MOCK-C255-G11A-058,"Purity Mutiso Auma","Grade 11 A",Female,"Mbita High School",c255730a-066f-496f-9d4e-5a497be26567
mock_c255730a_G11A_059,MOCK-C255-G11A-059,"Mercy Omondi Mwangi","Grade 11 A",Female,"Mbita High School",c255730a-066f-496f-9d4e-5a497be26567
mock_c255730a_G11A_060,MOCK-C255-G11A-060,"Grace Were Akinyi","Grade 11 A",Female,"Mbita High School",c255730a-066f-496f-9d4e-5a497be26567
mock_c255730a_G11B_001,MOCK-C255-G11B-001,"Kevin Juma Cheruiyot","Grade 11 B",Male,"Mbita High School",c255730a-066f-496f-9d4e-5a497be26567
mock_c255730a_G11B_002,MOCK-C255-G11B-002,"Eric Achieng Kibet","Grade 11 B",Male,"Mbita High School",c255730a-066f-496f-9d4e-5a497be26567
mock_c255730a_G11B_003,MOCK-C255-G11B-003,"Eric Otieno Wafula","Grade 11 B",Male,"Mbita High School",c255730a-066f-496f-9d4e-5a497be26567
mock_c255730a_G11B_004,MOCK-C255-G11B-004,"Linet Mbugua Atieno","Grade 11 B",Female,"Mbita High School",c255730a-066f-496f-9d4e-5a497be26567
mock_c255730a_G11B_005,MOCK-C255-G11B-005,"Mercy Were Wanjiru","Grade 11 B",Female,"Mbita High School",c255730a-066f-496f-9d4e-5a497be26567
mock_c255730a_G11B_006,MOCK-C255-G11B-006,"Ann Wambui Mbugua","Grade 11 B",Female,"Mbita High School",c255730a-066f-496f-9d4e-5a497be26567
mock_c255730a_G11B_007,MOCK-C255-G11B-007,"Beatrice Atieno Ochieng","Grade 11 B",Female,"Mbita High School",c255730a-066f-496f-9d4e-5a497be26567
mock_c255730a_G11B_008,MOCK-C255-G11B-008,"Sharon Njoroge Onyango","Grade 11 B",Female,"Mbita High School",c255730a-066f-496f-9d4e-5a497be26567
mock_c255730a_G11B_009,MOCK-C255-G11B-009,"Dennis Wanjiru Ochieng","Grade 11 B",Male,"Mbita High School",c255730a-066f-496f-9d4e-5a497be26567
mock_c255730a_G11B_010,MOCK-C255-G11B-010,"Winnie Kibet Adhiambo","Grade 11 B",Female,"Mbita High School",c255730a-066f-496f-9d4e-5a497be26567
mock_c255730a_G11B_011,MOCK-C255-G11B-011,"Ann Mutua Onyango","Grade 11 B",Female,"Mbita High School",c255730a-066f-496f-9d4e-5a497be26567
mock_c255730a_G11B_012,MOCK-C255-G11B-012,"Stephen Odhiambo Kariuki","Grade 11 B",Male,"Mbita High School",c255730a-066f-496f-9d4e-5a497be26567
mock_c255730a_G11B_013,MOCK-C255-G11B-013,"Elvis Kariuki Njeri","Grade 11 B",Male,"Mbita High School",c255730a-066f-496f-9d4e-5a497be26567
mock_c255730a_G11B_014,MOCK-C255-G11B-014,"Duncan Were Owino","Grade 11 B",Male,"Mbita High School",c255730a-066f-496f-9d4e-5a497be26567
mock_c255730a_G11B_015,MOCK-C255-G11B-015,"Cynthia Kipchoge Mwangi","Grade 11 B",Female,"Mbita High School",c255730a-066f-496f-9d4e-5a497be26567
mock_c255730a_G11B_016,MOCK-C255-G11B-016,"Mitchelle Mbugua Maina","Grade 11 B",Female,"Mbita High School",c255730a-066f-496f-9d4e-5a497be26567
mock_c255730a_G11B_017,MOCK-C255-G11B-017,"Sylvia Adhiambo Achieng","Grade 11 B",Female,"Mbita High School",c255730a-066f-496f-9d4e-5a497be26567
mock_c255730a_G11B_018,MOCK-C255-G11B-018,"Brenda Chebet Njeri","Grade 11 B",Female,"Mbita High School",c255730a-066f-496f-9d4e-5a497be26567
mock_c255730a_G11B_019,MOCK-C255-G11B-019,"Nancy Nyokabi Simiyu","Grade 11 B",Female,"Mbita High School",c255730a-066f-496f-9d4e-5a497be26567
mock_c255730a_G11B_020,MOCK-C255-G11B-020,"Rose Ochieng Achieng","Grade 11 B",Female,"Mbita High School",c255730a-066f-496f-9d4e-5a497be26567
mock_c255730a_G11B_021,MOCK-C255-G11B-021,"Brayan Kibet Ochieng","Grade 11 B",Male,"Mbita High School",c255730a-066f-496f-9d4e-5a497be26567
mock_c255730a_G11B_022,MOCK-C255-G11B-022,"Felix Wairimu Njoroge","Grade 11 B",Male,"Mbita High School",c255730a-066f-496f-9d4e-5a497be26567
mock_c255730a_G11B_023,MOCK-C255-G11B-023,"Ian Omondi Kariuki","Grade 11 B",Male,"Mbita High School",c255730a-066f-496f-9d4e-5a497be26567
mock_c255730a_G11B_024,MOCK-C255-G11B-024,"Eric Njoroge Otieno","Grade 11 B",Male,"Mbita High School",c255730a-066f-496f-9d4e-5a497be26567
mock_c255730a_G11B_025,MOCK-C255-G11B-025,"Samuel Njoroge Mutua","Grade 11 B",Male,"Mbita High School",c255730a-066f-496f-9d4e-5a497be26567
mock_c255730a_G11B_026,MOCK-C255-G11B-026,"Eric Wambui Nyokabi","Grade 11 B",Male,"Mbita High School",c255730a-066f-496f-9d4e-5a497be26567
mock_c255730a_G11B_027,MOCK-C255-G11B-027,"Elvis Auma Wanjiru","Grade 11 B",Male,"Mbita High School",c255730a-066f-496f-9d4e-5a497be26567
mock_c255730a_G11B_028,MOCK-C255-G11B-028,"Janet Maina Achieng","Grade 11 B",Female,"Mbita High School",c255730a-066f-496f-9d4e-5a497be26567
mock_c255730a_G11B_029,MOCK-C255-G11B-029,"Valentine Wairimu Gitau","Grade 11 B",Female,"Mbita High School",c255730a-066f-496f-9d4e-5a497be26567
mock_c255730a_G11B_030,MOCK-C255-G11B-030,"Joseph Omondi Mutiso","Grade 11 B",Male,"Mbita High School",c255730a-066f-496f-9d4e-5a497be26567
mock_c255730a_G11B_031,MOCK-C255-G11B-031,"Janet Akinyi Ochieng","Grade 11 B",Female,"Mbita High School",c255730a-066f-496f-9d4e-5a497be26567
mock_c255730a_G11B_032,MOCK-C255-G11B-032,"Duncan Were Were","Grade 11 B",Male,"Mbita High School",c255730a-066f-496f-9d4e-5a497be26567
mock_c255730a_G11B_033,MOCK-C255-G11B-033,"Sharon Achieng Wambui","Grade 11 B",Female,"Mbita High School",c255730a-066f-496f-9d4e-5a497be26567
mock_c255730a_G11B_034,MOCK-C255-G11B-034,"Anthony Cheruiyot Karanja","Grade 11 B",Male,"Mbita High School",c255730a-066f-496f-9d4e-5a497be26567
mock_c255730a_G11B_035,MOCK-C255-G11B-035,"Patrick Kibet Wafula","Grade 11 B",Male,"Mbita High School",c255730a-066f-496f-9d4e-5a497be26567
mock_c255730a_G11B_036,MOCK-C255-G11B-036,"Doreen Wairimu Kiplagat","Grade 11 B",Female,"Mbita High School",c255730a-066f-496f-9d4e-5a497be26567
mock_c255730a_G11B_037,MOCK-C255-G11B-037,"Lydia Adhiambo Wairimu","Grade 11 B",Female,"Mbita High School",c255730a-066f-496f-9d4e-5a497be26567
mock_c255730a_G11B_038,MOCK-C255-G11B-038,"Samuel Gitau Wambui","Grade 11 B",Male,"Mbita High School",c255730a-066f-496f-9d4e-5a497be26567
mock_c255730a_G11B_039,MOCK-C255-G11B-039,"Emmanuel Kipchoge Kariuki","Grade 11 B",Male,"Mbita High School",c255730a-066f-496f-9d4e-5a497be26567
mock_c255730a_G11B_040,MOCK-C255-G11B-040,"Winnie Adhiambo Mbugua","Grade 11 B",Female,"Mbita High School",c255730a-066f-496f-9d4e-5a497be26567
mock_c255730a_G11B_041,MOCK-C255-G11B-041,"Kelvin Simiyu Korir","Grade 11 B",Male,"Mbita High School",c255730a-066f-496f-9d4e-5a497be26567
mock_c255730a_G11B_042,MOCK-C255-G11B-042,"Kevin Kamau Onyango","Grade 11 B",Male,"Mbita High School",c255730a-066f-496f-9d4e-5a497be26567
mock_c255730a_G11B_043,MOCK-C255-G11B-043,"Peter Nyokabi Njeri","Grade 11 B",Male,"Mbita High School",c255730a-066f-496f-9d4e-5a497be26567
mock_c255730a_G11B_044,MOCK-C255-G11B-044,"Brenda Karanja Mwangi","Grade 11 B",Female,"Mbita High School",c255730a-066f-496f-9d4e-5a497be26567
mock_c255730a_G11B_045,MOCK-C255-G11B-045,"Joy Ochieng Barasa","Grade 11 B",Female,"Mbita High School",c255730a-066f-496f-9d4e-5a497be26567
mock_c255730a_G11B_046,MOCK-C255-G11B-046,"Emmanuel Mbugua Chebet","Grade 11 B",Male,"Mbita High School",c255730a-066f-496f-9d4e-5a497be26567
mock_c255730a_G11B_047,MOCK-C255-G11B-047,"Mercy Achieng Mbugua","Grade 11 B",Female,"Mbita High School",c255730a-066f-496f-9d4e-5a497be26567
mock_c255730a_G11B_048,MOCK-C255-G11B-048,"Stella Korir Nyambura","Grade 11 B",Female,"Mbita High School",c255730a-066f-496f-9d4e-5a497be26567
mock_c255730a_G11B_049,MOCK-C255-G11B-049,"Rose Mwangi Auma","Grade 11 B",Female,"Mbita High School",c255730a-066f-496f-9d4e-5a497be26567
mock_c255730a_G11B_050,MOCK-C255-G11B-050,"Gideon Rotich Korir","Grade 11 B",Male,"Mbita High School",c255730a-066f-496f-9d4e-5a497be26567
mock_c255730a_G11B_051,MOCK-C255-G11B-051,"Diana Kamau Kibet","Grade 11 B",Female,"Mbita High School",c255730a-066f-496f-9d4e-5a497be26567
mock_c255730a_G11B_052,MOCK-C255-G11B-052,"Vincent Were Odhiambo","Grade 11 B",Male,"Mbita High School",c255730a-066f-496f-9d4e-5a497be26567
mock_c255730a_G11B_053,MOCK-C255-G11B-053,"Esther Wafula Atieno","Grade 11 B",Female,"Mbita High School",c255730a-066f-496f-9d4e-5a497be26567
mock_c255730a_G11B_054,MOCK-C255-G11B-054,"Daniel Ochieng Barasa","Grade 11 B",Male,"Mbita High School",c255730a-066f-496f-9d4e-5a497be26567
mock_c255730a_G11B_055,MOCK-C255-G11B-055,"Elvis Wairimu Otieno","Grade 11 B",Male,"Mbita High School",c255730a-066f-496f-9d4e-5a497be26567
mock_c255730a_G11B_056,MOCK-C255-G11B-056,"Winnie Omondi Wairimu","Grade 11 B",Female,"Mbita High School",c255730a-066f-496f-9d4e-5a497be26567
mock_c255730a_G11B_057,MOCK-C255-G11B-057,"Joseph Adhiambo Mutiso","Grade 11 B",Male,"Mbita High School",c255730a-066f-496f-9d4e-5a497be26567
mock_c255730a_G11B_058,MOCK-C255-G11B-058,"Felix Wafula Mutua","Grade 11 B",Male,"Mbita High School",c255730a-066f-496f-9d4e-5a497be26567
mock_c255730a_G11B_059,MOCK-C255-G11B-059,"Eunice Kamau Juma","Grade 11 B",Female,"Mbita High School",c255730a-066f-496f-9d4e-5a497be26567
mock_c255730a_G11B_060,MOCK-C255-G11B-060,"Brian Barasa Chepkemoi","Grade 11 B",Male,"Mbita High School",c255730a-066f-496f-9d4e-5a497be26567
mock_c255730a_G12A_001,MOCK-C255-G12A-001,"Cornelius Mutua Chebet","Grade 12 A",Male,"Mbita High School",c255730a-066f-496f-9d4e-5a497be26567
mock_c255730a_G12A_002,MOCK-C255-G12A-002,"Esther Wairimu Korir","Grade 12 A",Female,"Mbita High School",c255730a-066f-496f-9d4e-5a497be26567
mock_c255730a_G12A_003,MOCK-C255-G12A-003,"Linet Wambui Cheruiyot","Grade 12 A",Female,"Mbita High School",c255730a-066f-496f-9d4e-5a497be26567
mock_c255730a_G12A_004,MOCK-C255-G12A-004,"Charles Njeri Omondi","Grade 12 A",Male,"Mbita High School",c255730a-066f-496f-9d4e-5a497be26567
mock_c255730a_G12A_005,MOCK-C255-G12A-005,"Michael Wambui Njoroge","Grade 12 A",Male,"Mbita High School",c255730a-066f-496f-9d4e-5a497be26567
mock_c255730a_G12A_006,MOCK-C255-G12A-006,"Esther Adhiambo Otieno","Grade 12 A",Female,"Mbita High School",c255730a-066f-496f-9d4e-5a497be26567
mock_c255730a_G12A_007,MOCK-C255-G12A-007,"Pauline Kiplagat Karanja","Grade 12 A",Female,"Mbita High School",c255730a-066f-496f-9d4e-5a497be26567
mock_c255730a_G12A_008,MOCK-C255-G12A-008,"Samuel Mutua Karanja","Grade 12 A",Male,"Mbita High School",c255730a-066f-496f-9d4e-5a497be26567
mock_c255730a_G12A_009,MOCK-C255-G12A-009,"Cynthia Simiyu Kibet","Grade 12 A",Female,"Mbita High School",c255730a-066f-496f-9d4e-5a497be26567
mock_c255730a_G12A_010,MOCK-C255-G12A-010,"Martin Akinyi Adhiambo","Grade 12 A",Male,"Mbita High School",c255730a-066f-496f-9d4e-5a497be26567
mock_c255730a_G12A_011,MOCK-C255-G12A-011,"George Atieno Korir","Grade 12 A",Male,"Mbita High School",c255730a-066f-496f-9d4e-5a497be26567
mock_c255730a_G12A_012,MOCK-C255-G12A-012,"Collins Mutiso Njoroge","Grade 12 A",Male,"Mbita High School",c255730a-066f-496f-9d4e-5a497be26567
mock_c255730a_G12A_013,MOCK-C255-G12A-013,"Brenda Juma Mutiso","Grade 12 A",Female,"Mbita High School",c255730a-066f-496f-9d4e-5a497be26567
mock_c255730a_G12A_014,MOCK-C255-G12A-014,"Pauline Omondi Korir","Grade 12 A",Female,"Mbita High School",c255730a-066f-496f-9d4e-5a497be26567
mock_c255730a_G12A_015,MOCK-C255-G12A-015,"Joy Wairimu Chepkemoi","Grade 12 A",Female,"Mbita High School",c255730a-066f-496f-9d4e-5a497be26567
mock_c255730a_G12A_016,MOCK-C255-G12A-016,"Pauline Mwangi Barasa","Grade 12 A",Female,"Mbita High School",c255730a-066f-496f-9d4e-5a497be26567
mock_c255730a_G12A_017,MOCK-C255-G12A-017,"Nicholas Mutua Kibet","Grade 12 A",Male,"Mbita High School",c255730a-066f-496f-9d4e-5a497be26567
mock_c255730a_G12A_018,MOCK-C255-G12A-018,"Faith Achieng Njoroge","Grade 12 A",Female,"Mbita High School",c255730a-066f-496f-9d4e-5a497be26567
mock_c255730a_G12A_019,MOCK-C255-G12A-019,"Janet Otieno Owino","Grade 12 A",Female,"Mbita High School",c255730a-066f-496f-9d4e-5a497be26567
mock_c255730a_G12A_020,MOCK-C255-G12A-020,"Samuel Kiplagat Chepkemoi","Grade 12 A",Male,"Mbita High School",c255730a-066f-496f-9d4e-5a497be26567
mock_c255730a_G12A_021,MOCK-C255-G12A-021,"Joseph Onyango Barasa","Grade 12 A",Male,"Mbita High School",c255730a-066f-496f-9d4e-5a497be26567
mock_c255730a_G12A_022,MOCK-C255-G12A-022,"Diana Barasa Rotich","Grade 12 A",Female,"Mbita High School",c255730a-066f-496f-9d4e-5a497be26567
mock_c255730a_G12A_023,MOCK-C255-G12A-023,"Mitchelle Akinyi Ochieng","Grade 12 A",Female,"Mbita High School",c255730a-066f-496f-9d4e-5a497be26567
mock_c255730a_G12A_024,MOCK-C255-G12A-024,"Mary Korir Mbugua","Grade 12 A",Female,"Mbita High School",c255730a-066f-496f-9d4e-5a497be26567
mock_c255730a_G12A_025,MOCK-C255-G12A-025,"Esther Nyambura Simiyu","Grade 12 A",Female,"Mbita High School",c255730a-066f-496f-9d4e-5a497be26567
mock_c255730a_G12A_026,MOCK-C255-G12A-026,"Kevin Adhiambo Njeri","Grade 12 A",Male,"Mbita High School",c255730a-066f-496f-9d4e-5a497be26567
mock_c255730a_G12A_027,MOCK-C255-G12A-027,"Dennis Karanja Achieng","Grade 12 A",Male,"Mbita High School",c255730a-066f-496f-9d4e-5a497be26567
mock_c255730a_G12A_028,MOCK-C255-G12A-028,"Mitchelle Wafula Auma","Grade 12 A",Female,"Mbita High School",c255730a-066f-496f-9d4e-5a497be26567
mock_c255730a_G12A_029,MOCK-C255-G12A-029,"Mary Njeri Mutiso","Grade 12 A",Female,"Mbita High School",c255730a-066f-496f-9d4e-5a497be26567
mock_c255730a_G12A_030,MOCK-C255-G12A-030,"Winnie Maina Omondi","Grade 12 A",Female,"Mbita High School",c255730a-066f-496f-9d4e-5a497be26567
mock_c255730a_G12A_031,MOCK-C255-G12A-031,"Mary Kamau Gitau","Grade 12 A",Female,"Mbita High School",c255730a-066f-496f-9d4e-5a497be26567
mock_c255730a_G12A_032,MOCK-C255-G12A-032,"Allan Juma Mbugua","Grade 12 A",Male,"Mbita High School",c255730a-066f-496f-9d4e-5a497be26567
mock_c255730a_G12A_033,MOCK-C255-G12A-033,"Ian Adhiambo Juma","Grade 12 A",Male,"Mbita High School",c255730a-066f-496f-9d4e-5a497be26567
mock_c255730a_G12A_034,MOCK-C255-G12A-034,"Linet Karanja Akinyi","Grade 12 A",Female,"Mbita High School",c255730a-066f-496f-9d4e-5a497be26567
mock_c255730a_G12A_035,MOCK-C255-G12A-035,"Valentine Cheruiyot Karanja","Grade 12 A",Female,"Mbita High School",c255730a-066f-496f-9d4e-5a497be26567
mock_c255730a_G12A_036,MOCK-C255-G12A-036,"Lucy Kiplagat Rotich","Grade 12 A",Female,"Mbita High School",c255730a-066f-496f-9d4e-5a497be26567
mock_c255730a_G12A_037,MOCK-C255-G12A-037,"Sylvia Kibet Rotich","Grade 12 A",Female,"Mbita High School",c255730a-066f-496f-9d4e-5a497be26567
mock_c255730a_G12A_038,MOCK-C255-G12A-038,"Christine Karanja Mutiso","Grade 12 A",Female,"Mbita High School",c255730a-066f-496f-9d4e-5a497be26567
mock_c255730a_G12A_039,MOCK-C255-G12A-039,"Stephen Kariuki Barasa","Grade 12 A",Male,"Mbita High School",c255730a-066f-496f-9d4e-5a497be26567
mock_c255730a_G12A_040,MOCK-C255-G12A-040,"Mary Mbugua Simiyu","Grade 12 A",Female,"Mbita High School",c255730a-066f-496f-9d4e-5a497be26567
mock_c255730a_G12A_041,MOCK-C255-G12A-041,"Lucy Cheruiyot Korir","Grade 12 A",Female,"Mbita High School",c255730a-066f-496f-9d4e-5a497be26567
mock_c255730a_G12A_042,MOCK-C255-G12A-042,"Brian Chepkemoi Onyango","Grade 12 A",Male,"Mbita High School",c255730a-066f-496f-9d4e-5a497be26567
mock_c255730a_G12A_043,MOCK-C255-G12A-043,"Emmanuel Onyango Chebet","Grade 12 A",Male,"Mbita High School",c255730a-066f-496f-9d4e-5a497be26567
mock_c255730a_G12A_044,MOCK-C255-G12A-044,"Martin Kiplagat Nyambura","Grade 12 A",Male,"Mbita High School",c255730a-066f-496f-9d4e-5a497be26567
mock_c255730a_G12A_045,MOCK-C255-G12A-045,"Nicholas Owino Karanja","Grade 12 A",Male,"Mbita High School",c255730a-066f-496f-9d4e-5a497be26567
mock_c255730a_G12A_046,MOCK-C255-G12A-046,"Pauline Karanja Chepkemoi","Grade 12 A",Female,"Mbita High School",c255730a-066f-496f-9d4e-5a497be26567
mock_c255730a_G12A_047,MOCK-C255-G12A-047,"Nicholas Wambui Ochieng","Grade 12 A",Male,"Mbita High School",c255730a-066f-496f-9d4e-5a497be26567
mock_c255730a_G12A_048,MOCK-C255-G12A-048,"Diana Adhiambo Nyambura","Grade 12 A",Female,"Mbita High School",c255730a-066f-496f-9d4e-5a497be26567
mock_c255730a_G12A_049,MOCK-C255-G12A-049,"Samuel Ochieng Were","Grade 12 A",Male,"Mbita High School",c255730a-066f-496f-9d4e-5a497be26567
mock_c255730a_G12A_050,MOCK-C255-G12A-050,"Cornelius Owino Ochieng","Grade 12 A",Male,"Mbita High School",c255730a-066f-496f-9d4e-5a497be26567
mock_c255730a_G12A_051,MOCK-C255-G12A-051,"Linet Auma Owino","Grade 12 A",Female,"Mbita High School",c255730a-066f-496f-9d4e-5a497be26567
mock_c255730a_G12A_052,MOCK-C255-G12A-052,"Eunice Mbugua Cheruiyot","Grade 12 A",Female,"Mbita High School",c255730a-066f-496f-9d4e-5a497be26567
mock_c255730a_G12A_053,MOCK-C255-G12A-053,"Winnie Mutua Simiyu","Grade 12 A",Female,"Mbita High School",c255730a-066f-496f-9d4e-5a497be26567
mock_c255730a_G12A_054,MOCK-C255-G12A-054,"Mary Achieng Atieno","Grade 12 A",Female,"Mbita High School",c255730a-066f-496f-9d4e-5a497be26567
mock_c255730a_G12A_055,MOCK-C255-G12A-055,"Mary Adhiambo Cheruiyot","Grade 12 A",Female,"Mbita High School",c255730a-066f-496f-9d4e-5a497be26567
mock_c255730a_G12A_056,MOCK-C255-G12A-056,"Daniel Wafula Juma","Grade 12 A",Male,"Mbita High School",c255730a-066f-496f-9d4e-5a497be26567
mock_c255730a_G12A_057,MOCK-C255-G12A-057,"Brayan Wafula Kamau","Grade 12 A",Male,"Mbita High School",c255730a-066f-496f-9d4e-5a497be26567
mock_c255730a_G12A_058,MOCK-C255-G12A-058,"Pauline Akinyi Gitau","Grade 12 A",Female,"Mbita High School",c255730a-066f-496f-9d4e-5a497be26567
mock_c255730a_G12A_059,MOCK-C255-G12A-059,"Brenda Atieno Kibet","Grade 12 A",Female,"Mbita High School",c255730a-066f-496f-9d4e-5a497be26567
mock_c255730a_G12A_060,MOCK-C255-G12A-060,"Samuel Nyambura Chebet","Grade 12 A",Male,"Mbita High School",c255730a-066f-496f-9d4e-5a497be26567
mock_c255730a_G12B_001,MOCK-C255-G12B-001,"Nicholas Chebet Mwangi","Grade 12 B",Male,"Mbita High School",c255730a-066f-496f-9d4e-5a497be26567
mock_c255730a_G12B_002,MOCK-C255-G12B-002,"Victor Barasa Simiyu","Grade 12 B",Male,"Mbita High School",c255730a-066f-496f-9d4e-5a497be26567
mock_c255730a_G12B_003,MOCK-C255-G12B-003,"Esther Mbugua Wafula","Grade 12 B",Female,"Mbita High School",c255730a-066f-496f-9d4e-5a497be26567
mock_c255730a_G12B_004,MOCK-C255-G12B-004,"Rose Njeri Were","Grade 12 B",Female,"Mbita High School",c255730a-066f-496f-9d4e-5a497be26567
mock_c255730a_G12B_005,MOCK-C255-G12B-005,"Brian Wairimu Onyango","Grade 12 B",Male,"Mbita High School",c255730a-066f-496f-9d4e-5a497be26567
mock_c255730a_G12B_006,MOCK-C255-G12B-006,"Janet Were Nyokabi","Grade 12 B",Female,"Mbita High School",c255730a-066f-496f-9d4e-5a497be26567
mock_c255730a_G12B_007,MOCK-C255-G12B-007,"Martin Auma Njoroge","Grade 12 B",Male,"Mbita High School",c255730a-066f-496f-9d4e-5a497be26567
mock_c255730a_G12B_008,MOCK-C255-G12B-008,"Fredrick Simiyu Karanja","Grade 12 B",Male,"Mbita High School",c255730a-066f-496f-9d4e-5a497be26567
mock_c255730a_G12B_009,MOCK-C255-G12B-009,"Linet Mutua Mutiso","Grade 12 B",Female,"Mbita High School",c255730a-066f-496f-9d4e-5a497be26567
mock_c255730a_G12B_010,MOCK-C255-G12B-010,"Allan Mutua Mwangi","Grade 12 B",Male,"Mbita High School",c255730a-066f-496f-9d4e-5a497be26567
mock_c255730a_G12B_011,MOCK-C255-G12B-011,"Beatrice Otieno Chepkemoi","Grade 12 B",Female,"Mbita High School",c255730a-066f-496f-9d4e-5a497be26567
mock_c255730a_G12B_012,MOCK-C255-G12B-012,"Elvis Kipchoge Kariuki","Grade 12 B",Male,"Mbita High School",c255730a-066f-496f-9d4e-5a497be26567
mock_c255730a_G12B_013,MOCK-C255-G12B-013,"Ann Mwangi Cheruiyot","Grade 12 B",Female,"Mbita High School",c255730a-066f-496f-9d4e-5a497be26567
mock_c255730a_G12B_014,MOCK-C255-G12B-014,"Joseph Kiplagat Kamau","Grade 12 B",Male,"Mbita High School",c255730a-066f-496f-9d4e-5a497be26567
mock_c255730a_G12B_015,MOCK-C255-G12B-015,"Joy Were Kariuki","Grade 12 B",Female,"Mbita High School",c255730a-066f-496f-9d4e-5a497be26567
mock_c255730a_G12B_016,MOCK-C255-G12B-016,"Charles Kariuki Chebet","Grade 12 B",Male,"Mbita High School",c255730a-066f-496f-9d4e-5a497be26567
mock_c255730a_G12B_017,MOCK-C255-G12B-017,"Martin Nyambura Maina","Grade 12 B",Male,"Mbita High School",c255730a-066f-496f-9d4e-5a497be26567
mock_c255730a_G12B_018,MOCK-C255-G12B-018,"Brian Barasa Were","Grade 12 B",Male,"Mbita High School",c255730a-066f-496f-9d4e-5a497be26567
mock_c255730a_G12B_019,MOCK-C255-G12B-019,"Daniel Achieng Nyokabi","Grade 12 B",Male,"Mbita High School",c255730a-066f-496f-9d4e-5a497be26567
mock_c255730a_G12B_020,MOCK-C255-G12B-020,"Ann Kibet Kibet","Grade 12 B",Female,"Mbita High School",c255730a-066f-496f-9d4e-5a497be26567
mock_c255730a_G12B_021,MOCK-C255-G12B-021,"Caroline Kiplagat Wambui","Grade 12 B",Female,"Mbita High School",c255730a-066f-496f-9d4e-5a497be26567
mock_c255730a_G12B_022,MOCK-C255-G12B-022,"Patrick Simiyu Rotich","Grade 12 B",Male,"Mbita High School",c255730a-066f-496f-9d4e-5a497be26567
mock_c255730a_G12B_023,MOCK-C255-G12B-023,"Purity Mwangi Were","Grade 12 B",Female,"Mbita High School",c255730a-066f-496f-9d4e-5a497be26567
mock_c255730a_G12B_024,MOCK-C255-G12B-024,"Peter Wairimu Mutua","Grade 12 B",Male,"Mbita High School",c255730a-066f-496f-9d4e-5a497be26567
mock_c255730a_G12B_025,MOCK-C255-G12B-025,"Winnie Adhiambo Nyokabi","Grade 12 B",Female,"Mbita High School",c255730a-066f-496f-9d4e-5a497be26567
mock_c255730a_G12B_026,MOCK-C255-G12B-026,"Collins Simiyu Achieng","Grade 12 B",Male,"Mbita High School",c255730a-066f-496f-9d4e-5a497be26567
mock_c255730a_G12B_027,MOCK-C255-G12B-027,"Mary Adhiambo Chepkemoi","Grade 12 B",Female,"Mbita High School",c255730a-066f-496f-9d4e-5a497be26567
mock_c255730a_G12B_028,MOCK-C255-G12B-028,"Lydia Wairimu Njoroge","Grade 12 B",Female,"Mbita High School",c255730a-066f-496f-9d4e-5a497be26567
mock_c255730a_G12B_029,MOCK-C255-G12B-029,"Caroline Odhiambo Chebet","Grade 12 B",Female,"Mbita High School",c255730a-066f-496f-9d4e-5a497be26567
mock_c255730a_G12B_030,MOCK-C255-G12B-030,"Purity Owino Wambui","Grade 12 B",Female,"Mbita High School",c255730a-066f-496f-9d4e-5a497be26567
mock_c255730a_G12B_031,MOCK-C255-G12B-031,"Kevin Kiplagat Simiyu","Grade 12 B",Male,"Mbita High School",c255730a-066f-496f-9d4e-5a497be26567
mock_c255730a_G12B_032,MOCK-C255-G12B-032,"Stella Wanjiru Mutua","Grade 12 B",Female,"Mbita High School",c255730a-066f-496f-9d4e-5a497be26567
mock_c255730a_G12B_033,MOCK-C255-G12B-033,"Martin Akinyi Akinyi","Grade 12 B",Male,"Mbita High School",c255730a-066f-496f-9d4e-5a497be26567
mock_c255730a_G12B_034,MOCK-C255-G12B-034,"Valentine Mutua Mutua","Grade 12 B",Female,"Mbita High School",c255730a-066f-496f-9d4e-5a497be26567
mock_c255730a_G12B_035,MOCK-C255-G12B-035,"Brian Njoroge Nyokabi","Grade 12 B",Male,"Mbita High School",c255730a-066f-496f-9d4e-5a497be26567
mock_c255730a_G12B_036,MOCK-C255-G12B-036,"Anthony Adhiambo Omondi","Grade 12 B",Male,"Mbita High School",c255730a-066f-496f-9d4e-5a497be26567
mock_c255730a_G12B_037,MOCK-C255-G12B-037,"Cornelius Gitau Achieng","Grade 12 B",Male,"Mbita High School",c255730a-066f-496f-9d4e-5a497be26567
mock_c255730a_G12B_038,MOCK-C255-G12B-038,"Janet Wairimu Atieno","Grade 12 B",Female,"Mbita High School",c255730a-066f-496f-9d4e-5a497be26567
mock_c255730a_G12B_039,MOCK-C255-G12B-039,"Brian Juma Otieno","Grade 12 B",Male,"Mbita High School",c255730a-066f-496f-9d4e-5a497be26567
mock_c255730a_G12B_040,MOCK-C255-G12B-040,"Joy Rotich Were","Grade 12 B",Female,"Mbita High School",c255730a-066f-496f-9d4e-5a497be26567
mock_c255730a_G12B_041,MOCK-C255-G12B-041,"Sharon Mutiso Atieno","Grade 12 B",Female,"Mbita High School",c255730a-066f-496f-9d4e-5a497be26567
mock_c255730a_G12B_042,MOCK-C255-G12B-042,"Brian Wanjiru Barasa","Grade 12 B",Male,"Mbita High School",c255730a-066f-496f-9d4e-5a497be26567
mock_c255730a_G12B_043,MOCK-C255-G12B-043,"Joy Rotich Omondi","Grade 12 B",Female,"Mbita High School",c255730a-066f-496f-9d4e-5a497be26567
mock_c255730a_G12B_044,MOCK-C255-G12B-044,"Joseph Kibet Cheruiyot","Grade 12 B",Male,"Mbita High School",c255730a-066f-496f-9d4e-5a497be26567
mock_c255730a_G12B_045,MOCK-C255-G12B-045,"Mitchelle Njeri Korir","Grade 12 B",Female,"Mbita High School",c255730a-066f-496f-9d4e-5a497be26567
mock_c255730a_G12B_046,MOCK-C255-G12B-046,"Ian Chepkemoi Odhiambo","Grade 12 B",Male,"Mbita High School",c255730a-066f-496f-9d4e-5a497be26567
mock_c255730a_G12B_047,MOCK-C255-G12B-047,"Martin Cheruiyot Atieno","Grade 12 B",Male,"Mbita High School",c255730a-066f-496f-9d4e-5a497be26567
mock_c255730a_G12B_048,MOCK-C255-G12B-048,"Peter Akinyi Otieno","Grade 12 B",Male,"Mbita High School",c255730a-066f-496f-9d4e-5a497be26567
mock_c255730a_G12B_049,MOCK-C255-G12B-049,"Gideon Akinyi Nyambura","Grade 12 B",Male,"Mbita High School",c255730a-066f-496f-9d4e-5a497be26567
mock_c255730a_G12B_050,MOCK-C255-G12B-050,"Christine Auma Korir","Grade 12 B",Female,"Mbita High School",c255730a-066f-496f-9d4e-5a497be26567
mock_c255730a_G12B_051,MOCK-C255-G12B-051,"Peter Auma Adhiambo","Grade 12 B",Male,"Mbita High School",c255730a-066f-496f-9d4e-5a497be26567
mock_c255730a_G12B_052,MOCK-C255-G12B-052,"Pauline Kamau Juma","Grade 12 B",Female,"Mbita High School",c255730a-066f-496f-9d4e-5a497be26567
mock_c255730a_G12B_053,MOCK-C255-G12B-053,"Linet Njeri Kipchoge","Grade 12 B",Female,"Mbita High School",c255730a-066f-496f-9d4e-5a497be26567
mock_c255730a_G12B_054,MOCK-C255-G12B-054,"Duncan Mbugua Kipchoge","Grade 12 B",Male,"Mbita High School",c255730a-066f-496f-9d4e-5a497be26567
mock_c255730a_G12B_055,MOCK-C255-G12B-055,"Maureen Kiplagat Rotich","Grade 12 B",Female,"Mbita High School",c255730a-066f-496f-9d4e-5a497be26567
mock_c255730a_G12B_056,MOCK-C255-G12B-056,"Nancy Nyambura Chebet","Grade 12 B",Female,"Mbita High School",c255730a-066f-496f-9d4e-5a497be26567
mock_c255730a_G12B_057,MOCK-C255-G12B-057,"Lucy Gitau Chepkemoi","Grade 12 B",Female,"Mbita High School",c255730a-066f-496f-9d4e-5a497be26567
mock_c255730a_G12B_058,MOCK-C255-G12B-058,"Mitchelle Ochieng Chepkemoi","Grade 12 B",Female,"Mbita High School",c255730a-066f-496f-9d4e-5a497be26567
mock_c255730a_G12B_059,MOCK-C255-G12B-059,"Mitchelle Cheruiyot Mwangi","Grade 12 B",Female,"Mbita High School",c255730a-066f-496f-9d4e-5a497be26567
mock_c255730a_G12B_060,MOCK-C255-G12B-060,"Lucy Achieng Chebet","Grade 12 B",Female,"Mbita High School",c255730a-066f-496f-9d4e-5a497be26567
mock_7268e10c_G7A_001,MOCK-7268-G7A-001,"Janet Omondi Mbugua","Grade 7 A",Female,"Mbita High School",7268e10c-fab7-4f2f-b839-75df1ae7a920
mock_7268e10c_G7A_002,MOCK-7268-G7A-002,"Linet Korir Mbugua","Grade 7 A",Female,"Mbita High School",7268e10c-fab7-4f2f-b839-75df1ae7a920
mock_7268e10c_G7A_003,MOCK-7268-G7A-003,"Charles Auma Odhiambo","Grade 7 A",Male,"Mbita High School",7268e10c-fab7-4f2f-b839-75df1ae7a920
mock_7268e10c_G7A_004,MOCK-7268-G7A-004,"Ann Rotich Chepkemoi","Grade 7 A",Female,"Mbita High School",7268e10c-fab7-4f2f-b839-75df1ae7a920
mock_7268e10c_G7A_005,MOCK-7268-G7A-005,"Caroline Njoroge Otieno","Grade 7 A",Female,"Mbita High School",7268e10c-fab7-4f2f-b839-75df1ae7a920
mock_7268e10c_G7A_006,MOCK-7268-G7A-006,"Eunice Omondi Owino","Grade 7 A",Female,"Mbita High School",7268e10c-fab7-4f2f-b839-75df1ae7a920
mock_7268e10c_G7A_007,MOCK-7268-G7A-007,"Pauline Mwangi Otieno","Grade 7 A",Female,"Mbita High School",7268e10c-fab7-4f2f-b839-75df1ae7a920
mock_7268e10c_G7A_008,MOCK-7268-G7A-008,"Nicholas Atieno Otieno","Grade 7 A",Male,"Mbita High School",7268e10c-fab7-4f2f-b839-75df1ae7a920
mock_7268e10c_G7A_009,MOCK-7268-G7A-009,"Allan Omondi Omondi","Grade 7 A",Male,"Mbita High School",7268e10c-fab7-4f2f-b839-75df1ae7a920
mock_7268e10c_G7A_010,MOCK-7268-G7A-010,"Cynthia Karanja Chepkemoi","Grade 7 A",Female,"Mbita High School",7268e10c-fab7-4f2f-b839-75df1ae7a920
mock_7268e10c_G7A_011,MOCK-7268-G7A-011,"Christine Wafula Mbugua","Grade 7 A",Female,"Mbita High School",7268e10c-fab7-4f2f-b839-75df1ae7a920
mock_7268e10c_G7A_012,MOCK-7268-G7A-012,"Charles Kariuki Mutua","Grade 7 A",Male,"Mbita High School",7268e10c-fab7-4f2f-b839-75df1ae7a920
mock_7268e10c_G7A_013,MOCK-7268-G7A-013,"Mercy Nyambura Akinyi","Grade 7 A",Female,"Mbita High School",7268e10c-fab7-4f2f-b839-75df1ae7a920
mock_7268e10c_G7A_014,MOCK-7268-G7A-014,"Anthony Simiyu Achieng","Grade 7 A",Male,"Mbita High School",7268e10c-fab7-4f2f-b839-75df1ae7a920
mock_7268e10c_G7A_015,MOCK-7268-G7A-015,"Nicholas Atieno Mwangi","Grade 7 A",Male,"Mbita High School",7268e10c-fab7-4f2f-b839-75df1ae7a920
mock_7268e10c_G7A_016,MOCK-7268-G7A-016,"George Atieno Wanjiru","Grade 7 A",Male,"Mbita High School",7268e10c-fab7-4f2f-b839-75df1ae7a920
mock_7268e10c_G7A_017,MOCK-7268-G7A-017,"Eunice Nyokabi Auma","Grade 7 A",Female,"Mbita High School",7268e10c-fab7-4f2f-b839-75df1ae7a920
mock_7268e10c_G7A_018,MOCK-7268-G7A-018,"Dennis Njeri Onyango","Grade 7 A",Male,"Mbita High School",7268e10c-fab7-4f2f-b839-75df1ae7a920
mock_7268e10c_G7A_019,MOCK-7268-G7A-019,"Diana Cheruiyot Njoroge","Grade 7 A",Female,"Mbita High School",7268e10c-fab7-4f2f-b839-75df1ae7a920
mock_7268e10c_G7A_020,MOCK-7268-G7A-020,"Gideon Simiyu Mbugua","Grade 7 A",Male,"Mbita High School",7268e10c-fab7-4f2f-b839-75df1ae7a920
mock_7268e10c_G7A_021,MOCK-7268-G7A-021,"Ian Chepkemoi Nyambura","Grade 7 A",Male,"Mbita High School",7268e10c-fab7-4f2f-b839-75df1ae7a920
mock_7268e10c_G7A_022,MOCK-7268-G7A-022,"Sharon Barasa Onyango","Grade 7 A",Female,"Mbita High School",7268e10c-fab7-4f2f-b839-75df1ae7a920
mock_7268e10c_G7A_023,MOCK-7268-G7A-023,"Pauline Nyokabi Ochieng","Grade 7 A",Female,"Mbita High School",7268e10c-fab7-4f2f-b839-75df1ae7a920
mock_7268e10c_G7A_024,MOCK-7268-G7A-024,"Brian Korir Were","Grade 7 A",Male,"Mbita High School",7268e10c-fab7-4f2f-b839-75df1ae7a920
mock_7268e10c_G7A_025,MOCK-7268-G7A-025,"Brian Achieng Kibet","Grade 7 A",Male,"Mbita High School",7268e10c-fab7-4f2f-b839-75df1ae7a920
mock_7268e10c_G7A_026,MOCK-7268-G7A-026,"Nicholas Karanja Mutiso","Grade 7 A",Male,"Mbita High School",7268e10c-fab7-4f2f-b839-75df1ae7a920
mock_7268e10c_G7A_027,MOCK-7268-G7A-027,"Purity Odhiambo Kamau","Grade 7 A",Female,"Mbita High School",7268e10c-fab7-4f2f-b839-75df1ae7a920
mock_7268e10c_G7A_028,MOCK-7268-G7A-028,"Joseph Mutua Wafula","Grade 7 A",Male,"Mbita High School",7268e10c-fab7-4f2f-b839-75df1ae7a920
mock_7268e10c_G7A_029,MOCK-7268-G7A-029,"Grace Mbugua Auma","Grade 7 A",Female,"Mbita High School",7268e10c-fab7-4f2f-b839-75df1ae7a920
mock_7268e10c_G7A_030,MOCK-7268-G7A-030,"Daniel Akinyi Akinyi","Grade 7 A",Male,"Mbita High School",7268e10c-fab7-4f2f-b839-75df1ae7a920
mock_7268e10c_G7A_031,MOCK-7268-G7A-031,"Christine Karanja Achieng","Grade 7 A",Female,"Mbita High School",7268e10c-fab7-4f2f-b839-75df1ae7a920
mock_7268e10c_G7A_032,MOCK-7268-G7A-032,"Victor Juma Cheruiyot","Grade 7 A",Male,"Mbita High School",7268e10c-fab7-4f2f-b839-75df1ae7a920
mock_7268e10c_G7A_033,MOCK-7268-G7A-033,"Fredrick Maina Maina","Grade 7 A",Male,"Mbita High School",7268e10c-fab7-4f2f-b839-75df1ae7a920
mock_7268e10c_G7A_034,MOCK-7268-G7A-034,"Joseph Auma Auma","Grade 7 A",Male,"Mbita High School",7268e10c-fab7-4f2f-b839-75df1ae7a920
mock_7268e10c_G7A_035,MOCK-7268-G7A-035,"Pauline Onyango Kamau","Grade 7 A",Female,"Mbita High School",7268e10c-fab7-4f2f-b839-75df1ae7a920
mock_7268e10c_G7A_036,MOCK-7268-G7A-036,"Cornelius Odhiambo Simiyu","Grade 7 A",Male,"Mbita High School",7268e10c-fab7-4f2f-b839-75df1ae7a920
mock_7268e10c_G7A_037,MOCK-7268-G7A-037,"Joy Barasa Wairimu","Grade 7 A",Female,"Mbita High School",7268e10c-fab7-4f2f-b839-75df1ae7a920
mock_7268e10c_G7A_038,MOCK-7268-G7A-038,"Doreen Barasa Kamau","Grade 7 A",Female,"Mbita High School",7268e10c-fab7-4f2f-b839-75df1ae7a920
mock_7268e10c_G7A_039,MOCK-7268-G7A-039,"Brayan Achieng Chebet","Grade 7 A",Male,"Mbita High School",7268e10c-fab7-4f2f-b839-75df1ae7a920
mock_7268e10c_G7A_040,MOCK-7268-G7A-040,"Doreen Wairimu Karanja","Grade 7 A",Female,"Mbita High School",7268e10c-fab7-4f2f-b839-75df1ae7a920
mock_7268e10c_G7A_041,MOCK-7268-G7A-041,"Martin Wambui Were","Grade 7 A",Male,"Mbita High School",7268e10c-fab7-4f2f-b839-75df1ae7a920
mock_7268e10c_G7A_042,MOCK-7268-G7A-042,"Anthony Kamau Mutua","Grade 7 A",Male,"Mbita High School",7268e10c-fab7-4f2f-b839-75df1ae7a920
mock_7268e10c_G7A_043,MOCK-7268-G7A-043,"Fredrick Wairimu Otieno","Grade 7 A",Male,"Mbita High School",7268e10c-fab7-4f2f-b839-75df1ae7a920
mock_7268e10c_G7A_044,MOCK-7268-G7A-044,"Purity Atieno Korir","Grade 7 A",Female,"Mbita High School",7268e10c-fab7-4f2f-b839-75df1ae7a920
mock_7268e10c_G7A_045,MOCK-7268-G7A-045,"Kevin Mutiso Auma","Grade 7 A",Male,"Mbita High School",7268e10c-fab7-4f2f-b839-75df1ae7a920
mock_7268e10c_G7A_046,MOCK-7268-G7A-046,"Dennis Chepkemoi Otieno","Grade 7 A",Male,"Mbita High School",7268e10c-fab7-4f2f-b839-75df1ae7a920
mock_7268e10c_G7A_047,MOCK-7268-G7A-047,"Daniel Were Maina","Grade 7 A",Male,"Mbita High School",7268e10c-fab7-4f2f-b839-75df1ae7a920
mock_7268e10c_G7A_048,MOCK-7268-G7A-048,"Duncan Achieng Nyokabi","Grade 7 A",Male,"Mbita High School",7268e10c-fab7-4f2f-b839-75df1ae7a920
mock_7268e10c_G7A_049,MOCK-7268-G7A-049,"Ann Onyango Mutiso","Grade 7 A",Female,"Mbita High School",7268e10c-fab7-4f2f-b839-75df1ae7a920
mock_7268e10c_G7A_050,MOCK-7268-G7A-050,"Joseph Wafula Gitau","Grade 7 A",Male,"Mbita High School",7268e10c-fab7-4f2f-b839-75df1ae7a920
mock_7268e10c_G7A_051,MOCK-7268-G7A-051,"Diana Njoroge Were","Grade 7 A",Female,"Mbita High School",7268e10c-fab7-4f2f-b839-75df1ae7a920
mock_7268e10c_G7A_052,MOCK-7268-G7A-052,"Ann Korir Mutua","Grade 7 A",Female,"Mbita High School",7268e10c-fab7-4f2f-b839-75df1ae7a920
mock_7268e10c_G7A_053,MOCK-7268-G7A-053,"Lydia Omondi Wanjiru","Grade 7 A",Female,"Mbita High School",7268e10c-fab7-4f2f-b839-75df1ae7a920
mock_7268e10c_G7A_054,MOCK-7268-G7A-054,"Nicholas Achieng Mwangi","Grade 7 A",Male,"Mbita High School",7268e10c-fab7-4f2f-b839-75df1ae7a920
mock_7268e10c_G7A_055,MOCK-7268-G7A-055,"Brian Odhiambo Karanja","Grade 7 A",Male,"Mbita High School",7268e10c-fab7-4f2f-b839-75df1ae7a920
mock_7268e10c_G7A_056,MOCK-7268-G7A-056,"Charles Omondi Chebet","Grade 7 A",Male,"Mbita High School",7268e10c-fab7-4f2f-b839-75df1ae7a920
mock_7268e10c_G7A_057,MOCK-7268-G7A-057,"Caroline Kariuki Simiyu","Grade 7 A",Female,"Mbita High School",7268e10c-fab7-4f2f-b839-75df1ae7a920
mock_7268e10c_G7A_058,MOCK-7268-G7A-058,"Diana Nyokabi Akinyi","Grade 7 A",Female,"Mbita High School",7268e10c-fab7-4f2f-b839-75df1ae7a920
mock_7268e10c_G7A_059,MOCK-7268-G7A-059,"Mary Rotich Nyambura","Grade 7 A",Female,"Mbita High School",7268e10c-fab7-4f2f-b839-75df1ae7a920
mock_7268e10c_G7A_060,MOCK-7268-G7A-060,"Elvis Kariuki Akinyi","Grade 7 A",Male,"Mbita High School",7268e10c-fab7-4f2f-b839-75df1ae7a920
mock_7268e10c_G7B_001,MOCK-7268-G7B-001,"Eric Cheruiyot Omondi","Grade 7 B",Male,"Mbita High School",7268e10c-fab7-4f2f-b839-75df1ae7a920
mock_7268e10c_G7B_002,MOCK-7268-G7B-002,"Ann Simiyu Mutiso","Grade 7 B",Female,"Mbita High School",7268e10c-fab7-4f2f-b839-75df1ae7a920
mock_7268e10c_G7B_003,MOCK-7268-G7B-003,"Elvis Kipchoge Njeri","Grade 7 B",Male,"Mbita High School",7268e10c-fab7-4f2f-b839-75df1ae7a920
mock_7268e10c_G7B_004,MOCK-7268-G7B-004,"Linet Nyokabi Ochieng","Grade 7 B",Female,"Mbita High School",7268e10c-fab7-4f2f-b839-75df1ae7a920
mock_7268e10c_G7B_005,MOCK-7268-G7B-005,"Eric Chebet Karanja","Grade 7 B",Male,"Mbita High School",7268e10c-fab7-4f2f-b839-75df1ae7a920
mock_7268e10c_G7B_006,MOCK-7268-G7B-006,"Elvis Chebet Njoroge","Grade 7 B",Male,"Mbita High School",7268e10c-fab7-4f2f-b839-75df1ae7a920
mock_7268e10c_G7B_007,MOCK-7268-G7B-007,"Pauline Mwangi Njeri","Grade 7 B",Female,"Mbita High School",7268e10c-fab7-4f2f-b839-75df1ae7a920
mock_7268e10c_G7B_008,MOCK-7268-G7B-008,"George Mutiso Mutua","Grade 7 B",Male,"Mbita High School",7268e10c-fab7-4f2f-b839-75df1ae7a920
mock_7268e10c_G7B_009,MOCK-7268-G7B-009,"Daniel Maina Chebet","Grade 7 B",Male,"Mbita High School",7268e10c-fab7-4f2f-b839-75df1ae7a920
mock_7268e10c_G7B_010,MOCK-7268-G7B-010,"Fredrick Mbugua Mutua","Grade 7 B",Male,"Mbita High School",7268e10c-fab7-4f2f-b839-75df1ae7a920
mock_7268e10c_G7B_011,MOCK-7268-G7B-011,"Sharon Karanja Karanja","Grade 7 B",Female,"Mbita High School",7268e10c-fab7-4f2f-b839-75df1ae7a920
mock_7268e10c_G7B_012,MOCK-7268-G7B-012,"Doreen Njeri Maina","Grade 7 B",Female,"Mbita High School",7268e10c-fab7-4f2f-b839-75df1ae7a920
mock_7268e10c_G7B_013,MOCK-7268-G7B-013,"Mitchelle Juma Gitau","Grade 7 B",Female,"Mbita High School",7268e10c-fab7-4f2f-b839-75df1ae7a920
mock_7268e10c_G7B_014,MOCK-7268-G7B-014,"Faith Juma Were","Grade 7 B",Female,"Mbita High School",7268e10c-fab7-4f2f-b839-75df1ae7a920
mock_7268e10c_G7B_015,MOCK-7268-G7B-015,"Daniel Wairimu Chepkemoi","Grade 7 B",Male,"Mbita High School",7268e10c-fab7-4f2f-b839-75df1ae7a920
mock_7268e10c_G7B_016,MOCK-7268-G7B-016,"Grace Onyango Kiplagat","Grade 7 B",Female,"Mbita High School",7268e10c-fab7-4f2f-b839-75df1ae7a920
mock_7268e10c_G7B_017,MOCK-7268-G7B-017,"Patrick Wairimu Were","Grade 7 B",Male,"Mbita High School",7268e10c-fab7-4f2f-b839-75df1ae7a920
mock_7268e10c_G7B_018,MOCK-7268-G7B-018,"Duncan Nyambura Njoroge","Grade 7 B",Male,"Mbita High School",7268e10c-fab7-4f2f-b839-75df1ae7a920
mock_7268e10c_G7B_019,MOCK-7268-G7B-019,"Victor Chepkemoi Juma","Grade 7 B",Male,"Mbita High School",7268e10c-fab7-4f2f-b839-75df1ae7a920
mock_7268e10c_G7B_020,MOCK-7268-G7B-020,"Lydia Chepkemoi Akinyi","Grade 7 B",Female,"Mbita High School",7268e10c-fab7-4f2f-b839-75df1ae7a920
mock_7268e10c_G7B_021,MOCK-7268-G7B-021,"Linet Akinyi Owino","Grade 7 B",Female,"Mbita High School",7268e10c-fab7-4f2f-b839-75df1ae7a920
mock_7268e10c_G7B_022,MOCK-7268-G7B-022,"Collins Barasa Korir","Grade 7 B",Male,"Mbita High School",7268e10c-fab7-4f2f-b839-75df1ae7a920
mock_7268e10c_G7B_023,MOCK-7268-G7B-023,"Purity Chepkemoi Owino","Grade 7 B",Female,"Mbita High School",7268e10c-fab7-4f2f-b839-75df1ae7a920
mock_7268e10c_G7B_024,MOCK-7268-G7B-024,"Mitchelle Mutua Mutua","Grade 7 B",Female,"Mbita High School",7268e10c-fab7-4f2f-b839-75df1ae7a920
mock_7268e10c_G7B_025,MOCK-7268-G7B-025,"Elvis Simiyu Wafula","Grade 7 B",Male,"Mbita High School",7268e10c-fab7-4f2f-b839-75df1ae7a920
mock_7268e10c_G7B_026,MOCK-7268-G7B-026,"George Gitau Mwangi","Grade 7 B",Male,"Mbita High School",7268e10c-fab7-4f2f-b839-75df1ae7a920
mock_7268e10c_G7B_027,MOCK-7268-G7B-027,"Brayan Njoroge Onyango","Grade 7 B",Male,"Mbita High School",7268e10c-fab7-4f2f-b839-75df1ae7a920
mock_7268e10c_G7B_028,MOCK-7268-G7B-028,"Purity Otieno Mbugua","Grade 7 B",Female,"Mbita High School",7268e10c-fab7-4f2f-b839-75df1ae7a920
mock_7268e10c_G7B_029,MOCK-7268-G7B-029,"Beatrice Wairimu Onyango","Grade 7 B",Female,"Mbita High School",7268e10c-fab7-4f2f-b839-75df1ae7a920
mock_7268e10c_G7B_030,MOCK-7268-G7B-030,"Cynthia Onyango Were","Grade 7 B",Female,"Mbita High School",7268e10c-fab7-4f2f-b839-75df1ae7a920
mock_7268e10c_G7B_031,MOCK-7268-G7B-031,"Linet Otieno Chebet","Grade 7 B",Female,"Mbita High School",7268e10c-fab7-4f2f-b839-75df1ae7a920
mock_7268e10c_G7B_032,MOCK-7268-G7B-032,"Collins Wambui Karanja","Grade 7 B",Male,"Mbita High School",7268e10c-fab7-4f2f-b839-75df1ae7a920
mock_7268e10c_G7B_033,MOCK-7268-G7B-033,"Victor Mbugua Chepkemoi","Grade 7 B",Male,"Mbita High School",7268e10c-fab7-4f2f-b839-75df1ae7a920
mock_7268e10c_G7B_034,MOCK-7268-G7B-034,"Eric Wanjiru Mutua","Grade 7 B",Male,"Mbita High School",7268e10c-fab7-4f2f-b839-75df1ae7a920
mock_7268e10c_G7B_035,MOCK-7268-G7B-035,"Brenda Juma Juma","Grade 7 B",Female,"Mbita High School",7268e10c-fab7-4f2f-b839-75df1ae7a920
mock_7268e10c_G7B_036,MOCK-7268-G7B-036,"Joy Barasa Gitau","Grade 7 B",Female,"Mbita High School",7268e10c-fab7-4f2f-b839-75df1ae7a920
mock_7268e10c_G7B_037,MOCK-7268-G7B-037,"Vincent Wanjiru Nyambura","Grade 7 B",Male,"Mbita High School",7268e10c-fab7-4f2f-b839-75df1ae7a920
mock_7268e10c_G7B_038,MOCK-7268-G7B-038,"Sylvia Wafula Maina","Grade 7 B",Female,"Mbita High School",7268e10c-fab7-4f2f-b839-75df1ae7a920
mock_7268e10c_G7B_039,MOCK-7268-G7B-039,"Felix Mwangi Cheruiyot","Grade 7 B",Male,"Mbita High School",7268e10c-fab7-4f2f-b839-75df1ae7a920
mock_7268e10c_G7B_040,MOCK-7268-G7B-040,"Samuel Mwangi Njoroge","Grade 7 B",Male,"Mbita High School",7268e10c-fab7-4f2f-b839-75df1ae7a920
mock_7268e10c_G7B_041,MOCK-7268-G7B-041,"Kelvin Kipchoge Cheruiyot","Grade 7 B",Male,"Mbita High School",7268e10c-fab7-4f2f-b839-75df1ae7a920
mock_7268e10c_G7B_042,MOCK-7268-G7B-042,"Pauline Owino Gitau","Grade 7 B",Female,"Mbita High School",7268e10c-fab7-4f2f-b839-75df1ae7a920
mock_7268e10c_G7B_043,MOCK-7268-G7B-043,"Doreen Korir Chepkemoi","Grade 7 B",Female,"Mbita High School",7268e10c-fab7-4f2f-b839-75df1ae7a920
mock_7268e10c_G7B_044,MOCK-7268-G7B-044,"Brayan Were Wairimu","Grade 7 B",Male,"Mbita High School",7268e10c-fab7-4f2f-b839-75df1ae7a920
mock_7268e10c_G7B_045,MOCK-7268-G7B-045,"Felix Kamau Cheruiyot","Grade 7 B",Male,"Mbita High School",7268e10c-fab7-4f2f-b839-75df1ae7a920
mock_7268e10c_G7B_046,MOCK-7268-G7B-046,"Nicholas Mbugua Cheruiyot","Grade 7 B",Male,"Mbita High School",7268e10c-fab7-4f2f-b839-75df1ae7a920
mock_7268e10c_G7B_047,MOCK-7268-G7B-047,"Nancy Omondi Kamau","Grade 7 B",Female,"Mbita High School",7268e10c-fab7-4f2f-b839-75df1ae7a920
mock_7268e10c_G7B_048,MOCK-7268-G7B-048,"Brayan Otieno Cheruiyot","Grade 7 B",Male,"Mbita High School",7268e10c-fab7-4f2f-b839-75df1ae7a920
mock_7268e10c_G7B_049,MOCK-7268-G7B-049,"Sylvia Nyokabi Juma","Grade 7 B",Female,"Mbita High School",7268e10c-fab7-4f2f-b839-75df1ae7a920
mock_7268e10c_G7B_050,MOCK-7268-G7B-050,"Victor Korir Barasa","Grade 7 B",Male,"Mbita High School",7268e10c-fab7-4f2f-b839-75df1ae7a920
mock_7268e10c_G7B_051,MOCK-7268-G7B-051,"Michael Ochieng Chepkemoi","Grade 7 B",Male,"Mbita High School",7268e10c-fab7-4f2f-b839-75df1ae7a920
mock_7268e10c_G7B_052,MOCK-7268-G7B-052,"Kevin Mutua Kiplagat","Grade 7 B",Male,"Mbita High School",7268e10c-fab7-4f2f-b839-75df1ae7a920
mock_7268e10c_G7B_053,MOCK-7268-G7B-053,"Lucy Mwangi Achieng","Grade 7 B",Female,"Mbita High School",7268e10c-fab7-4f2f-b839-75df1ae7a920
mock_7268e10c_G7B_054,MOCK-7268-G7B-054,"Cynthia Cheruiyot Wafula","Grade 7 B",Female,"Mbita High School",7268e10c-fab7-4f2f-b839-75df1ae7a920
mock_7268e10c_G7B_055,MOCK-7268-G7B-055,"Maureen Wanjiru Kamau","Grade 7 B",Female,"Mbita High School",7268e10c-fab7-4f2f-b839-75df1ae7a920
mock_7268e10c_G7B_056,MOCK-7268-G7B-056,"Stella Kipchoge Kamau","Grade 7 B",Female,"Mbita High School",7268e10c-fab7-4f2f-b839-75df1ae7a920
mock_7268e10c_G7B_057,MOCK-7268-G7B-057,"Peter Karanja Kariuki","Grade 7 B",Male,"Mbita High School",7268e10c-fab7-4f2f-b839-75df1ae7a920
mock_7268e10c_G7B_058,MOCK-7268-G7B-058,"Beatrice Odhiambo Odhiambo","Grade 7 B",Female,"Mbita High School",7268e10c-fab7-4f2f-b839-75df1ae7a920
mock_7268e10c_G7B_059,MOCK-7268-G7B-059,"Allan Kiplagat Barasa","Grade 7 B",Male,"Mbita High School",7268e10c-fab7-4f2f-b839-75df1ae7a920
mock_7268e10c_G7B_060,MOCK-7268-G7B-060,"Ian Kariuki Auma","Grade 7 B",Male,"Mbita High School",7268e10c-fab7-4f2f-b839-75df1ae7a920
mock_7268e10c_G8A_001,MOCK-7268-G8A-001,"Beatrice Njoroge Kipchoge","Grade 8 A",Female,"Mbita High School",7268e10c-fab7-4f2f-b839-75df1ae7a920
mock_7268e10c_G8A_002,MOCK-7268-G8A-002,"Christine Omondi Wafula","Grade 8 A",Female,"Mbita High School",7268e10c-fab7-4f2f-b839-75df1ae7a920
mock_7268e10c_G8A_003,MOCK-7268-G8A-003,"Ann Rotich Karanja","Grade 8 A",Female,"Mbita High School",7268e10c-fab7-4f2f-b839-75df1ae7a920
mock_7268e10c_G8A_004,MOCK-7268-G8A-004,"Patrick Njoroge Korir","Grade 8 A",Male,"Mbita High School",7268e10c-fab7-4f2f-b839-75df1ae7a920
mock_7268e10c_G8A_005,MOCK-7268-G8A-005,"Beatrice Gitau Chebet","Grade 8 A",Female,"Mbita High School",7268e10c-fab7-4f2f-b839-75df1ae7a920
mock_7268e10c_G8A_006,MOCK-7268-G8A-006,"Daniel Mwangi Kipchoge","Grade 8 A",Male,"Mbita High School",7268e10c-fab7-4f2f-b839-75df1ae7a920
mock_7268e10c_G8A_007,MOCK-7268-G8A-007,"George Ochieng Juma","Grade 8 A",Male,"Mbita High School",7268e10c-fab7-4f2f-b839-75df1ae7a920
mock_7268e10c_G8A_008,MOCK-7268-G8A-008,"George Omondi Maina","Grade 8 A",Male,"Mbita High School",7268e10c-fab7-4f2f-b839-75df1ae7a920
mock_7268e10c_G8A_009,MOCK-7268-G8A-009,"Samuel Mutiso Juma","Grade 8 A",Male,"Mbita High School",7268e10c-fab7-4f2f-b839-75df1ae7a920
mock_7268e10c_G8A_010,MOCK-7268-G8A-010,"Michael Mutiso Onyango","Grade 8 A",Male,"Mbita High School",7268e10c-fab7-4f2f-b839-75df1ae7a920
mock_7268e10c_G8A_011,MOCK-7268-G8A-011,"Ann Gitau Wanjiru","Grade 8 A",Female,"Mbita High School",7268e10c-fab7-4f2f-b839-75df1ae7a920
mock_7268e10c_G8A_012,MOCK-7268-G8A-012,"Allan Onyango Akinyi","Grade 8 A",Male,"Mbita High School",7268e10c-fab7-4f2f-b839-75df1ae7a920
mock_7268e10c_G8A_013,MOCK-7268-G8A-013,"Winnie Cheruiyot Karanja","Grade 8 A",Female,"Mbita High School",7268e10c-fab7-4f2f-b839-75df1ae7a920
mock_7268e10c_G8A_014,MOCK-7268-G8A-014,"Sharon Kipchoge Gitau","Grade 8 A",Female,"Mbita High School",7268e10c-fab7-4f2f-b839-75df1ae7a920
mock_7268e10c_G8A_015,MOCK-7268-G8A-015,"Brayan Cheruiyot Mbugua","Grade 8 A",Male,"Mbita High School",7268e10c-fab7-4f2f-b839-75df1ae7a920
mock_7268e10c_G8A_016,MOCK-7268-G8A-016,"Samuel Njeri Mutua","Grade 8 A",Male,"Mbita High School",7268e10c-fab7-4f2f-b839-75df1ae7a920
mock_7268e10c_G8A_017,MOCK-7268-G8A-017,"George Ochieng Simiyu","Grade 8 A",Male,"Mbita High School",7268e10c-fab7-4f2f-b839-75df1ae7a920
mock_7268e10c_G8A_018,MOCK-7268-G8A-018,"Allan Rotich Onyango","Grade 8 A",Male,"Mbita High School",7268e10c-fab7-4f2f-b839-75df1ae7a920
mock_7268e10c_G8A_019,MOCK-7268-G8A-019,"Brenda Atieno Mwangi","Grade 8 A",Female,"Mbita High School",7268e10c-fab7-4f2f-b839-75df1ae7a920
mock_7268e10c_G8A_020,MOCK-7268-G8A-020,"Diana Ochieng Ochieng","Grade 8 A",Female,"Mbita High School",7268e10c-fab7-4f2f-b839-75df1ae7a920
mock_7268e10c_G8A_021,MOCK-7268-G8A-021,"Duncan Mutiso Rotich","Grade 8 A",Male,"Mbita High School",7268e10c-fab7-4f2f-b839-75df1ae7a920
mock_7268e10c_G8A_022,MOCK-7268-G8A-022,"Nicholas Mwangi Juma","Grade 8 A",Male,"Mbita High School",7268e10c-fab7-4f2f-b839-75df1ae7a920
mock_7268e10c_G8A_023,MOCK-7268-G8A-023,"Mercy Wafula Nyambura","Grade 8 A",Female,"Mbita High School",7268e10c-fab7-4f2f-b839-75df1ae7a920
mock_7268e10c_G8A_024,MOCK-7268-G8A-024,"Brayan Simiyu Akinyi","Grade 8 A",Male,"Mbita High School",7268e10c-fab7-4f2f-b839-75df1ae7a920
mock_7268e10c_G8A_025,MOCK-7268-G8A-025,"Linet Maina Barasa","Grade 8 A",Female,"Mbita High School",7268e10c-fab7-4f2f-b839-75df1ae7a920
mock_7268e10c_G8A_026,MOCK-7268-G8A-026,"Sylvia Mwangi Mwangi","Grade 8 A",Female,"Mbita High School",7268e10c-fab7-4f2f-b839-75df1ae7a920
mock_7268e10c_G8A_027,MOCK-7268-G8A-027,"Esther Wafula Karanja","Grade 8 A",Female,"Mbita High School",7268e10c-fab7-4f2f-b839-75df1ae7a920
mock_7268e10c_G8A_028,MOCK-7268-G8A-028,"Cornelius Wambui Kipchoge","Grade 8 A",Male,"Mbita High School",7268e10c-fab7-4f2f-b839-75df1ae7a920
mock_7268e10c_G8A_029,MOCK-7268-G8A-029,"Stephen Nyambura Mbugua","Grade 8 A",Male,"Mbita High School",7268e10c-fab7-4f2f-b839-75df1ae7a920
mock_7268e10c_G8A_030,MOCK-7268-G8A-030,"Esther Achieng Owino","Grade 8 A",Female,"Mbita High School",7268e10c-fab7-4f2f-b839-75df1ae7a920
mock_7268e10c_G8A_031,MOCK-7268-G8A-031,"Dennis Owino Wanjiru","Grade 8 A",Male,"Mbita High School",7268e10c-fab7-4f2f-b839-75df1ae7a920
mock_7268e10c_G8A_032,MOCK-7268-G8A-032,"Lucy Chepkemoi Odhiambo","Grade 8 A",Female,"Mbita High School",7268e10c-fab7-4f2f-b839-75df1ae7a920
mock_7268e10c_G8A_033,MOCK-7268-G8A-033,"Mercy Wambui Kibet","Grade 8 A",Female,"Mbita High School",7268e10c-fab7-4f2f-b839-75df1ae7a920
mock_7268e10c_G8A_034,MOCK-7268-G8A-034,"Kelvin Karanja Kamau","Grade 8 A",Male,"Mbita High School",7268e10c-fab7-4f2f-b839-75df1ae7a920
mock_7268e10c_G8A_035,MOCK-7268-G8A-035,"Gideon Kariuki Kariuki","Grade 8 A",Male,"Mbita High School",7268e10c-fab7-4f2f-b839-75df1ae7a920
mock_7268e10c_G8A_036,MOCK-7268-G8A-036,"Nancy Kiplagat Chepkemoi","Grade 8 A",Female,"Mbita High School",7268e10c-fab7-4f2f-b839-75df1ae7a920
mock_7268e10c_G8A_037,MOCK-7268-G8A-037,"Ann Wafula Barasa","Grade 8 A",Female,"Mbita High School",7268e10c-fab7-4f2f-b839-75df1ae7a920
mock_7268e10c_G8A_038,MOCK-7268-G8A-038,"Brenda Cheruiyot Njoroge","Grade 8 A",Female,"Mbita High School",7268e10c-fab7-4f2f-b839-75df1ae7a920
mock_7268e10c_G8A_039,MOCK-7268-G8A-039,"Ann Akinyi Kamau","Grade 8 A",Female,"Mbita High School",7268e10c-fab7-4f2f-b839-75df1ae7a920
mock_7268e10c_G8A_040,MOCK-7268-G8A-040,"Kelvin Kipchoge Ochieng","Grade 8 A",Male,"Mbita High School",7268e10c-fab7-4f2f-b839-75df1ae7a920
mock_7268e10c_G8A_041,MOCK-7268-G8A-041,"Eric Achieng Chepkemoi","Grade 8 A",Male,"Mbita High School",7268e10c-fab7-4f2f-b839-75df1ae7a920
mock_7268e10c_G8A_042,MOCK-7268-G8A-042,"Linet Chebet Wambui","Grade 8 A",Female,"Mbita High School",7268e10c-fab7-4f2f-b839-75df1ae7a920
mock_7268e10c_G8A_043,MOCK-7268-G8A-043,"Stephen Chebet Owino","Grade 8 A",Male,"Mbita High School",7268e10c-fab7-4f2f-b839-75df1ae7a920
mock_7268e10c_G8A_044,MOCK-7268-G8A-044,"Doreen Nyambura Karanja","Grade 8 A",Female,"Mbita High School",7268e10c-fab7-4f2f-b839-75df1ae7a920
mock_7268e10c_G8A_045,MOCK-7268-G8A-045,"Brayan Auma Njoroge","Grade 8 A",Male,"Mbita High School",7268e10c-fab7-4f2f-b839-75df1ae7a920
mock_7268e10c_G8A_046,MOCK-7268-G8A-046,"Linet Otieno Rotich","Grade 8 A",Female,"Mbita High School",7268e10c-fab7-4f2f-b839-75df1ae7a920
mock_7268e10c_G8A_047,MOCK-7268-G8A-047,"Victor Wanjiru Owino","Grade 8 A",Male,"Mbita High School",7268e10c-fab7-4f2f-b839-75df1ae7a920
mock_7268e10c_G8A_048,MOCK-7268-G8A-048,"Stephen Chepkemoi Chepkemoi","Grade 8 A",Male,"Mbita High School",7268e10c-fab7-4f2f-b839-75df1ae7a920
mock_7268e10c_G8A_049,MOCK-7268-G8A-049,"Janet Were Nyokabi","Grade 8 A",Female,"Mbita High School",7268e10c-fab7-4f2f-b839-75df1ae7a920
mock_7268e10c_G8A_050,MOCK-7268-G8A-050,"Christine Karanja Cheruiyot","Grade 8 A",Female,"Mbita High School",7268e10c-fab7-4f2f-b839-75df1ae7a920
mock_7268e10c_G8A_051,MOCK-7268-G8A-051,"Kevin Owino Korir","Grade 8 A",Male,"Mbita High School",7268e10c-fab7-4f2f-b839-75df1ae7a920
mock_7268e10c_G8A_052,MOCK-7268-G8A-052,"Caroline Wairimu Onyango","Grade 8 A",Female,"Mbita High School",7268e10c-fab7-4f2f-b839-75df1ae7a920
mock_7268e10c_G8A_053,MOCK-7268-G8A-053,"Cornelius Gitau Gitau","Grade 8 A",Male,"Mbita High School",7268e10c-fab7-4f2f-b839-75df1ae7a920
mock_7268e10c_G8A_054,MOCK-7268-G8A-054,"Anthony Mutiso Maina","Grade 8 A",Male,"Mbita High School",7268e10c-fab7-4f2f-b839-75df1ae7a920
mock_7268e10c_G8A_055,MOCK-7268-G8A-055,"Kelvin Odhiambo Wairimu","Grade 8 A",Male,"Mbita High School",7268e10c-fab7-4f2f-b839-75df1ae7a920
mock_7268e10c_G8A_056,MOCK-7268-G8A-056,"Lydia Auma Njeri","Grade 8 A",Female,"Mbita High School",7268e10c-fab7-4f2f-b839-75df1ae7a920
mock_7268e10c_G8A_057,MOCK-7268-G8A-057,"Diana Kariuki Njeri","Grade 8 A",Female,"Mbita High School",7268e10c-fab7-4f2f-b839-75df1ae7a920
mock_7268e10c_G8A_058,MOCK-7268-G8A-058,"Caroline Wafula Barasa","Grade 8 A",Female,"Mbita High School",7268e10c-fab7-4f2f-b839-75df1ae7a920
mock_7268e10c_G8A_059,MOCK-7268-G8A-059,"Fredrick Wambui Omondi","Grade 8 A",Male,"Mbita High School",7268e10c-fab7-4f2f-b839-75df1ae7a920
mock_7268e10c_G8A_060,MOCK-7268-G8A-060,"Felix Akinyi Wanjiru","Grade 8 A",Male,"Mbita High School",7268e10c-fab7-4f2f-b839-75df1ae7a920
mock_7268e10c_G8B_001,MOCK-7268-G8B-001,"Elvis Rotich Juma","Grade 8 B",Male,"Mbita High School",7268e10c-fab7-4f2f-b839-75df1ae7a920
mock_7268e10c_G8B_002,MOCK-7268-G8B-002,"Peter Kiplagat Mutua","Grade 8 B",Male,"Mbita High School",7268e10c-fab7-4f2f-b839-75df1ae7a920
mock_7268e10c_G8B_003,MOCK-7268-G8B-003,"Cynthia Njeri Kamau","Grade 8 B",Female,"Mbita High School",7268e10c-fab7-4f2f-b839-75df1ae7a920
mock_7268e10c_G8B_004,MOCK-7268-G8B-004,"Diana Rotich Wafula","Grade 8 B",Female,"Mbita High School",7268e10c-fab7-4f2f-b839-75df1ae7a920
mock_7268e10c_G8B_005,MOCK-7268-G8B-005,"Faith Kamau Omondi","Grade 8 B",Female,"Mbita High School",7268e10c-fab7-4f2f-b839-75df1ae7a920
mock_7268e10c_G8B_006,MOCK-7268-G8B-006,"Valentine Nyambura Chebet","Grade 8 B",Female,"Mbita High School",7268e10c-fab7-4f2f-b839-75df1ae7a920
mock_7268e10c_G8B_007,MOCK-7268-G8B-007,"Daniel Barasa Mutua","Grade 8 B",Male,"Mbita High School",7268e10c-fab7-4f2f-b839-75df1ae7a920
mock_7268e10c_G8B_008,MOCK-7268-G8B-008,"Fredrick Chebet Achieng","Grade 8 B",Male,"Mbita High School",7268e10c-fab7-4f2f-b839-75df1ae7a920
mock_7268e10c_G8B_009,MOCK-7268-G8B-009,"Sharon Wambui Owino","Grade 8 B",Female,"Mbita High School",7268e10c-fab7-4f2f-b839-75df1ae7a920
mock_7268e10c_G8B_010,MOCK-7268-G8B-010,"Emmanuel Atieno Korir","Grade 8 B",Male,"Mbita High School",7268e10c-fab7-4f2f-b839-75df1ae7a920
mock_7268e10c_G8B_011,MOCK-7268-G8B-011,"Mitchelle Juma Nyokabi","Grade 8 B",Female,"Mbita High School",7268e10c-fab7-4f2f-b839-75df1ae7a920
mock_7268e10c_G8B_012,MOCK-7268-G8B-012,"Samuel Njoroge Njeri","Grade 8 B",Male,"Mbita High School",7268e10c-fab7-4f2f-b839-75df1ae7a920
mock_7268e10c_G8B_013,MOCK-7268-G8B-013,"Brenda Adhiambo Nyokabi","Grade 8 B",Female,"Mbita High School",7268e10c-fab7-4f2f-b839-75df1ae7a920
mock_7268e10c_G8B_014,MOCK-7268-G8B-014,"Cynthia Chebet Maina","Grade 8 B",Female,"Mbita High School",7268e10c-fab7-4f2f-b839-75df1ae7a920
mock_7268e10c_G8B_015,MOCK-7268-G8B-015,"Joy Akinyi Otieno","Grade 8 B",Female,"Mbita High School",7268e10c-fab7-4f2f-b839-75df1ae7a920
mock_7268e10c_G8B_016,MOCK-7268-G8B-016,"Christine Mutua Maina","Grade 8 B",Female,"Mbita High School",7268e10c-fab7-4f2f-b839-75df1ae7a920
mock_7268e10c_G8B_017,MOCK-7268-G8B-017,"Patrick Korir Mwangi","Grade 8 B",Male,"Mbita High School",7268e10c-fab7-4f2f-b839-75df1ae7a920
mock_7268e10c_G8B_018,MOCK-7268-G8B-018,"Michael Omondi Akinyi","Grade 8 B",Male,"Mbita High School",7268e10c-fab7-4f2f-b839-75df1ae7a920
mock_7268e10c_G8B_019,MOCK-7268-G8B-019,"Daniel Cheruiyot Mutua","Grade 8 B",Male,"Mbita High School",7268e10c-fab7-4f2f-b839-75df1ae7a920
mock_7268e10c_G8B_020,MOCK-7268-G8B-020,"Joy Nyambura Gitau","Grade 8 B",Female,"Mbita High School",7268e10c-fab7-4f2f-b839-75df1ae7a920
mock_7268e10c_G8B_021,MOCK-7268-G8B-021,"Patrick Achieng Njoroge","Grade 8 B",Male,"Mbita High School",7268e10c-fab7-4f2f-b839-75df1ae7a920
mock_7268e10c_G8B_022,MOCK-7268-G8B-022,"Victor Akinyi Ochieng","Grade 8 B",Male,"Mbita High School",7268e10c-fab7-4f2f-b839-75df1ae7a920
mock_7268e10c_G8B_023,MOCK-7268-G8B-023,"Dennis Mutiso Chepkemoi","Grade 8 B",Male,"Mbita High School",7268e10c-fab7-4f2f-b839-75df1ae7a920
mock_7268e10c_G8B_024,MOCK-7268-G8B-024,"Grace Wairimu Gitau","Grade 8 B",Female,"Mbita High School",7268e10c-fab7-4f2f-b839-75df1ae7a920
mock_7268e10c_G8B_025,MOCK-7268-G8B-025,"Pauline Rotich Chebet","Grade 8 B",Female,"Mbita High School",7268e10c-fab7-4f2f-b839-75df1ae7a920
mock_7268e10c_G8B_026,MOCK-7268-G8B-026,"Ann Kipchoge Kibet","Grade 8 B",Female,"Mbita High School",7268e10c-fab7-4f2f-b839-75df1ae7a920
mock_7268e10c_G8B_027,MOCK-7268-G8B-027,"Maureen Wambui Rotich","Grade 8 B",Female,"Mbita High School",7268e10c-fab7-4f2f-b839-75df1ae7a920
mock_7268e10c_G8B_028,MOCK-7268-G8B-028,"Martin Nyokabi Barasa","Grade 8 B",Male,"Mbita High School",7268e10c-fab7-4f2f-b839-75df1ae7a920
mock_7268e10c_G8B_029,MOCK-7268-G8B-029,"Peter Njeri Chepkemoi","Grade 8 B",Male,"Mbita High School",7268e10c-fab7-4f2f-b839-75df1ae7a920
mock_7268e10c_G8B_030,MOCK-7268-G8B-030,"Nicholas Wairimu Mutiso","Grade 8 B",Male,"Mbita High School",7268e10c-fab7-4f2f-b839-75df1ae7a920
mock_7268e10c_G8B_031,MOCK-7268-G8B-031,"Michael Omondi Chebet","Grade 8 B",Male,"Mbita High School",7268e10c-fab7-4f2f-b839-75df1ae7a920
mock_7268e10c_G8B_032,MOCK-7268-G8B-032,"Kevin Chepkemoi Atieno","Grade 8 B",Male,"Mbita High School",7268e10c-fab7-4f2f-b839-75df1ae7a920
mock_7268e10c_G8B_033,MOCK-7268-G8B-033,"Duncan Were Ochieng","Grade 8 B",Male,"Mbita High School",7268e10c-fab7-4f2f-b839-75df1ae7a920
mock_7268e10c_G8B_034,MOCK-7268-G8B-034,"Ian Maina Odhiambo","Grade 8 B",Male,"Mbita High School",7268e10c-fab7-4f2f-b839-75df1ae7a920
mock_7268e10c_G8B_035,MOCK-7268-G8B-035,"Daniel Kibet Chebet","Grade 8 B",Male,"Mbita High School",7268e10c-fab7-4f2f-b839-75df1ae7a920
mock_7268e10c_G8B_036,MOCK-7268-G8B-036,"Diana Mbugua Akinyi","Grade 8 B",Female,"Mbita High School",7268e10c-fab7-4f2f-b839-75df1ae7a920
mock_7268e10c_G8B_037,MOCK-7268-G8B-037,"Dennis Ochieng Cheruiyot","Grade 8 B",Male,"Mbita High School",7268e10c-fab7-4f2f-b839-75df1ae7a920
mock_7268e10c_G8B_038,MOCK-7268-G8B-038,"Linet Chebet Nyambura","Grade 8 B",Female,"Mbita High School",7268e10c-fab7-4f2f-b839-75df1ae7a920
mock_7268e10c_G8B_039,MOCK-7268-G8B-039,"Doreen Wairimu Kibet","Grade 8 B",Female,"Mbita High School",7268e10c-fab7-4f2f-b839-75df1ae7a920
mock_7268e10c_G8B_040,MOCK-7268-G8B-040,"Maureen Otieno Kibet","Grade 8 B",Female,"Mbita High School",7268e10c-fab7-4f2f-b839-75df1ae7a920
mock_7268e10c_G8B_041,MOCK-7268-G8B-041,"Rose Mbugua Juma","Grade 8 B",Female,"Mbita High School",7268e10c-fab7-4f2f-b839-75df1ae7a920
mock_7268e10c_G8B_042,MOCK-7268-G8B-042,"Caroline Simiyu Cheruiyot","Grade 8 B",Female,"Mbita High School",7268e10c-fab7-4f2f-b839-75df1ae7a920
mock_7268e10c_G8B_043,MOCK-7268-G8B-043,"Daniel Odhiambo Karanja","Grade 8 B",Male,"Mbita High School",7268e10c-fab7-4f2f-b839-75df1ae7a920
mock_7268e10c_G8B_044,MOCK-7268-G8B-044,"Kevin Wairimu Korir","Grade 8 B",Male,"Mbita High School",7268e10c-fab7-4f2f-b839-75df1ae7a920
mock_7268e10c_G8B_045,MOCK-7268-G8B-045,"Ann Wambui Odhiambo","Grade 8 B",Female,"Mbita High School",7268e10c-fab7-4f2f-b839-75df1ae7a920
mock_7268e10c_G8B_046,MOCK-7268-G8B-046,"Nancy Adhiambo Mbugua","Grade 8 B",Female,"Mbita High School",7268e10c-fab7-4f2f-b839-75df1ae7a920
mock_7268e10c_G8B_047,MOCK-7268-G8B-047,"Esther Kariuki Simiyu","Grade 8 B",Female,"Mbita High School",7268e10c-fab7-4f2f-b839-75df1ae7a920
mock_7268e10c_G8B_048,MOCK-7268-G8B-048,"Duncan Wambui Rotich","Grade 8 B",Male,"Mbita High School",7268e10c-fab7-4f2f-b839-75df1ae7a920
mock_7268e10c_G8B_049,MOCK-7268-G8B-049,"Nicholas Rotich Barasa","Grade 8 B",Male,"Mbita High School",7268e10c-fab7-4f2f-b839-75df1ae7a920
mock_7268e10c_G8B_050,MOCK-7268-G8B-050,"Emmanuel Wairimu Odhiambo","Grade 8 B",Male,"Mbita High School",7268e10c-fab7-4f2f-b839-75df1ae7a920
mock_7268e10c_G8B_051,MOCK-7268-G8B-051,"Faith Kamau Owino","Grade 8 B",Female,"Mbita High School",7268e10c-fab7-4f2f-b839-75df1ae7a920
mock_7268e10c_G8B_052,MOCK-7268-G8B-052,"Christine Karanja Wambui","Grade 8 B",Female,"Mbita High School",7268e10c-fab7-4f2f-b839-75df1ae7a920
mock_7268e10c_G8B_053,MOCK-7268-G8B-053,"Pauline Wafula Chebet","Grade 8 B",Female,"Mbita High School",7268e10c-fab7-4f2f-b839-75df1ae7a920
mock_7268e10c_G8B_054,MOCK-7268-G8B-054,"Esther Wanjiru Njeri","Grade 8 B",Female,"Mbita High School",7268e10c-fab7-4f2f-b839-75df1ae7a920
mock_7268e10c_G8B_055,MOCK-7268-G8B-055,"Kevin Barasa Ochieng","Grade 8 B",Male,"Mbita High School",7268e10c-fab7-4f2f-b839-75df1ae7a920
mock_7268e10c_G8B_056,MOCK-7268-G8B-056,"Kevin Wairimu Akinyi","Grade 8 B",Male,"Mbita High School",7268e10c-fab7-4f2f-b839-75df1ae7a920
mock_7268e10c_G8B_057,MOCK-7268-G8B-057,"Grace Wafula Mutua","Grade 8 B",Female,"Mbita High School",7268e10c-fab7-4f2f-b839-75df1ae7a920
mock_7268e10c_G8B_058,MOCK-7268-G8B-058,"Kevin Kipchoge Onyango","Grade 8 B",Male,"Mbita High School",7268e10c-fab7-4f2f-b839-75df1ae7a920
mock_7268e10c_G8B_059,MOCK-7268-G8B-059,"Charles Mbugua Wanjiru","Grade 8 B",Male,"Mbita High School",7268e10c-fab7-4f2f-b839-75df1ae7a920
mock_7268e10c_G8B_060,MOCK-7268-G8B-060,"Collins Odhiambo Wanjiru","Grade 8 B",Male,"Mbita High School",7268e10c-fab7-4f2f-b839-75df1ae7a920
mock_7268e10c_G9A_001,MOCK-7268-G9A-001,"Beatrice Kiplagat Onyango","Grade 9 A",Female,"Mbita High School",7268e10c-fab7-4f2f-b839-75df1ae7a920
mock_7268e10c_G9A_002,MOCK-7268-G9A-002,"Cornelius Otieno Ochieng","Grade 9 A",Male,"Mbita High School",7268e10c-fab7-4f2f-b839-75df1ae7a920
mock_7268e10c_G9A_003,MOCK-7268-G9A-003,"Vincent Mutiso Simiyu","Grade 9 A",Male,"Mbita High School",7268e10c-fab7-4f2f-b839-75df1ae7a920
mock_7268e10c_G9A_004,MOCK-7268-G9A-004,"Diana Kibet Owino","Grade 9 A",Female,"Mbita High School",7268e10c-fab7-4f2f-b839-75df1ae7a920
mock_7268e10c_G9A_005,MOCK-7268-G9A-005,"Beatrice Wafula Maina","Grade 9 A",Female,"Mbita High School",7268e10c-fab7-4f2f-b839-75df1ae7a920
mock_7268e10c_G9A_006,MOCK-7268-G9A-006,"Lucy Wairimu Were","Grade 9 A",Female,"Mbita High School",7268e10c-fab7-4f2f-b839-75df1ae7a920
mock_7268e10c_G9A_007,MOCK-7268-G9A-007,"Rose Kibet Njoroge","Grade 9 A",Female,"Mbita High School",7268e10c-fab7-4f2f-b839-75df1ae7a920
mock_7268e10c_G9A_008,MOCK-7268-G9A-008,"Joy Wambui Mwangi","Grade 9 A",Female,"Mbita High School",7268e10c-fab7-4f2f-b839-75df1ae7a920
mock_7268e10c_G9A_009,MOCK-7268-G9A-009,"Kelvin Wanjiru Cheruiyot","Grade 9 A",Male,"Mbita High School",7268e10c-fab7-4f2f-b839-75df1ae7a920
mock_7268e10c_G9A_010,MOCK-7268-G9A-010,"Charles Rotich Otieno","Grade 9 A",Male,"Mbita High School",7268e10c-fab7-4f2f-b839-75df1ae7a920
mock_7268e10c_G9A_011,MOCK-7268-G9A-011,"Elvis Odhiambo Auma","Grade 9 A",Male,"Mbita High School",7268e10c-fab7-4f2f-b839-75df1ae7a920
mock_7268e10c_G9A_012,MOCK-7268-G9A-012,"Martin Njeri Omondi","Grade 9 A",Male,"Mbita High School",7268e10c-fab7-4f2f-b839-75df1ae7a920
mock_7268e10c_G9A_013,MOCK-7268-G9A-013,"Janet Gitau Simiyu","Grade 9 A",Female,"Mbita High School",7268e10c-fab7-4f2f-b839-75df1ae7a920
mock_7268e10c_G9A_014,MOCK-7268-G9A-014,"Dennis Wairimu Korir","Grade 9 A",Male,"Mbita High School",7268e10c-fab7-4f2f-b839-75df1ae7a920
mock_7268e10c_G9A_015,MOCK-7268-G9A-015,"Faith Auma Mwangi","Grade 9 A",Female,"Mbita High School",7268e10c-fab7-4f2f-b839-75df1ae7a920
mock_7268e10c_G9A_016,MOCK-7268-G9A-016,"Nancy Maina Were","Grade 9 A",Female,"Mbita High School",7268e10c-fab7-4f2f-b839-75df1ae7a920
mock_7268e10c_G9A_017,MOCK-7268-G9A-017,"Sylvia Mwangi Odhiambo","Grade 9 A",Female,"Mbita High School",7268e10c-fab7-4f2f-b839-75df1ae7a920
mock_7268e10c_G9A_018,MOCK-7268-G9A-018,"Rose Korir Wanjiru","Grade 9 A",Female,"Mbita High School",7268e10c-fab7-4f2f-b839-75df1ae7a920
mock_7268e10c_G9A_019,MOCK-7268-G9A-019,"Doreen Auma Nyokabi","Grade 9 A",Female,"Mbita High School",7268e10c-fab7-4f2f-b839-75df1ae7a920
mock_7268e10c_G9A_020,MOCK-7268-G9A-020,"Peter Korir Wambui","Grade 9 A",Male,"Mbita High School",7268e10c-fab7-4f2f-b839-75df1ae7a920
mock_7268e10c_G9A_021,MOCK-7268-G9A-021,"Felix Njeri Wanjiru","Grade 9 A",Male,"Mbita High School",7268e10c-fab7-4f2f-b839-75df1ae7a920
mock_7268e10c_G9A_022,MOCK-7268-G9A-022,"Eunice Wanjiru Rotich","Grade 9 A",Female,"Mbita High School",7268e10c-fab7-4f2f-b839-75df1ae7a920
mock_7268e10c_G9A_023,MOCK-7268-G9A-023,"Ann Chepkemoi Korir","Grade 9 A",Female,"Mbita High School",7268e10c-fab7-4f2f-b839-75df1ae7a920
mock_7268e10c_G9A_024,MOCK-7268-G9A-024,"Kevin Onyango Barasa","Grade 9 A",Male,"Mbita High School",7268e10c-fab7-4f2f-b839-75df1ae7a920
mock_7268e10c_G9A_025,MOCK-7268-G9A-025,"Brian Rotich Kamau","Grade 9 A",Male,"Mbita High School",7268e10c-fab7-4f2f-b839-75df1ae7a920
mock_7268e10c_G9A_026,MOCK-7268-G9A-026,"Doreen Juma Rotich","Grade 9 A",Female,"Mbita High School",7268e10c-fab7-4f2f-b839-75df1ae7a920
mock_7268e10c_G9A_027,MOCK-7268-G9A-027,"Felix Were Chebet","Grade 9 A",Male,"Mbita High School",7268e10c-fab7-4f2f-b839-75df1ae7a920
mock_7268e10c_G9A_028,MOCK-7268-G9A-028,"Nancy Nyokabi Wambui","Grade 9 A",Female,"Mbita High School",7268e10c-fab7-4f2f-b839-75df1ae7a920
mock_7268e10c_G9A_029,MOCK-7268-G9A-029,"Eric Kamau Mwangi","Grade 9 A",Male,"Mbita High School",7268e10c-fab7-4f2f-b839-75df1ae7a920
mock_7268e10c_G9A_030,MOCK-7268-G9A-030,"Gideon Kamau Rotich","Grade 9 A",Male,"Mbita High School",7268e10c-fab7-4f2f-b839-75df1ae7a920
mock_7268e10c_G9A_031,MOCK-7268-G9A-031,"Sharon Kamau Kariuki","Grade 9 A",Female,"Mbita High School",7268e10c-fab7-4f2f-b839-75df1ae7a920
mock_7268e10c_G9A_032,MOCK-7268-G9A-032,"Patrick Kipchoge Mwangi","Grade 9 A",Male,"Mbita High School",7268e10c-fab7-4f2f-b839-75df1ae7a920
mock_7268e10c_G9A_033,MOCK-7268-G9A-033,"Charles Njoroge Wambui","Grade 9 A",Male,"Mbita High School",7268e10c-fab7-4f2f-b839-75df1ae7a920
mock_7268e10c_G9A_034,MOCK-7268-G9A-034,"Doreen Odhiambo Wafula","Grade 9 A",Female,"Mbita High School",7268e10c-fab7-4f2f-b839-75df1ae7a920
mock_7268e10c_G9A_035,MOCK-7268-G9A-035,"Lydia Barasa Mutua","Grade 9 A",Female,"Mbita High School",7268e10c-fab7-4f2f-b839-75df1ae7a920
mock_7268e10c_G9A_036,MOCK-7268-G9A-036,"Duncan Owino Cheruiyot","Grade 9 A",Male,"Mbita High School",7268e10c-fab7-4f2f-b839-75df1ae7a920
mock_7268e10c_G9A_037,MOCK-7268-G9A-037,"Samuel Nyokabi Njeri","Grade 9 A",Male,"Mbita High School",7268e10c-fab7-4f2f-b839-75df1ae7a920
mock_7268e10c_G9A_038,MOCK-7268-G9A-038,"Caroline Omondi Kamau","Grade 9 A",Female,"Mbita High School",7268e10c-fab7-4f2f-b839-75df1ae7a920
mock_7268e10c_G9A_039,MOCK-7268-G9A-039,"Winnie Odhiambo Njoroge","Grade 9 A",Female,"Mbita High School",7268e10c-fab7-4f2f-b839-75df1ae7a920
mock_7268e10c_G9A_040,MOCK-7268-G9A-040,"Stephen Akinyi Akinyi","Grade 9 A",Male,"Mbita High School",7268e10c-fab7-4f2f-b839-75df1ae7a920
mock_7268e10c_G9A_041,MOCK-7268-G9A-041,"Eric Juma Cheruiyot","Grade 9 A",Male,"Mbita High School",7268e10c-fab7-4f2f-b839-75df1ae7a920
mock_7268e10c_G9A_042,MOCK-7268-G9A-042,"Rose Adhiambo Onyango","Grade 9 A",Female,"Mbita High School",7268e10c-fab7-4f2f-b839-75df1ae7a920
mock_7268e10c_G9A_043,MOCK-7268-G9A-043,"Brian Nyambura Kibet","Grade 9 A",Male,"Mbita High School",7268e10c-fab7-4f2f-b839-75df1ae7a920
mock_7268e10c_G9A_044,MOCK-7268-G9A-044,"Elvis Nyambura Were","Grade 9 A",Male,"Mbita High School",7268e10c-fab7-4f2f-b839-75df1ae7a920
mock_7268e10c_G9A_045,MOCK-7268-G9A-045,"Cornelius Mutiso Owino","Grade 9 A",Male,"Mbita High School",7268e10c-fab7-4f2f-b839-75df1ae7a920
mock_7268e10c_G9A_046,MOCK-7268-G9A-046,"Eric Juma Wafula","Grade 9 A",Male,"Mbita High School",7268e10c-fab7-4f2f-b839-75df1ae7a920
mock_7268e10c_G9A_047,MOCK-7268-G9A-047,"Collins Karanja Kiplagat","Grade 9 A",Male,"Mbita High School",7268e10c-fab7-4f2f-b839-75df1ae7a920
mock_7268e10c_G9A_048,MOCK-7268-G9A-048,"Collins Chebet Njeri","Grade 9 A",Male,"Mbita High School",7268e10c-fab7-4f2f-b839-75df1ae7a920
mock_7268e10c_G9A_049,MOCK-7268-G9A-049,"Joseph Odhiambo Cheruiyot","Grade 9 A",Male,"Mbita High School",7268e10c-fab7-4f2f-b839-75df1ae7a920
mock_7268e10c_G9A_050,MOCK-7268-G9A-050,"Victor Simiyu Omondi","Grade 9 A",Male,"Mbita High School",7268e10c-fab7-4f2f-b839-75df1ae7a920
mock_7268e10c_G9A_051,MOCK-7268-G9A-051,"Cynthia Mwangi Nyambura","Grade 9 A",Female,"Mbita High School",7268e10c-fab7-4f2f-b839-75df1ae7a920
mock_7268e10c_G9A_052,MOCK-7268-G9A-052,"Vincent Akinyi Barasa","Grade 9 A",Male,"Mbita High School",7268e10c-fab7-4f2f-b839-75df1ae7a920
mock_7268e10c_G9A_053,MOCK-7268-G9A-053,"Duncan Onyango Cheruiyot","Grade 9 A",Male,"Mbita High School",7268e10c-fab7-4f2f-b839-75df1ae7a920
mock_7268e10c_G9A_054,MOCK-7268-G9A-054,"Felix Nyokabi Akinyi","Grade 9 A",Male,"Mbita High School",7268e10c-fab7-4f2f-b839-75df1ae7a920
mock_7268e10c_G9A_055,MOCK-7268-G9A-055,"Nicholas Were Nyambura","Grade 9 A",Male,"Mbita High School",7268e10c-fab7-4f2f-b839-75df1ae7a920
mock_7268e10c_G9A_056,MOCK-7268-G9A-056,"Ann Onyango Atieno","Grade 9 A",Female,"Mbita High School",7268e10c-fab7-4f2f-b839-75df1ae7a920
mock_7268e10c_G9A_057,MOCK-7268-G9A-057,"Joy Rotich Kibet","Grade 9 A",Female,"Mbita High School",7268e10c-fab7-4f2f-b839-75df1ae7a920
mock_7268e10c_G9A_058,MOCK-7268-G9A-058,"Purity Gitau Korir","Grade 9 A",Female,"Mbita High School",7268e10c-fab7-4f2f-b839-75df1ae7a920
mock_7268e10c_G9A_059,MOCK-7268-G9A-059,"Ian Njeri Auma","Grade 9 A",Male,"Mbita High School",7268e10c-fab7-4f2f-b839-75df1ae7a920
mock_7268e10c_G9A_060,MOCK-7268-G9A-060,"Winnie Korir Kariuki","Grade 9 A",Female,"Mbita High School",7268e10c-fab7-4f2f-b839-75df1ae7a920
mock_7268e10c_G9B_001,MOCK-7268-G9B-001,"Ian Nyambura Owino","Grade 9 B",Male,"Mbita High School",7268e10c-fab7-4f2f-b839-75df1ae7a920
mock_7268e10c_G9B_002,MOCK-7268-G9B-002,"Eric Korir Otieno","Grade 9 B",Male,"Mbita High School",7268e10c-fab7-4f2f-b839-75df1ae7a920
mock_7268e10c_G9B_003,MOCK-7268-G9B-003,"Caroline Cheruiyot Akinyi","Grade 9 B",Female,"Mbita High School",7268e10c-fab7-4f2f-b839-75df1ae7a920
mock_7268e10c_G9B_004,MOCK-7268-G9B-004,"Gideon Kipchoge Mbugua","Grade 9 B",Male,"Mbita High School",7268e10c-fab7-4f2f-b839-75df1ae7a920
mock_7268e10c_G9B_005,MOCK-7268-G9B-005,"Diana Otieno Otieno","Grade 9 B",Female,"Mbita High School",7268e10c-fab7-4f2f-b839-75df1ae7a920
mock_7268e10c_G9B_006,MOCK-7268-G9B-006,"Felix Cheruiyot Kamau","Grade 9 B",Male,"Mbita High School",7268e10c-fab7-4f2f-b839-75df1ae7a920
mock_7268e10c_G9B_007,MOCK-7268-G9B-007,"Charles Odhiambo Chepkemoi","Grade 9 B",Male,"Mbita High School",7268e10c-fab7-4f2f-b839-75df1ae7a920
mock_7268e10c_G9B_008,MOCK-7268-G9B-008,"Valentine Mbugua Onyango","Grade 9 B",Female,"Mbita High School",7268e10c-fab7-4f2f-b839-75df1ae7a920
mock_7268e10c_G9B_009,MOCK-7268-G9B-009,"Martin Odhiambo Mutua","Grade 9 B",Male,"Mbita High School",7268e10c-fab7-4f2f-b839-75df1ae7a920
mock_7268e10c_G9B_010,MOCK-7268-G9B-010,"Lucy Juma Owino","Grade 9 B",Female,"Mbita High School",7268e10c-fab7-4f2f-b839-75df1ae7a920
mock_7268e10c_G9B_011,MOCK-7268-G9B-011,"Valentine Kibet Barasa","Grade 9 B",Female,"Mbita High School",7268e10c-fab7-4f2f-b839-75df1ae7a920
mock_7268e10c_G9B_012,MOCK-7268-G9B-012,"Duncan Nyokabi Were","Grade 9 B",Male,"Mbita High School",7268e10c-fab7-4f2f-b839-75df1ae7a920
mock_7268e10c_G9B_013,MOCK-7268-G9B-013,"Michael Kibet Barasa","Grade 9 B",Male,"Mbita High School",7268e10c-fab7-4f2f-b839-75df1ae7a920
mock_7268e10c_G9B_014,MOCK-7268-G9B-014,"Mercy Ochieng Owino","Grade 9 B",Female,"Mbita High School",7268e10c-fab7-4f2f-b839-75df1ae7a920
mock_7268e10c_G9B_015,MOCK-7268-G9B-015,"Patrick Ochieng Juma","Grade 9 B",Male,"Mbita High School",7268e10c-fab7-4f2f-b839-75df1ae7a920
mock_7268e10c_G9B_016,MOCK-7268-G9B-016,"Duncan Rotich Owino","Grade 9 B",Male,"Mbita High School",7268e10c-fab7-4f2f-b839-75df1ae7a920
mock_7268e10c_G9B_017,MOCK-7268-G9B-017,"Esther Nyokabi Cheruiyot","Grade 9 B",Female,"Mbita High School",7268e10c-fab7-4f2f-b839-75df1ae7a920
mock_7268e10c_G9B_018,MOCK-7268-G9B-018,"Stephen Mbugua Chebet","Grade 9 B",Male,"Mbita High School",7268e10c-fab7-4f2f-b839-75df1ae7a920
mock_7268e10c_G9B_019,MOCK-7268-G9B-019,"Purity Kipchoge Gitau","Grade 9 B",Female,"Mbita High School",7268e10c-fab7-4f2f-b839-75df1ae7a920
mock_7268e10c_G9B_020,MOCK-7268-G9B-020,"Gideon Odhiambo Were","Grade 9 B",Male,"Mbita High School",7268e10c-fab7-4f2f-b839-75df1ae7a920
mock_7268e10c_G9B_021,MOCK-7268-G9B-021,"Elvis Wambui Mutua","Grade 9 B",Male,"Mbita High School",7268e10c-fab7-4f2f-b839-75df1ae7a920
mock_7268e10c_G9B_022,MOCK-7268-G9B-022,"Brenda Wairimu Kariuki","Grade 9 B",Female,"Mbita High School",7268e10c-fab7-4f2f-b839-75df1ae7a920
mock_7268e10c_G9B_023,MOCK-7268-G9B-023,"Beatrice Chepkemoi Onyango","Grade 9 B",Female,"Mbita High School",7268e10c-fab7-4f2f-b839-75df1ae7a920
mock_7268e10c_G9B_024,MOCK-7268-G9B-024,"Sharon Njeri Akinyi","Grade 9 B",Female,"Mbita High School",7268e10c-fab7-4f2f-b839-75df1ae7a920
mock_7268e10c_G9B_025,MOCK-7268-G9B-025,"Sharon Nyambura Mutiso","Grade 9 B",Female,"Mbita High School",7268e10c-fab7-4f2f-b839-75df1ae7a920
mock_7268e10c_G9B_026,MOCK-7268-G9B-026,"Mitchelle Cheruiyot Odhiambo","Grade 9 B",Female,"Mbita High School",7268e10c-fab7-4f2f-b839-75df1ae7a920
mock_7268e10c_G9B_027,MOCK-7268-G9B-027,"Samuel Karanja Auma","Grade 9 B",Male,"Mbita High School",7268e10c-fab7-4f2f-b839-75df1ae7a920
mock_7268e10c_G9B_028,MOCK-7268-G9B-028,"Faith Njoroge Gitau","Grade 9 B",Female,"Mbita High School",7268e10c-fab7-4f2f-b839-75df1ae7a920
mock_7268e10c_G9B_029,MOCK-7268-G9B-029,"George Were Nyambura","Grade 9 B",Male,"Mbita High School",7268e10c-fab7-4f2f-b839-75df1ae7a920
mock_7268e10c_G9B_030,MOCK-7268-G9B-030,"Janet Nyambura Simiyu","Grade 9 B",Female,"Mbita High School",7268e10c-fab7-4f2f-b839-75df1ae7a920
mock_7268e10c_G9B_031,MOCK-7268-G9B-031,"Linet Kiplagat Njoroge","Grade 9 B",Female,"Mbita High School",7268e10c-fab7-4f2f-b839-75df1ae7a920
mock_7268e10c_G9B_032,MOCK-7268-G9B-032,"Martin Akinyi Atieno","Grade 9 B",Male,"Mbita High School",7268e10c-fab7-4f2f-b839-75df1ae7a920
mock_7268e10c_G9B_033,MOCK-7268-G9B-033,"Felix Nyokabi Nyokabi","Grade 9 B",Male,"Mbita High School",7268e10c-fab7-4f2f-b839-75df1ae7a920
mock_7268e10c_G9B_034,MOCK-7268-G9B-034,"Joy Otieno Wanjiru","Grade 9 B",Female,"Mbita High School",7268e10c-fab7-4f2f-b839-75df1ae7a920
mock_7268e10c_G9B_035,MOCK-7268-G9B-035,"Pauline Rotich Njoroge","Grade 9 B",Female,"Mbita High School",7268e10c-fab7-4f2f-b839-75df1ae7a920
mock_7268e10c_G9B_036,MOCK-7268-G9B-036,"Eric Ochieng Wairimu","Grade 9 B",Male,"Mbita High School",7268e10c-fab7-4f2f-b839-75df1ae7a920
mock_7268e10c_G9B_037,MOCK-7268-G9B-037,"Linet Atieno Kariuki","Grade 9 B",Female,"Mbita High School",7268e10c-fab7-4f2f-b839-75df1ae7a920
mock_7268e10c_G9B_038,MOCK-7268-G9B-038,"George Mutiso Were","Grade 9 B",Male,"Mbita High School",7268e10c-fab7-4f2f-b839-75df1ae7a920
mock_7268e10c_G9B_039,MOCK-7268-G9B-039,"Dennis Auma Njeri","Grade 9 B",Male,"Mbita High School",7268e10c-fab7-4f2f-b839-75df1ae7a920
mock_7268e10c_G9B_040,MOCK-7268-G9B-040,"Dennis Wafula Mbugua","Grade 9 B",Male,"Mbita High School",7268e10c-fab7-4f2f-b839-75df1ae7a920
mock_7268e10c_G9B_041,MOCK-7268-G9B-041,"Janet Rotich Gitau","Grade 9 B",Female,"Mbita High School",7268e10c-fab7-4f2f-b839-75df1ae7a920
mock_7268e10c_G9B_042,MOCK-7268-G9B-042,"Felix Chebet Wafula","Grade 9 B",Male,"Mbita High School",7268e10c-fab7-4f2f-b839-75df1ae7a920
mock_7268e10c_G9B_043,MOCK-7268-G9B-043,"Pauline Chebet Njoroge","Grade 9 B",Female,"Mbita High School",7268e10c-fab7-4f2f-b839-75df1ae7a920
mock_7268e10c_G9B_044,MOCK-7268-G9B-044,"Gideon Akinyi Gitau","Grade 9 B",Male,"Mbita High School",7268e10c-fab7-4f2f-b839-75df1ae7a920
mock_7268e10c_G9B_045,MOCK-7268-G9B-045,"Faith Kamau Akinyi","Grade 9 B",Female,"Mbita High School",7268e10c-fab7-4f2f-b839-75df1ae7a920
mock_7268e10c_G9B_046,MOCK-7268-G9B-046,"Michael Njeri Chepkemoi","Grade 9 B",Male,"Mbita High School",7268e10c-fab7-4f2f-b839-75df1ae7a920
mock_7268e10c_G9B_047,MOCK-7268-G9B-047,"Mercy Cheruiyot Simiyu","Grade 9 B",Female,"Mbita High School",7268e10c-fab7-4f2f-b839-75df1ae7a920
mock_7268e10c_G9B_048,MOCK-7268-G9B-048,"Esther Owino Wairimu","Grade 9 B",Female,"Mbita High School",7268e10c-fab7-4f2f-b839-75df1ae7a920
mock_7268e10c_G9B_049,MOCK-7268-G9B-049,"Cornelius Chebet Simiyu","Grade 9 B",Male,"Mbita High School",7268e10c-fab7-4f2f-b839-75df1ae7a920
mock_7268e10c_G9B_050,MOCK-7268-G9B-050,"Winnie Karanja Odhiambo","Grade 9 B",Female,"Mbita High School",7268e10c-fab7-4f2f-b839-75df1ae7a920
mock_7268e10c_G9B_051,MOCK-7268-G9B-051,"Caroline Auma Barasa","Grade 9 B",Female,"Mbita High School",7268e10c-fab7-4f2f-b839-75df1ae7a920
mock_7268e10c_G9B_052,MOCK-7268-G9B-052,"George Wambui Atieno","Grade 9 B",Male,"Mbita High School",7268e10c-fab7-4f2f-b839-75df1ae7a920
mock_7268e10c_G9B_053,MOCK-7268-G9B-053,"Dennis Simiyu Nyambura","Grade 9 B",Male,"Mbita High School",7268e10c-fab7-4f2f-b839-75df1ae7a920
mock_7268e10c_G9B_054,MOCK-7268-G9B-054,"Stephen Odhiambo Simiyu","Grade 9 B",Male,"Mbita High School",7268e10c-fab7-4f2f-b839-75df1ae7a920
mock_7268e10c_G9B_055,MOCK-7268-G9B-055,"Charles Auma Omondi","Grade 9 B",Male,"Mbita High School",7268e10c-fab7-4f2f-b839-75df1ae7a920
mock_7268e10c_G9B_056,MOCK-7268-G9B-056,"Sharon Adhiambo Akinyi","Grade 9 B",Female,"Mbita High School",7268e10c-fab7-4f2f-b839-75df1ae7a920
mock_7268e10c_G9B_057,MOCK-7268-G9B-057,"Linet Ochieng Otieno","Grade 9 B",Female,"Mbita High School",7268e10c-fab7-4f2f-b839-75df1ae7a920
mock_7268e10c_G9B_058,MOCK-7268-G9B-058,"Collins Rotich Wambui","Grade 9 B",Male,"Mbita High School",7268e10c-fab7-4f2f-b839-75df1ae7a920
mock_7268e10c_G9B_059,MOCK-7268-G9B-059,"Janet Kariuki Achieng","Grade 9 B",Female,"Mbita High School",7268e10c-fab7-4f2f-b839-75df1ae7a920
mock_7268e10c_G9B_060,MOCK-7268-G9B-060,"Lucy Gitau Akinyi","Grade 9 B",Female,"Mbita High School",7268e10c-fab7-4f2f-b839-75df1ae7a920
mock_7268e10c_G10A_001,MOCK-7268-G10A-001,"Winnie Ochieng Onyango","Grade 10 A",Female,"Mbita High School",7268e10c-fab7-4f2f-b839-75df1ae7a920
mock_7268e10c_G10A_002,MOCK-7268-G10A-002,"Lydia Onyango Auma","Grade 10 A",Female,"Mbita High School",7268e10c-fab7-4f2f-b839-75df1ae7a920
mock_7268e10c_G10A_003,MOCK-7268-G10A-003,"Samuel Korir Kamau","Grade 10 A",Male,"Mbita High School",7268e10c-fab7-4f2f-b839-75df1ae7a920
mock_7268e10c_G10A_004,MOCK-7268-G10A-004,"Joy Mbugua Juma","Grade 10 A",Female,"Mbita High School",7268e10c-fab7-4f2f-b839-75df1ae7a920
mock_7268e10c_G10A_005,MOCK-7268-G10A-005,"Winnie Chepkemoi Nyokabi","Grade 10 A",Female,"Mbita High School",7268e10c-fab7-4f2f-b839-75df1ae7a920
mock_7268e10c_G10A_006,MOCK-7268-G10A-006,"Brayan Omondi Chepkemoi","Grade 10 A",Male,"Mbita High School",7268e10c-fab7-4f2f-b839-75df1ae7a920
mock_7268e10c_G10A_007,MOCK-7268-G10A-007,"Sylvia Atieno Kiplagat","Grade 10 A",Female,"Mbita High School",7268e10c-fab7-4f2f-b839-75df1ae7a920
mock_7268e10c_G10A_008,MOCK-7268-G10A-008,"Pauline Korir Onyango","Grade 10 A",Female,"Mbita High School",7268e10c-fab7-4f2f-b839-75df1ae7a920
mock_7268e10c_G10A_009,MOCK-7268-G10A-009,"Anthony Chepkemoi Chebet","Grade 10 A",Male,"Mbita High School",7268e10c-fab7-4f2f-b839-75df1ae7a920
mock_7268e10c_G10A_010,MOCK-7268-G10A-010,"Mercy Auma Kariuki","Grade 10 A",Female,"Mbita High School",7268e10c-fab7-4f2f-b839-75df1ae7a920
mock_7268e10c_G10A_011,MOCK-7268-G10A-011,"Anthony Kiplagat Onyango","Grade 10 A",Male,"Mbita High School",7268e10c-fab7-4f2f-b839-75df1ae7a920
mock_7268e10c_G10A_012,MOCK-7268-G10A-012,"Valentine Juma Njoroge","Grade 10 A",Female,"Mbita High School",7268e10c-fab7-4f2f-b839-75df1ae7a920
mock_7268e10c_G10A_013,MOCK-7268-G10A-013,"Allan Owino Simiyu","Grade 10 A",Male,"Mbita High School",7268e10c-fab7-4f2f-b839-75df1ae7a920
mock_7268e10c_G10A_014,MOCK-7268-G10A-014,"George Barasa Atieno","Grade 10 A",Male,"Mbita High School",7268e10c-fab7-4f2f-b839-75df1ae7a920
mock_7268e10c_G10A_015,MOCK-7268-G10A-015,"Victor Cheruiyot Akinyi","Grade 10 A",Male,"Mbita High School",7268e10c-fab7-4f2f-b839-75df1ae7a920
mock_7268e10c_G10A_016,MOCK-7268-G10A-016,"Charles Mwangi Kariuki","Grade 10 A",Male,"Mbita High School",7268e10c-fab7-4f2f-b839-75df1ae7a920
mock_7268e10c_G10A_017,MOCK-7268-G10A-017,"Vincent Karanja Kamau","Grade 10 A",Male,"Mbita High School",7268e10c-fab7-4f2f-b839-75df1ae7a920
mock_7268e10c_G10A_018,MOCK-7268-G10A-018,"Eric Wafula Mbugua","Grade 10 A",Male,"Mbita High School",7268e10c-fab7-4f2f-b839-75df1ae7a920
mock_7268e10c_G10A_019,MOCK-7268-G10A-019,"Rose Kipchoge Cheruiyot","Grade 10 A",Female,"Mbita High School",7268e10c-fab7-4f2f-b839-75df1ae7a920
mock_7268e10c_G10A_020,MOCK-7268-G10A-020,"Joseph Mbugua Adhiambo","Grade 10 A",Male,"Mbita High School",7268e10c-fab7-4f2f-b839-75df1ae7a920
mock_7268e10c_G10A_021,MOCK-7268-G10A-021,"Sylvia Chepkemoi Rotich","Grade 10 A",Female,"Mbita High School",7268e10c-fab7-4f2f-b839-75df1ae7a920
mock_7268e10c_G10A_022,MOCK-7268-G10A-022,"Gideon Njeri Adhiambo","Grade 10 A",Male,"Mbita High School",7268e10c-fab7-4f2f-b839-75df1ae7a920
mock_7268e10c_G10A_023,MOCK-7268-G10A-023,"Duncan Wairimu Mbugua","Grade 10 A",Male,"Mbita High School",7268e10c-fab7-4f2f-b839-75df1ae7a920
mock_7268e10c_G10A_024,MOCK-7268-G10A-024,"Anthony Simiyu Akinyi","Grade 10 A",Male,"Mbita High School",7268e10c-fab7-4f2f-b839-75df1ae7a920
mock_7268e10c_G10A_025,MOCK-7268-G10A-025,"Dennis Kariuki Mwangi","Grade 10 A",Male,"Mbita High School",7268e10c-fab7-4f2f-b839-75df1ae7a920
mock_7268e10c_G10A_026,MOCK-7268-G10A-026,"Elvis Cheruiyot Were","Grade 10 A",Male,"Mbita High School",7268e10c-fab7-4f2f-b839-75df1ae7a920
mock_7268e10c_G10A_027,MOCK-7268-G10A-027,"Janet Karanja Gitau","Grade 10 A",Female,"Mbita High School",7268e10c-fab7-4f2f-b839-75df1ae7a920
mock_7268e10c_G10A_028,MOCK-7268-G10A-028,"Dennis Mutua Omondi","Grade 10 A",Male,"Mbita High School",7268e10c-fab7-4f2f-b839-75df1ae7a920
mock_7268e10c_G10A_029,MOCK-7268-G10A-029,"Christine Rotich Gitau","Grade 10 A",Female,"Mbita High School",7268e10c-fab7-4f2f-b839-75df1ae7a920
mock_7268e10c_G10A_030,MOCK-7268-G10A-030,"Rose Njoroge Karanja","Grade 10 A",Female,"Mbita High School",7268e10c-fab7-4f2f-b839-75df1ae7a920
mock_7268e10c_G10A_031,MOCK-7268-G10A-031,"Brayan Maina Wanjiru","Grade 10 A",Male,"Mbita High School",7268e10c-fab7-4f2f-b839-75df1ae7a920
mock_7268e10c_G10A_032,MOCK-7268-G10A-032,"Victor Nyokabi Kibet","Grade 10 A",Male,"Mbita High School",7268e10c-fab7-4f2f-b839-75df1ae7a920
mock_7268e10c_G10A_033,MOCK-7268-G10A-033,"Joy Odhiambo Gitau","Grade 10 A",Female,"Mbita High School",7268e10c-fab7-4f2f-b839-75df1ae7a920
mock_7268e10c_G10A_034,MOCK-7268-G10A-034,"Cynthia Maina Chepkemoi","Grade 10 A",Female,"Mbita High School",7268e10c-fab7-4f2f-b839-75df1ae7a920
mock_7268e10c_G10A_035,MOCK-7268-G10A-035,"Eric Gitau Nyambura","Grade 10 A",Male,"Mbita High School",7268e10c-fab7-4f2f-b839-75df1ae7a920
mock_7268e10c_G10A_036,MOCK-7268-G10A-036,"Mitchelle Nyokabi Nyambura","Grade 10 A",Female,"Mbita High School",7268e10c-fab7-4f2f-b839-75df1ae7a920
mock_7268e10c_G10A_037,MOCK-7268-G10A-037,"Grace Kariuki Korir","Grade 10 A",Female,"Mbita High School",7268e10c-fab7-4f2f-b839-75df1ae7a920
mock_7268e10c_G10A_038,MOCK-7268-G10A-038,"Lucy Chebet Achieng","Grade 10 A",Female,"Mbita High School",7268e10c-fab7-4f2f-b839-75df1ae7a920
mock_7268e10c_G10A_039,MOCK-7268-G10A-039,"Eunice Mutiso Owino","Grade 10 A",Female,"Mbita High School",7268e10c-fab7-4f2f-b839-75df1ae7a920
mock_7268e10c_G10A_040,MOCK-7268-G10A-040,"Sharon Maina Rotich","Grade 10 A",Female,"Mbita High School",7268e10c-fab7-4f2f-b839-75df1ae7a920
mock_7268e10c_G10A_041,MOCK-7268-G10A-041,"Caroline Kipchoge Maina","Grade 10 A",Female,"Mbita High School",7268e10c-fab7-4f2f-b839-75df1ae7a920
mock_7268e10c_G10A_042,MOCK-7268-G10A-042,"Lydia Nyokabi Nyambura","Grade 10 A",Female,"Mbita High School",7268e10c-fab7-4f2f-b839-75df1ae7a920
mock_7268e10c_G10A_043,MOCK-7268-G10A-043,"Stephen Mutua Onyango","Grade 10 A",Male,"Mbita High School",7268e10c-fab7-4f2f-b839-75df1ae7a920
mock_7268e10c_G10A_044,MOCK-7268-G10A-044,"Stephen Onyango Gitau","Grade 10 A",Male,"Mbita High School",7268e10c-fab7-4f2f-b839-75df1ae7a920
mock_7268e10c_G10A_045,MOCK-7268-G10A-045,"Mercy Juma Njoroge","Grade 10 A",Female,"Mbita High School",7268e10c-fab7-4f2f-b839-75df1ae7a920
mock_7268e10c_G10A_046,MOCK-7268-G10A-046,"Peter Mutiso Mwangi","Grade 10 A",Male,"Mbita High School",7268e10c-fab7-4f2f-b839-75df1ae7a920
mock_7268e10c_G10A_047,MOCK-7268-G10A-047,"Stella Chepkemoi Njeri","Grade 10 A",Female,"Mbita High School",7268e10c-fab7-4f2f-b839-75df1ae7a920
mock_7268e10c_G10A_048,MOCK-7268-G10A-048,"Vincent Adhiambo Kibet","Grade 10 A",Male,"Mbita High School",7268e10c-fab7-4f2f-b839-75df1ae7a920
mock_7268e10c_G10A_049,MOCK-7268-G10A-049,"Faith Auma Odhiambo","Grade 10 A",Female,"Mbita High School",7268e10c-fab7-4f2f-b839-75df1ae7a920
mock_7268e10c_G10A_050,MOCK-7268-G10A-050,"Stella Nyambura Chebet","Grade 10 A",Female,"Mbita High School",7268e10c-fab7-4f2f-b839-75df1ae7a920
mock_7268e10c_G10A_051,MOCK-7268-G10A-051,"Janet Wafula Achieng","Grade 10 A",Female,"Mbita High School",7268e10c-fab7-4f2f-b839-75df1ae7a920
mock_7268e10c_G10A_052,MOCK-7268-G10A-052,"Victor Akinyi Barasa","Grade 10 A",Male,"Mbita High School",7268e10c-fab7-4f2f-b839-75df1ae7a920
mock_7268e10c_G10A_053,MOCK-7268-G10A-053,"Stella Simiyu Kibet","Grade 10 A",Female,"Mbita High School",7268e10c-fab7-4f2f-b839-75df1ae7a920
mock_7268e10c_G10A_054,MOCK-7268-G10A-054,"Eric Kariuki Otieno","Grade 10 A",Male,"Mbita High School",7268e10c-fab7-4f2f-b839-75df1ae7a920
mock_7268e10c_G10A_055,MOCK-7268-G10A-055,"Vincent Kibet Njoroge","Grade 10 A",Male,"Mbita High School",7268e10c-fab7-4f2f-b839-75df1ae7a920
mock_7268e10c_G10A_056,MOCK-7268-G10A-056,"Stella Nyambura Were","Grade 10 A",Female,"Mbita High School",7268e10c-fab7-4f2f-b839-75df1ae7a920
mock_7268e10c_G10A_057,MOCK-7268-G10A-057,"Patrick Juma Kibet","Grade 10 A",Male,"Mbita High School",7268e10c-fab7-4f2f-b839-75df1ae7a920
mock_7268e10c_G10A_058,MOCK-7268-G10A-058,"Sharon Karanja Kibet","Grade 10 A",Female,"Mbita High School",7268e10c-fab7-4f2f-b839-75df1ae7a920
mock_7268e10c_G10A_059,MOCK-7268-G10A-059,"Rose Omondi Mutiso","Grade 10 A",Female,"Mbita High School",7268e10c-fab7-4f2f-b839-75df1ae7a920
mock_7268e10c_G10A_060,MOCK-7268-G10A-060,"Kevin Karanja Njoroge","Grade 10 A",Male,"Mbita High School",7268e10c-fab7-4f2f-b839-75df1ae7a920
mock_7268e10c_G10B_001,MOCK-7268-G10B-001,"Samuel Njeri Akinyi","Grade 10 B",Male,"Mbita High School",7268e10c-fab7-4f2f-b839-75df1ae7a920
mock_7268e10c_G10B_002,MOCK-7268-G10B-002,"Daniel Karanja Maina","Grade 10 B",Male,"Mbita High School",7268e10c-fab7-4f2f-b839-75df1ae7a920
mock_7268e10c_G10B_003,MOCK-7268-G10B-003,"Joy Njoroge Korir","Grade 10 B",Female,"Mbita High School",7268e10c-fab7-4f2f-b839-75df1ae7a920
mock_7268e10c_G10B_004,MOCK-7268-G10B-004,"Felix Rotich Omondi","Grade 10 B",Male,"Mbita High School",7268e10c-fab7-4f2f-b839-75df1ae7a920
mock_7268e10c_G10B_005,MOCK-7268-G10B-005,"Esther Njeri Auma","Grade 10 B",Female,"Mbita High School",7268e10c-fab7-4f2f-b839-75df1ae7a920
mock_7268e10c_G10B_006,MOCK-7268-G10B-006,"Kevin Mutua Njoroge","Grade 10 B",Male,"Mbita High School",7268e10c-fab7-4f2f-b839-75df1ae7a920
mock_7268e10c_G10B_007,MOCK-7268-G10B-007,"Joy Adhiambo Korir","Grade 10 B",Female,"Mbita High School",7268e10c-fab7-4f2f-b839-75df1ae7a920
mock_7268e10c_G10B_008,MOCK-7268-G10B-008,"Valentine Atieno Karanja","Grade 10 B",Female,"Mbita High School",7268e10c-fab7-4f2f-b839-75df1ae7a920
mock_7268e10c_G10B_009,MOCK-7268-G10B-009,"Valentine Mutua Atieno","Grade 10 B",Female,"Mbita High School",7268e10c-fab7-4f2f-b839-75df1ae7a920
mock_7268e10c_G10B_010,MOCK-7268-G10B-010,"Faith Mutua Achieng","Grade 10 B",Female,"Mbita High School",7268e10c-fab7-4f2f-b839-75df1ae7a920
mock_7268e10c_G10B_011,MOCK-7268-G10B-011,"Cynthia Karanja Njeri","Grade 10 B",Female,"Mbita High School",7268e10c-fab7-4f2f-b839-75df1ae7a920
mock_7268e10c_G10B_012,MOCK-7268-G10B-012,"Nancy Owino Omondi","Grade 10 B",Female,"Mbita High School",7268e10c-fab7-4f2f-b839-75df1ae7a920
mock_7268e10c_G10B_013,MOCK-7268-G10B-013,"Lucy Kibet Chebet","Grade 10 B",Female,"Mbita High School",7268e10c-fab7-4f2f-b839-75df1ae7a920
mock_7268e10c_G10B_014,MOCK-7268-G10B-014,"Doreen Wanjiru Atieno","Grade 10 B",Female,"Mbita High School",7268e10c-fab7-4f2f-b839-75df1ae7a920
mock_7268e10c_G10B_015,MOCK-7268-G10B-015,"Brayan Kibet Nyokabi","Grade 10 B",Male,"Mbita High School",7268e10c-fab7-4f2f-b839-75df1ae7a920
mock_7268e10c_G10B_016,MOCK-7268-G10B-016,"Gideon Wambui Korir","Grade 10 B",Male,"Mbita High School",7268e10c-fab7-4f2f-b839-75df1ae7a920
mock_7268e10c_G10B_017,MOCK-7268-G10B-017,"Brenda Simiyu Wanjiru","Grade 10 B",Female,"Mbita High School",7268e10c-fab7-4f2f-b839-75df1ae7a920
mock_7268e10c_G10B_018,MOCK-7268-G10B-018,"Victor Wafula Akinyi","Grade 10 B",Male,"Mbita High School",7268e10c-fab7-4f2f-b839-75df1ae7a920
mock_7268e10c_G10B_019,MOCK-7268-G10B-019,"Pauline Karanja Rotich","Grade 10 B",Female,"Mbita High School",7268e10c-fab7-4f2f-b839-75df1ae7a920
mock_7268e10c_G10B_020,MOCK-7268-G10B-020,"Lucy Owino Mwangi","Grade 10 B",Female,"Mbita High School",7268e10c-fab7-4f2f-b839-75df1ae7a920
mock_7268e10c_G10B_021,MOCK-7268-G10B-021,"Purity Kibet Auma","Grade 10 B",Female,"Mbita High School",7268e10c-fab7-4f2f-b839-75df1ae7a920
mock_7268e10c_G10B_022,MOCK-7268-G10B-022,"Eunice Mbugua Karanja","Grade 10 B",Female,"Mbita High School",7268e10c-fab7-4f2f-b839-75df1ae7a920
mock_7268e10c_G10B_023,MOCK-7268-G10B-023,"Christine Kipchoge Omondi","Grade 10 B",Female,"Mbita High School",7268e10c-fab7-4f2f-b839-75df1ae7a920
mock_7268e10c_G10B_024,MOCK-7268-G10B-024,"Esther Wambui Akinyi","Grade 10 B",Female,"Mbita High School",7268e10c-fab7-4f2f-b839-75df1ae7a920
mock_7268e10c_G10B_025,MOCK-7268-G10B-025,"Charles Omondi Chepkemoi","Grade 10 B",Male,"Mbita High School",7268e10c-fab7-4f2f-b839-75df1ae7a920
mock_7268e10c_G10B_026,MOCK-7268-G10B-026,"Vincent Nyambura Korir","Grade 10 B",Male,"Mbita High School",7268e10c-fab7-4f2f-b839-75df1ae7a920
mock_7268e10c_G10B_027,MOCK-7268-G10B-027,"Lydia Adhiambo Rotich","Grade 10 B",Female,"Mbita High School",7268e10c-fab7-4f2f-b839-75df1ae7a920
mock_7268e10c_G10B_028,MOCK-7268-G10B-028,"Kevin Juma Omondi","Grade 10 B",Male,"Mbita High School",7268e10c-fab7-4f2f-b839-75df1ae7a920
mock_7268e10c_G10B_029,MOCK-7268-G10B-029,"Peter Wairimu Maina","Grade 10 B",Male,"Mbita High School",7268e10c-fab7-4f2f-b839-75df1ae7a920
mock_7268e10c_G10B_030,MOCK-7268-G10B-030,"Stella Rotich Were","Grade 10 B",Female,"Mbita High School",7268e10c-fab7-4f2f-b839-75df1ae7a920
mock_7268e10c_G10B_031,MOCK-7268-G10B-031,"Brenda Onyango Omondi","Grade 10 B",Female,"Mbita High School",7268e10c-fab7-4f2f-b839-75df1ae7a920
mock_7268e10c_G10B_032,MOCK-7268-G10B-032,"Cynthia Nyokabi Cheruiyot","Grade 10 B",Female,"Mbita High School",7268e10c-fab7-4f2f-b839-75df1ae7a920
mock_7268e10c_G10B_033,MOCK-7268-G10B-033,"Brian Onyango Adhiambo","Grade 10 B",Male,"Mbita High School",7268e10c-fab7-4f2f-b839-75df1ae7a920
mock_7268e10c_G10B_034,MOCK-7268-G10B-034,"Cynthia Wanjiru Mwangi","Grade 10 B",Female,"Mbita High School",7268e10c-fab7-4f2f-b839-75df1ae7a920
mock_7268e10c_G10B_035,MOCK-7268-G10B-035,"Cornelius Kibet Wambui","Grade 10 B",Male,"Mbita High School",7268e10c-fab7-4f2f-b839-75df1ae7a920
mock_7268e10c_G10B_036,MOCK-7268-G10B-036,"Cynthia Chebet Mbugua","Grade 10 B",Female,"Mbita High School",7268e10c-fab7-4f2f-b839-75df1ae7a920
mock_7268e10c_G10B_037,MOCK-7268-G10B-037,"Samuel Nyambura Ochieng","Grade 10 B",Male,"Mbita High School",7268e10c-fab7-4f2f-b839-75df1ae7a920
mock_7268e10c_G10B_038,MOCK-7268-G10B-038,"Ian Owino Njoroge","Grade 10 B",Male,"Mbita High School",7268e10c-fab7-4f2f-b839-75df1ae7a920
mock_7268e10c_G10B_039,MOCK-7268-G10B-039,"Daniel Wanjiru Njoroge","Grade 10 B",Male,"Mbita High School",7268e10c-fab7-4f2f-b839-75df1ae7a920
mock_7268e10c_G10B_040,MOCK-7268-G10B-040,"Linet Maina Karanja","Grade 10 B",Female,"Mbita High School",7268e10c-fab7-4f2f-b839-75df1ae7a920
mock_7268e10c_G10B_041,MOCK-7268-G10B-041,"Doreen Mbugua Akinyi","Grade 10 B",Female,"Mbita High School",7268e10c-fab7-4f2f-b839-75df1ae7a920
mock_7268e10c_G10B_042,MOCK-7268-G10B-042,"Joy Chepkemoi Barasa","Grade 10 B",Female,"Mbita High School",7268e10c-fab7-4f2f-b839-75df1ae7a920
mock_7268e10c_G10B_043,MOCK-7268-G10B-043,"Lydia Wafula Adhiambo","Grade 10 B",Female,"Mbita High School",7268e10c-fab7-4f2f-b839-75df1ae7a920
mock_7268e10c_G10B_044,MOCK-7268-G10B-044,"Joy Maina Maina","Grade 10 B",Female,"Mbita High School",7268e10c-fab7-4f2f-b839-75df1ae7a920
mock_7268e10c_G10B_045,MOCK-7268-G10B-045,"Dennis Mutua Nyokabi","Grade 10 B",Male,"Mbita High School",7268e10c-fab7-4f2f-b839-75df1ae7a920
mock_7268e10c_G10B_046,MOCK-7268-G10B-046,"Christine Barasa Simiyu","Grade 10 B",Female,"Mbita High School",7268e10c-fab7-4f2f-b839-75df1ae7a920
mock_7268e10c_G10B_047,MOCK-7268-G10B-047,"Pauline Were Wambui","Grade 10 B",Female,"Mbita High School",7268e10c-fab7-4f2f-b839-75df1ae7a920
mock_7268e10c_G10B_048,MOCK-7268-G10B-048,"Cornelius Onyango Maina","Grade 10 B",Male,"Mbita High School",7268e10c-fab7-4f2f-b839-75df1ae7a920
mock_7268e10c_G10B_049,MOCK-7268-G10B-049,"Faith Njeri Mbugua","Grade 10 B",Female,"Mbita High School",7268e10c-fab7-4f2f-b839-75df1ae7a920
mock_7268e10c_G10B_050,MOCK-7268-G10B-050,"Sharon Wafula Maina","Grade 10 B",Female,"Mbita High School",7268e10c-fab7-4f2f-b839-75df1ae7a920
mock_7268e10c_G10B_051,MOCK-7268-G10B-051,"Esther Wafula Karanja","Grade 10 B",Female,"Mbita High School",7268e10c-fab7-4f2f-b839-75df1ae7a920
mock_7268e10c_G10B_052,MOCK-7268-G10B-052,"Mary Onyango Kariuki","Grade 10 B",Female,"Mbita High School",7268e10c-fab7-4f2f-b839-75df1ae7a920
mock_7268e10c_G10B_053,MOCK-7268-G10B-053,"Charles Wairimu Karanja","Grade 10 B",Male,"Mbita High School",7268e10c-fab7-4f2f-b839-75df1ae7a920
mock_7268e10c_G10B_054,MOCK-7268-G10B-054,"Elvis Kiplagat Wambui","Grade 10 B",Male,"Mbita High School",7268e10c-fab7-4f2f-b839-75df1ae7a920
mock_7268e10c_G10B_055,MOCK-7268-G10B-055,"Collins Wairimu Ochieng","Grade 10 B",Male,"Mbita High School",7268e10c-fab7-4f2f-b839-75df1ae7a920
mock_7268e10c_G10B_056,MOCK-7268-G10B-056,"Nicholas Chepkemoi Chepkemoi","Grade 10 B",Male,"Mbita High School",7268e10c-fab7-4f2f-b839-75df1ae7a920
mock_7268e10c_G10B_057,MOCK-7268-G10B-057,"Pauline Kiplagat Wafula","Grade 10 B",Female,"Mbita High School",7268e10c-fab7-4f2f-b839-75df1ae7a920
mock_7268e10c_G10B_058,MOCK-7268-G10B-058,"Peter Achieng Njoroge","Grade 10 B",Male,"Mbita High School",7268e10c-fab7-4f2f-b839-75df1ae7a920
mock_7268e10c_G10B_059,MOCK-7268-G10B-059,"Cynthia Mutua Adhiambo","Grade 10 B",Female,"Mbita High School",7268e10c-fab7-4f2f-b839-75df1ae7a920
mock_7268e10c_G10B_060,MOCK-7268-G10B-060,"Gideon Cheruiyot Mwangi","Grade 10 B",Male,"Mbita High School",7268e10c-fab7-4f2f-b839-75df1ae7a920
mock_7268e10c_G11A_001,MOCK-7268-G11A-001,"Beatrice Chepkemoi Wafula","Grade 11 A",Female,"Mbita High School",7268e10c-fab7-4f2f-b839-75df1ae7a920
mock_7268e10c_G11A_002,MOCK-7268-G11A-002,"Kevin Ochieng Cheruiyot","Grade 11 A",Male,"Mbita High School",7268e10c-fab7-4f2f-b839-75df1ae7a920
mock_7268e10c_G11A_003,MOCK-7268-G11A-003,"Allan Maina Achieng","Grade 11 A",Male,"Mbita High School",7268e10c-fab7-4f2f-b839-75df1ae7a920
mock_7268e10c_G11A_004,MOCK-7268-G11A-004,"Dennis Korir Mutua","Grade 11 A",Male,"Mbita High School",7268e10c-fab7-4f2f-b839-75df1ae7a920
mock_7268e10c_G11A_005,MOCK-7268-G11A-005,"Valentine Otieno Njoroge","Grade 11 A",Female,"Mbita High School",7268e10c-fab7-4f2f-b839-75df1ae7a920
mock_7268e10c_G11A_006,MOCK-7268-G11A-006,"Brenda Mutiso Wairimu","Grade 11 A",Female,"Mbita High School",7268e10c-fab7-4f2f-b839-75df1ae7a920
mock_7268e10c_G11A_007,MOCK-7268-G11A-007,"Fredrick Wanjiru Wambui","Grade 11 A",Male,"Mbita High School",7268e10c-fab7-4f2f-b839-75df1ae7a920
mock_7268e10c_G11A_008,MOCK-7268-G11A-008,"Kevin Rotich Kiplagat","Grade 11 A",Male,"Mbita High School",7268e10c-fab7-4f2f-b839-75df1ae7a920
mock_7268e10c_G11A_009,MOCK-7268-G11A-009,"Eric Chebet Korir","Grade 11 A",Male,"Mbita High School",7268e10c-fab7-4f2f-b839-75df1ae7a920
mock_7268e10c_G11A_010,MOCK-7268-G11A-010,"Elvis Kamau Njeri","Grade 11 A",Male,"Mbita High School",7268e10c-fab7-4f2f-b839-75df1ae7a920
mock_7268e10c_G11A_011,MOCK-7268-G11A-011,"Mitchelle Maina Mbugua","Grade 11 A",Female,"Mbita High School",7268e10c-fab7-4f2f-b839-75df1ae7a920
mock_7268e10c_G11A_012,MOCK-7268-G11A-012,"Cynthia Nyokabi Mbugua","Grade 11 A",Female,"Mbita High School",7268e10c-fab7-4f2f-b839-75df1ae7a920
mock_7268e10c_G11A_013,MOCK-7268-G11A-013,"Brenda Korir Karanja","Grade 11 A",Female,"Mbita High School",7268e10c-fab7-4f2f-b839-75df1ae7a920
mock_7268e10c_G11A_014,MOCK-7268-G11A-014,"Patrick Kariuki Ochieng","Grade 11 A",Male,"Mbita High School",7268e10c-fab7-4f2f-b839-75df1ae7a920
mock_7268e10c_G11A_015,MOCK-7268-G11A-015,"Sylvia Chepkemoi Simiyu","Grade 11 A",Female,"Mbita High School",7268e10c-fab7-4f2f-b839-75df1ae7a920
mock_7268e10c_G11A_016,MOCK-7268-G11A-016,"Charles Kariuki Njeri","Grade 11 A",Male,"Mbita High School",7268e10c-fab7-4f2f-b839-75df1ae7a920
mock_7268e10c_G11A_017,MOCK-7268-G11A-017,"Pauline Onyango Juma","Grade 11 A",Female,"Mbita High School",7268e10c-fab7-4f2f-b839-75df1ae7a920
mock_7268e10c_G11A_018,MOCK-7268-G11A-018,"Emmanuel Adhiambo Kariuki","Grade 11 A",Male,"Mbita High School",7268e10c-fab7-4f2f-b839-75df1ae7a920
mock_7268e10c_G11A_019,MOCK-7268-G11A-019,"George Mutiso Njeri","Grade 11 A",Male,"Mbita High School",7268e10c-fab7-4f2f-b839-75df1ae7a920
mock_7268e10c_G11A_020,MOCK-7268-G11A-020,"Mercy Odhiambo Korir","Grade 11 A",Female,"Mbita High School",7268e10c-fab7-4f2f-b839-75df1ae7a920
mock_7268e10c_G11A_021,MOCK-7268-G11A-021,"Cynthia Akinyi Mutua","Grade 11 A",Female,"Mbita High School",7268e10c-fab7-4f2f-b839-75df1ae7a920
mock_7268e10c_G11A_022,MOCK-7268-G11A-022,"George Wafula Were","Grade 11 A",Male,"Mbita High School",7268e10c-fab7-4f2f-b839-75df1ae7a920
mock_7268e10c_G11A_023,MOCK-7268-G11A-023,"Valentine Adhiambo Wanjiru","Grade 11 A",Female,"Mbita High School",7268e10c-fab7-4f2f-b839-75df1ae7a920
mock_7268e10c_G11A_024,MOCK-7268-G11A-024,"Esther Kamau Odhiambo","Grade 11 A",Female,"Mbita High School",7268e10c-fab7-4f2f-b839-75df1ae7a920
mock_7268e10c_G11A_025,MOCK-7268-G11A-025,"Valentine Cheruiyot Otieno","Grade 11 A",Female,"Mbita High School",7268e10c-fab7-4f2f-b839-75df1ae7a920
mock_7268e10c_G11A_026,MOCK-7268-G11A-026,"Diana Owino Karanja","Grade 11 A",Female,"Mbita High School",7268e10c-fab7-4f2f-b839-75df1ae7a920
mock_7268e10c_G11A_027,MOCK-7268-G11A-027,"Pauline Adhiambo Juma","Grade 11 A",Female,"Mbita High School",7268e10c-fab7-4f2f-b839-75df1ae7a920
mock_7268e10c_G11A_028,MOCK-7268-G11A-028,"Joy Chepkemoi Mutua","Grade 11 A",Female,"Mbita High School",7268e10c-fab7-4f2f-b839-75df1ae7a920
mock_7268e10c_G11A_029,MOCK-7268-G11A-029,"Allan Auma Gitau","Grade 11 A",Male,"Mbita High School",7268e10c-fab7-4f2f-b839-75df1ae7a920
mock_7268e10c_G11A_030,MOCK-7268-G11A-030,"Linet Akinyi Onyango","Grade 11 A",Female,"Mbita High School",7268e10c-fab7-4f2f-b839-75df1ae7a920
mock_7268e10c_G11A_031,MOCK-7268-G11A-031,"Fredrick Njoroge Achieng","Grade 11 A",Male,"Mbita High School",7268e10c-fab7-4f2f-b839-75df1ae7a920
mock_7268e10c_G11A_032,MOCK-7268-G11A-032,"Beatrice Simiyu Auma","Grade 11 A",Female,"Mbita High School",7268e10c-fab7-4f2f-b839-75df1ae7a920
mock_7268e10c_G11A_033,MOCK-7268-G11A-033,"Brayan Cheruiyot Gitau","Grade 11 A",Male,"Mbita High School",7268e10c-fab7-4f2f-b839-75df1ae7a920
mock_7268e10c_G11A_034,MOCK-7268-G11A-034,"Peter Kipchoge Wafula","Grade 11 A",Male,"Mbita High School",7268e10c-fab7-4f2f-b839-75df1ae7a920
mock_7268e10c_G11A_035,MOCK-7268-G11A-035,"Lucy Kipchoge Wanjiru","Grade 11 A",Female,"Mbita High School",7268e10c-fab7-4f2f-b839-75df1ae7a920
mock_7268e10c_G11A_036,MOCK-7268-G11A-036,"Linet Akinyi Rotich","Grade 11 A",Female,"Mbita High School",7268e10c-fab7-4f2f-b839-75df1ae7a920
mock_7268e10c_G11A_037,MOCK-7268-G11A-037,"Cornelius Nyambura Karanja","Grade 11 A",Male,"Mbita High School",7268e10c-fab7-4f2f-b839-75df1ae7a920
mock_7268e10c_G11A_038,MOCK-7268-G11A-038,"Fredrick Auma Kariuki","Grade 11 A",Male,"Mbita High School",7268e10c-fab7-4f2f-b839-75df1ae7a920
mock_7268e10c_G11A_039,MOCK-7268-G11A-039,"Beatrice Akinyi Wanjiru","Grade 11 A",Female,"Mbita High School",7268e10c-fab7-4f2f-b839-75df1ae7a920
mock_7268e10c_G11A_040,MOCK-7268-G11A-040,"Brayan Mutua Onyango","Grade 11 A",Male,"Mbita High School",7268e10c-fab7-4f2f-b839-75df1ae7a920
mock_7268e10c_G11A_041,MOCK-7268-G11A-041,"Nancy Kariuki Mutua","Grade 11 A",Female,"Mbita High School",7268e10c-fab7-4f2f-b839-75df1ae7a920
mock_7268e10c_G11A_042,MOCK-7268-G11A-042,"Michael Wambui Njoroge","Grade 11 A",Male,"Mbita High School",7268e10c-fab7-4f2f-b839-75df1ae7a920
mock_7268e10c_G11A_043,MOCK-7268-G11A-043,"Samuel Ochieng Barasa","Grade 11 A",Male,"Mbita High School",7268e10c-fab7-4f2f-b839-75df1ae7a920
mock_7268e10c_G11A_044,MOCK-7268-G11A-044,"Nicholas Achieng Cheruiyot","Grade 11 A",Male,"Mbita High School",7268e10c-fab7-4f2f-b839-75df1ae7a920
mock_7268e10c_G11A_045,MOCK-7268-G11A-045,"Purity Maina Wanjiru","Grade 11 A",Female,"Mbita High School",7268e10c-fab7-4f2f-b839-75df1ae7a920
mock_7268e10c_G11A_046,MOCK-7268-G11A-046,"Patrick Wafula Mutiso","Grade 11 A",Male,"Mbita High School",7268e10c-fab7-4f2f-b839-75df1ae7a920
mock_7268e10c_G11A_047,MOCK-7268-G11A-047,"Cornelius Kiplagat Barasa","Grade 11 A",Male,"Mbita High School",7268e10c-fab7-4f2f-b839-75df1ae7a920
mock_7268e10c_G11A_048,MOCK-7268-G11A-048,"Stephen Achieng Cheruiyot","Grade 11 A",Male,"Mbita High School",7268e10c-fab7-4f2f-b839-75df1ae7a920
mock_7268e10c_G11A_049,MOCK-7268-G11A-049,"Grace Akinyi Wafula","Grade 11 A",Female,"Mbita High School",7268e10c-fab7-4f2f-b839-75df1ae7a920
mock_7268e10c_G11A_050,MOCK-7268-G11A-050,"Patrick Onyango Juma","Grade 11 A",Male,"Mbita High School",7268e10c-fab7-4f2f-b839-75df1ae7a920
mock_7268e10c_G11A_051,MOCK-7268-G11A-051,"Collins Wairimu Barasa","Grade 11 A",Male,"Mbita High School",7268e10c-fab7-4f2f-b839-75df1ae7a920
mock_7268e10c_G11A_052,MOCK-7268-G11A-052,"Maureen Maina Mutiso","Grade 11 A",Female,"Mbita High School",7268e10c-fab7-4f2f-b839-75df1ae7a920
mock_7268e10c_G11A_053,MOCK-7268-G11A-053,"Doreen Korir Juma","Grade 11 A",Female,"Mbita High School",7268e10c-fab7-4f2f-b839-75df1ae7a920
mock_7268e10c_G11A_054,MOCK-7268-G11A-054,"Charles Wafula Nyokabi","Grade 11 A",Male,"Mbita High School",7268e10c-fab7-4f2f-b839-75df1ae7a920
mock_7268e10c_G11A_055,MOCK-7268-G11A-055,"Cornelius Wafula Rotich","Grade 11 A",Male,"Mbita High School",7268e10c-fab7-4f2f-b839-75df1ae7a920
mock_7268e10c_G11A_056,MOCK-7268-G11A-056,"Felix Wafula Chepkemoi","Grade 11 A",Male,"Mbita High School",7268e10c-fab7-4f2f-b839-75df1ae7a920
mock_7268e10c_G11A_057,MOCK-7268-G11A-057,"Stephen Onyango Cheruiyot","Grade 11 A",Male,"Mbita High School",7268e10c-fab7-4f2f-b839-75df1ae7a920
mock_7268e10c_G11A_058,MOCK-7268-G11A-058,"Anthony Adhiambo Nyokabi","Grade 11 A",Male,"Mbita High School",7268e10c-fab7-4f2f-b839-75df1ae7a920
mock_7268e10c_G11A_059,MOCK-7268-G11A-059,"Winnie Kipchoge Onyango","Grade 11 A",Female,"Mbita High School",7268e10c-fab7-4f2f-b839-75df1ae7a920
mock_7268e10c_G11A_060,MOCK-7268-G11A-060,"Pauline Kibet Cheruiyot","Grade 11 A",Female,"Mbita High School",7268e10c-fab7-4f2f-b839-75df1ae7a920
mock_7268e10c_G11B_001,MOCK-7268-G11B-001,"Anthony Maina Omondi","Grade 11 B",Male,"Mbita High School",7268e10c-fab7-4f2f-b839-75df1ae7a920
mock_7268e10c_G11B_002,MOCK-7268-G11B-002,"Kevin Chepkemoi Atieno","Grade 11 B",Male,"Mbita High School",7268e10c-fab7-4f2f-b839-75df1ae7a920
mock_7268e10c_G11B_003,MOCK-7268-G11B-003,"Patrick Were Kamau","Grade 11 B",Male,"Mbita High School",7268e10c-fab7-4f2f-b839-75df1ae7a920
mock_7268e10c_G11B_004,MOCK-7268-G11B-004,"Ann Korir Chepkemoi","Grade 11 B",Female,"Mbita High School",7268e10c-fab7-4f2f-b839-75df1ae7a920
mock_7268e10c_G11B_005,MOCK-7268-G11B-005,"Maureen Nyambura Wairimu","Grade 11 B",Female,"Mbita High School",7268e10c-fab7-4f2f-b839-75df1ae7a920
mock_7268e10c_G11B_006,MOCK-7268-G11B-006,"Valentine Akinyi Kipchoge","Grade 11 B",Female,"Mbita High School",7268e10c-fab7-4f2f-b839-75df1ae7a920
mock_7268e10c_G11B_007,MOCK-7268-G11B-007,"Janet Juma Wafula","Grade 11 B",Female,"Mbita High School",7268e10c-fab7-4f2f-b839-75df1ae7a920
mock_7268e10c_G11B_008,MOCK-7268-G11B-008,"Peter Wanjiru Kibet","Grade 11 B",Male,"Mbita High School",7268e10c-fab7-4f2f-b839-75df1ae7a920
mock_7268e10c_G11B_009,MOCK-7268-G11B-009,"Michael Kamau Wairimu","Grade 11 B",Male,"Mbita High School",7268e10c-fab7-4f2f-b839-75df1ae7a920
mock_7268e10c_G11B_010,MOCK-7268-G11B-010,"Pauline Maina Atieno","Grade 11 B",Female,"Mbita High School",7268e10c-fab7-4f2f-b839-75df1ae7a920
mock_7268e10c_G11B_011,MOCK-7268-G11B-011,"Nancy Chepkemoi Cheruiyot","Grade 11 B",Female,"Mbita High School",7268e10c-fab7-4f2f-b839-75df1ae7a920
mock_7268e10c_G11B_012,MOCK-7268-G11B-012,"Christine Kamau Wairimu","Grade 11 B",Female,"Mbita High School",7268e10c-fab7-4f2f-b839-75df1ae7a920
mock_7268e10c_G11B_013,MOCK-7268-G11B-013,"Fredrick Omondi Akinyi","Grade 11 B",Male,"Mbita High School",7268e10c-fab7-4f2f-b839-75df1ae7a920
mock_7268e10c_G11B_014,MOCK-7268-G11B-014,"Purity Atieno Juma","Grade 11 B",Female,"Mbita High School",7268e10c-fab7-4f2f-b839-75df1ae7a920
mock_7268e10c_G11B_015,MOCK-7268-G11B-015,"Stella Wairimu Owino","Grade 11 B",Female,"Mbita High School",7268e10c-fab7-4f2f-b839-75df1ae7a920
mock_7268e10c_G11B_016,MOCK-7268-G11B-016,"Doreen Adhiambo Were","Grade 11 B",Female,"Mbita High School",7268e10c-fab7-4f2f-b839-75df1ae7a920
mock_7268e10c_G11B_017,MOCK-7268-G11B-017,"Valentine Omondi Odhiambo","Grade 11 B",Female,"Mbita High School",7268e10c-fab7-4f2f-b839-75df1ae7a920
mock_7268e10c_G11B_018,MOCK-7268-G11B-018,"Brenda Cheruiyot Kariuki","Grade 11 B",Female,"Mbita High School",7268e10c-fab7-4f2f-b839-75df1ae7a920
mock_7268e10c_G11B_019,MOCK-7268-G11B-019,"Duncan Njoroge Chebet","Grade 11 B",Male,"Mbita High School",7268e10c-fab7-4f2f-b839-75df1ae7a920
mock_7268e10c_G11B_020,MOCK-7268-G11B-020,"Vincent Wafula Ochieng","Grade 11 B",Male,"Mbita High School",7268e10c-fab7-4f2f-b839-75df1ae7a920
mock_7268e10c_G11B_021,MOCK-7268-G11B-021,"Mary Barasa Adhiambo","Grade 11 B",Female,"Mbita High School",7268e10c-fab7-4f2f-b839-75df1ae7a920
mock_7268e10c_G11B_022,MOCK-7268-G11B-022,"Peter Onyango Wanjiru","Grade 11 B",Male,"Mbita High School",7268e10c-fab7-4f2f-b839-75df1ae7a920
mock_7268e10c_G11B_023,MOCK-7268-G11B-023,"Duncan Simiyu Wambui","Grade 11 B",Male,"Mbita High School",7268e10c-fab7-4f2f-b839-75df1ae7a920
mock_7268e10c_G11B_024,MOCK-7268-G11B-024,"Dennis Ochieng Wafula","Grade 11 B",Male,"Mbita High School",7268e10c-fab7-4f2f-b839-75df1ae7a920
mock_7268e10c_G11B_025,MOCK-7268-G11B-025,"Stella Chebet Mbugua","Grade 11 B",Female,"Mbita High School",7268e10c-fab7-4f2f-b839-75df1ae7a920
mock_7268e10c_G11B_026,MOCK-7268-G11B-026,"Felix Korir Kamau","Grade 11 B",Male,"Mbita High School",7268e10c-fab7-4f2f-b839-75df1ae7a920
mock_7268e10c_G11B_027,MOCK-7268-G11B-027,"Emmanuel Korir Nyokabi","Grade 11 B",Male,"Mbita High School",7268e10c-fab7-4f2f-b839-75df1ae7a920
mock_7268e10c_G11B_028,MOCK-7268-G11B-028,"Fredrick Were Wairimu","Grade 11 B",Male,"Mbita High School",7268e10c-fab7-4f2f-b839-75df1ae7a920
mock_7268e10c_G11B_029,MOCK-7268-G11B-029,"Collins Adhiambo Were","Grade 11 B",Male,"Mbita High School",7268e10c-fab7-4f2f-b839-75df1ae7a920
mock_7268e10c_G11B_030,MOCK-7268-G11B-030,"Ian Nyokabi Korir","Grade 11 B",Male,"Mbita High School",7268e10c-fab7-4f2f-b839-75df1ae7a920
mock_7268e10c_G11B_031,MOCK-7268-G11B-031,"Joseph Ochieng Auma","Grade 11 B",Male,"Mbita High School",7268e10c-fab7-4f2f-b839-75df1ae7a920
mock_7268e10c_G11B_032,MOCK-7268-G11B-032,"Doreen Omondi Chebet","Grade 11 B",Female,"Mbita High School",7268e10c-fab7-4f2f-b839-75df1ae7a920
mock_7268e10c_G11B_033,MOCK-7268-G11B-033,"Sylvia Rotich Mbugua","Grade 11 B",Female,"Mbita High School",7268e10c-fab7-4f2f-b839-75df1ae7a920
mock_7268e10c_G11B_034,MOCK-7268-G11B-034,"Cornelius Barasa Ochieng","Grade 11 B",Male,"Mbita High School",7268e10c-fab7-4f2f-b839-75df1ae7a920
mock_7268e10c_G11B_035,MOCK-7268-G11B-035,"Stella Korir Owino","Grade 11 B",Female,"Mbita High School",7268e10c-fab7-4f2f-b839-75df1ae7a920
mock_7268e10c_G11B_036,MOCK-7268-G11B-036,"Brayan Kariuki Omondi","Grade 11 B",Male,"Mbita High School",7268e10c-fab7-4f2f-b839-75df1ae7a920
mock_7268e10c_G11B_037,MOCK-7268-G11B-037,"Dennis Mwangi Mutiso","Grade 11 B",Male,"Mbita High School",7268e10c-fab7-4f2f-b839-75df1ae7a920
mock_7268e10c_G11B_038,MOCK-7268-G11B-038,"Patrick Kiplagat Onyango","Grade 11 B",Male,"Mbita High School",7268e10c-fab7-4f2f-b839-75df1ae7a920
mock_7268e10c_G11B_039,MOCK-7268-G11B-039,"Nicholas Otieno Kamau","Grade 11 B",Male,"Mbita High School",7268e10c-fab7-4f2f-b839-75df1ae7a920
mock_7268e10c_G11B_040,MOCK-7268-G11B-040,"Lydia Kariuki Wanjiru","Grade 11 B",Female,"Mbita High School",7268e10c-fab7-4f2f-b839-75df1ae7a920
mock_7268e10c_G11B_041,MOCK-7268-G11B-041,"Caroline Ochieng Wambui","Grade 11 B",Female,"Mbita High School",7268e10c-fab7-4f2f-b839-75df1ae7a920
mock_7268e10c_G11B_042,MOCK-7268-G11B-042,"Collins Njoroge Mutua","Grade 11 B",Male,"Mbita High School",7268e10c-fab7-4f2f-b839-75df1ae7a920
mock_7268e10c_G11B_043,MOCK-7268-G11B-043,"Diana Mbugua Cheruiyot","Grade 11 B",Female,"Mbita High School",7268e10c-fab7-4f2f-b839-75df1ae7a920
mock_7268e10c_G11B_044,MOCK-7268-G11B-044,"Kevin Mutua Omondi","Grade 11 B",Male,"Mbita High School",7268e10c-fab7-4f2f-b839-75df1ae7a920
mock_7268e10c_G11B_045,MOCK-7268-G11B-045,"Stella Onyango Owino","Grade 11 B",Female,"Mbita High School",7268e10c-fab7-4f2f-b839-75df1ae7a920
mock_7268e10c_G11B_046,MOCK-7268-G11B-046,"Victor Mutiso Kariuki","Grade 11 B",Male,"Mbita High School",7268e10c-fab7-4f2f-b839-75df1ae7a920
mock_7268e10c_G11B_047,MOCK-7268-G11B-047,"Stephen Cheruiyot Mutua","Grade 11 B",Male,"Mbita High School",7268e10c-fab7-4f2f-b839-75df1ae7a920
mock_7268e10c_G11B_048,MOCK-7268-G11B-048,"Eric Nyokabi Omondi","Grade 11 B",Male,"Mbita High School",7268e10c-fab7-4f2f-b839-75df1ae7a920
mock_7268e10c_G11B_049,MOCK-7268-G11B-049,"Fredrick Achieng Karanja","Grade 11 B",Male,"Mbita High School",7268e10c-fab7-4f2f-b839-75df1ae7a920
mock_7268e10c_G11B_050,MOCK-7268-G11B-050,"Rose Cheruiyot Karanja","Grade 11 B",Female,"Mbita High School",7268e10c-fab7-4f2f-b839-75df1ae7a920
mock_7268e10c_G11B_051,MOCK-7268-G11B-051,"Stephen Kamau Barasa","Grade 11 B",Male,"Mbita High School",7268e10c-fab7-4f2f-b839-75df1ae7a920
mock_7268e10c_G11B_052,MOCK-7268-G11B-052,"Charles Atieno Njoroge","Grade 11 B",Male,"Mbita High School",7268e10c-fab7-4f2f-b839-75df1ae7a920
mock_7268e10c_G11B_053,MOCK-7268-G11B-053,"Cornelius Nyambura Chepkemoi","Grade 11 B",Male,"Mbita High School",7268e10c-fab7-4f2f-b839-75df1ae7a920
mock_7268e10c_G11B_054,MOCK-7268-G11B-054,"Sylvia Mwangi Adhiambo","Grade 11 B",Female,"Mbita High School",7268e10c-fab7-4f2f-b839-75df1ae7a920
mock_7268e10c_G11B_055,MOCK-7268-G11B-055,"Joseph Wanjiru Gitau","Grade 11 B",Male,"Mbita High School",7268e10c-fab7-4f2f-b839-75df1ae7a920
mock_7268e10c_G11B_056,MOCK-7268-G11B-056,"Maureen Odhiambo Owino","Grade 11 B",Female,"Mbita High School",7268e10c-fab7-4f2f-b839-75df1ae7a920
mock_7268e10c_G11B_057,MOCK-7268-G11B-057,"Duncan Chepkemoi Karanja","Grade 11 B",Male,"Mbita High School",7268e10c-fab7-4f2f-b839-75df1ae7a920
mock_7268e10c_G11B_058,MOCK-7268-G11B-058,"Mercy Simiyu Njeri","Grade 11 B",Female,"Mbita High School",7268e10c-fab7-4f2f-b839-75df1ae7a920
mock_7268e10c_G11B_059,MOCK-7268-G11B-059,"Stella Rotich Rotich","Grade 11 B",Female,"Mbita High School",7268e10c-fab7-4f2f-b839-75df1ae7a920
mock_7268e10c_G11B_060,MOCK-7268-G11B-060,"Allan Owino Cheruiyot","Grade 11 B",Male,"Mbita High School",7268e10c-fab7-4f2f-b839-75df1ae7a920
mock_7268e10c_G12A_001,MOCK-7268-G12A-001,"Sharon Achieng Simiyu","Grade 12 A",Female,"Mbita High School",7268e10c-fab7-4f2f-b839-75df1ae7a920
mock_7268e10c_G12A_002,MOCK-7268-G12A-002,"Ann Kiplagat Otieno","Grade 12 A",Female,"Mbita High School",7268e10c-fab7-4f2f-b839-75df1ae7a920
mock_7268e10c_G12A_003,MOCK-7268-G12A-003,"Emmanuel Achieng Cheruiyot","Grade 12 A",Male,"Mbita High School",7268e10c-fab7-4f2f-b839-75df1ae7a920
mock_7268e10c_G12A_004,MOCK-7268-G12A-004,"Sylvia Kamau Maina","Grade 12 A",Female,"Mbita High School",7268e10c-fab7-4f2f-b839-75df1ae7a920
mock_7268e10c_G12A_005,MOCK-7268-G12A-005,"Vincent Wanjiru Kipchoge","Grade 12 A",Male,"Mbita High School",7268e10c-fab7-4f2f-b839-75df1ae7a920
mock_7268e10c_G12A_006,MOCK-7268-G12A-006,"Nicholas Onyango Gitau","Grade 12 A",Male,"Mbita High School",7268e10c-fab7-4f2f-b839-75df1ae7a920
mock_7268e10c_G12A_007,MOCK-7268-G12A-007,"Duncan Nyambura Simiyu","Grade 12 A",Male,"Mbita High School",7268e10c-fab7-4f2f-b839-75df1ae7a920
mock_7268e10c_G12A_008,MOCK-7268-G12A-008,"Mitchelle Wambui Njeri","Grade 12 A",Female,"Mbita High School",7268e10c-fab7-4f2f-b839-75df1ae7a920
mock_7268e10c_G12A_009,MOCK-7268-G12A-009,"Mitchelle Maina Chebet","Grade 12 A",Female,"Mbita High School",7268e10c-fab7-4f2f-b839-75df1ae7a920
mock_7268e10c_G12A_010,MOCK-7268-G12A-010,"Stephen Akinyi Otieno","Grade 12 A",Male,"Mbita High School",7268e10c-fab7-4f2f-b839-75df1ae7a920
mock_7268e10c_G12A_011,MOCK-7268-G12A-011,"Pauline Cheruiyot Rotich","Grade 12 A",Female,"Mbita High School",7268e10c-fab7-4f2f-b839-75df1ae7a920
mock_7268e10c_G12A_012,MOCK-7268-G12A-012,"Brenda Simiyu Kiplagat","Grade 12 A",Female,"Mbita High School",7268e10c-fab7-4f2f-b839-75df1ae7a920
mock_7268e10c_G12A_013,MOCK-7268-G12A-013,"Brian Wanjiru Njoroge","Grade 12 A",Male,"Mbita High School",7268e10c-fab7-4f2f-b839-75df1ae7a920
mock_7268e10c_G12A_014,MOCK-7268-G12A-014,"Brian Akinyi Simiyu","Grade 12 A",Male,"Mbita High School",7268e10c-fab7-4f2f-b839-75df1ae7a920
mock_7268e10c_G12A_015,MOCK-7268-G12A-015,"Janet Wafula Otieno","Grade 12 A",Female,"Mbita High School",7268e10c-fab7-4f2f-b839-75df1ae7a920
mock_7268e10c_G12A_016,MOCK-7268-G12A-016,"Cynthia Gitau Maina","Grade 12 A",Female,"Mbita High School",7268e10c-fab7-4f2f-b839-75df1ae7a920
mock_7268e10c_G12A_017,MOCK-7268-G12A-017,"Kevin Mutiso Owino","Grade 12 A",Male,"Mbita High School",7268e10c-fab7-4f2f-b839-75df1ae7a920
mock_7268e10c_G12A_018,MOCK-7268-G12A-018,"Brian Onyango Odhiambo","Grade 12 A",Male,"Mbita High School",7268e10c-fab7-4f2f-b839-75df1ae7a920
mock_7268e10c_G12A_019,MOCK-7268-G12A-019,"Felix Simiyu Mutiso","Grade 12 A",Male,"Mbita High School",7268e10c-fab7-4f2f-b839-75df1ae7a920
mock_7268e10c_G12A_020,MOCK-7268-G12A-020,"Stella Nyokabi Omondi","Grade 12 A",Female,"Mbita High School",7268e10c-fab7-4f2f-b839-75df1ae7a920
mock_7268e10c_G12A_021,MOCK-7268-G12A-021,"Mercy Atieno Rotich","Grade 12 A",Female,"Mbita High School",7268e10c-fab7-4f2f-b839-75df1ae7a920
mock_7268e10c_G12A_022,MOCK-7268-G12A-022,"Caroline Nyokabi Kipchoge","Grade 12 A",Female,"Mbita High School",7268e10c-fab7-4f2f-b839-75df1ae7a920
mock_7268e10c_G12A_023,MOCK-7268-G12A-023,"Kelvin Njoroge Adhiambo","Grade 12 A",Male,"Mbita High School",7268e10c-fab7-4f2f-b839-75df1ae7a920
mock_7268e10c_G12A_024,MOCK-7268-G12A-024,"Ian Kamau Kipchoge","Grade 12 A",Male,"Mbita High School",7268e10c-fab7-4f2f-b839-75df1ae7a920
mock_7268e10c_G12A_025,MOCK-7268-G12A-025,"Janet Ochieng Nyokabi","Grade 12 A",Female,"Mbita High School",7268e10c-fab7-4f2f-b839-75df1ae7a920
mock_7268e10c_G12A_026,MOCK-7268-G12A-026,"Elvis Korir Njeri","Grade 12 A",Male,"Mbita High School",7268e10c-fab7-4f2f-b839-75df1ae7a920
mock_7268e10c_G12A_027,MOCK-7268-G12A-027,"Samuel Njeri Korir","Grade 12 A",Male,"Mbita High School",7268e10c-fab7-4f2f-b839-75df1ae7a920
mock_7268e10c_G12A_028,MOCK-7268-G12A-028,"Beatrice Ochieng Kibet","Grade 12 A",Female,"Mbita High School",7268e10c-fab7-4f2f-b839-75df1ae7a920
mock_7268e10c_G12A_029,MOCK-7268-G12A-029,"Gideon Njeri Chepkemoi","Grade 12 A",Male,"Mbita High School",7268e10c-fab7-4f2f-b839-75df1ae7a920
mock_7268e10c_G12A_030,MOCK-7268-G12A-030,"Christine Onyango Kiplagat","Grade 12 A",Female,"Mbita High School",7268e10c-fab7-4f2f-b839-75df1ae7a920
mock_7268e10c_G12A_031,MOCK-7268-G12A-031,"Rose Njeri Kibet","Grade 12 A",Female,"Mbita High School",7268e10c-fab7-4f2f-b839-75df1ae7a920
mock_7268e10c_G12A_032,MOCK-7268-G12A-032,"Allan Barasa Kiplagat","Grade 12 A",Male,"Mbita High School",7268e10c-fab7-4f2f-b839-75df1ae7a920
mock_7268e10c_G12A_033,MOCK-7268-G12A-033,"Martin Ochieng Achieng","Grade 12 A",Male,"Mbita High School",7268e10c-fab7-4f2f-b839-75df1ae7a920
mock_7268e10c_G12A_034,MOCK-7268-G12A-034,"Brayan Barasa Kamau","Grade 12 A",Male,"Mbita High School",7268e10c-fab7-4f2f-b839-75df1ae7a920
mock_7268e10c_G12A_035,MOCK-7268-G12A-035,"Eric Mbugua Mwangi","Grade 12 A",Male,"Mbita High School",7268e10c-fab7-4f2f-b839-75df1ae7a920
mock_7268e10c_G12A_036,MOCK-7268-G12A-036,"Charles Wairimu Kipchoge","Grade 12 A",Male,"Mbita High School",7268e10c-fab7-4f2f-b839-75df1ae7a920
mock_7268e10c_G12A_037,MOCK-7268-G12A-037,"Cornelius Kariuki Njoroge","Grade 12 A",Male,"Mbita High School",7268e10c-fab7-4f2f-b839-75df1ae7a920
mock_7268e10c_G12A_038,MOCK-7268-G12A-038,"Joseph Achieng Otieno","Grade 12 A",Male,"Mbita High School",7268e10c-fab7-4f2f-b839-75df1ae7a920
mock_7268e10c_G12A_039,MOCK-7268-G12A-039,"Faith Kiplagat Mwangi","Grade 12 A",Female,"Mbita High School",7268e10c-fab7-4f2f-b839-75df1ae7a920
mock_7268e10c_G12A_040,MOCK-7268-G12A-040,"Valentine Njoroge Achieng","Grade 12 A",Female,"Mbita High School",7268e10c-fab7-4f2f-b839-75df1ae7a920
mock_7268e10c_G12A_041,MOCK-7268-G12A-041,"Joseph Mwangi Simiyu","Grade 12 A",Male,"Mbita High School",7268e10c-fab7-4f2f-b839-75df1ae7a920
mock_7268e10c_G12A_042,MOCK-7268-G12A-042,"Eunice Omondi Kiplagat","Grade 12 A",Female,"Mbita High School",7268e10c-fab7-4f2f-b839-75df1ae7a920
mock_7268e10c_G12A_043,MOCK-7268-G12A-043,"Collins Atieno Mbugua","Grade 12 A",Male,"Mbita High School",7268e10c-fab7-4f2f-b839-75df1ae7a920
mock_7268e10c_G12A_044,MOCK-7268-G12A-044,"Joseph Gitau Achieng","Grade 12 A",Male,"Mbita High School",7268e10c-fab7-4f2f-b839-75df1ae7a920
mock_7268e10c_G12A_045,MOCK-7268-G12A-045,"George Odhiambo Achieng","Grade 12 A",Male,"Mbita High School",7268e10c-fab7-4f2f-b839-75df1ae7a920
mock_7268e10c_G12A_046,MOCK-7268-G12A-046,"Collins Kibet Odhiambo","Grade 12 A",Male,"Mbita High School",7268e10c-fab7-4f2f-b839-75df1ae7a920
mock_7268e10c_G12A_047,MOCK-7268-G12A-047,"Joseph Akinyi Ochieng","Grade 12 A",Male,"Mbita High School",7268e10c-fab7-4f2f-b839-75df1ae7a920
mock_7268e10c_G12A_048,MOCK-7268-G12A-048,"Charles Gitau Chepkemoi","Grade 12 A",Male,"Mbita High School",7268e10c-fab7-4f2f-b839-75df1ae7a920
mock_7268e10c_G12A_049,MOCK-7268-G12A-049,"Felix Odhiambo Barasa","Grade 12 A",Male,"Mbita High School",7268e10c-fab7-4f2f-b839-75df1ae7a920
mock_7268e10c_G12A_050,MOCK-7268-G12A-050,"Nancy Barasa Barasa","Grade 12 A",Female,"Mbita High School",7268e10c-fab7-4f2f-b839-75df1ae7a920
mock_7268e10c_G12A_051,MOCK-7268-G12A-051,"Brenda Ochieng Wambui","Grade 12 A",Female,"Mbita High School",7268e10c-fab7-4f2f-b839-75df1ae7a920
mock_7268e10c_G12A_052,MOCK-7268-G12A-052,"Ann Karanja Maina","Grade 12 A",Female,"Mbita High School",7268e10c-fab7-4f2f-b839-75df1ae7a920
mock_7268e10c_G12A_053,MOCK-7268-G12A-053,"Nancy Were Were","Grade 12 A",Female,"Mbita High School",7268e10c-fab7-4f2f-b839-75df1ae7a920
mock_7268e10c_G12A_054,MOCK-7268-G12A-054,"Collins Mwangi Owino","Grade 12 A",Male,"Mbita High School",7268e10c-fab7-4f2f-b839-75df1ae7a920
mock_7268e10c_G12A_055,MOCK-7268-G12A-055,"Mary Nyambura Atieno","Grade 12 A",Female,"Mbita High School",7268e10c-fab7-4f2f-b839-75df1ae7a920
mock_7268e10c_G12A_056,MOCK-7268-G12A-056,"Pauline Wanjiru Mutiso","Grade 12 A",Female,"Mbita High School",7268e10c-fab7-4f2f-b839-75df1ae7a920
mock_7268e10c_G12A_057,MOCK-7268-G12A-057,"Cornelius Simiyu Rotich","Grade 12 A",Male,"Mbita High School",7268e10c-fab7-4f2f-b839-75df1ae7a920
mock_7268e10c_G12A_058,MOCK-7268-G12A-058,"Linet Were Cheruiyot","Grade 12 A",Female,"Mbita High School",7268e10c-fab7-4f2f-b839-75df1ae7a920
mock_7268e10c_G12A_059,MOCK-7268-G12A-059,"Esther Karanja Wambui","Grade 12 A",Female,"Mbita High School",7268e10c-fab7-4f2f-b839-75df1ae7a920
mock_7268e10c_G12A_060,MOCK-7268-G12A-060,"Collins Kibet Kariuki","Grade 12 A",Male,"Mbita High School",7268e10c-fab7-4f2f-b839-75df1ae7a920
mock_7268e10c_G12B_001,MOCK-7268-G12B-001,"Eric Wairimu Korir","Grade 12 B",Male,"Mbita High School",7268e10c-fab7-4f2f-b839-75df1ae7a920
mock_7268e10c_G12B_002,MOCK-7268-G12B-002,"Patrick Kibet Odhiambo","Grade 12 B",Male,"Mbita High School",7268e10c-fab7-4f2f-b839-75df1ae7a920
mock_7268e10c_G12B_003,MOCK-7268-G12B-003,"Ian Onyango Kariuki","Grade 12 B",Male,"Mbita High School",7268e10c-fab7-4f2f-b839-75df1ae7a920
mock_7268e10c_G12B_004,MOCK-7268-G12B-004,"Fredrick Akinyi Juma","Grade 12 B",Male,"Mbita High School",7268e10c-fab7-4f2f-b839-75df1ae7a920
mock_7268e10c_G12B_005,MOCK-7268-G12B-005,"Eric Wafula Atieno","Grade 12 B",Male,"Mbita High School",7268e10c-fab7-4f2f-b839-75df1ae7a920
mock_7268e10c_G12B_006,MOCK-7268-G12B-006,"Faith Achieng Maina","Grade 12 B",Female,"Mbita High School",7268e10c-fab7-4f2f-b839-75df1ae7a920
mock_7268e10c_G12B_007,MOCK-7268-G12B-007,"Victor Atieno Adhiambo","Grade 12 B",Male,"Mbita High School",7268e10c-fab7-4f2f-b839-75df1ae7a920
mock_7268e10c_G12B_008,MOCK-7268-G12B-008,"Eric Kibet Adhiambo","Grade 12 B",Male,"Mbita High School",7268e10c-fab7-4f2f-b839-75df1ae7a920
mock_7268e10c_G12B_009,MOCK-7268-G12B-009,"Ian Onyango Auma","Grade 12 B",Male,"Mbita High School",7268e10c-fab7-4f2f-b839-75df1ae7a920
mock_7268e10c_G12B_010,MOCK-7268-G12B-010,"Mercy Rotich Were","Grade 12 B",Female,"Mbita High School",7268e10c-fab7-4f2f-b839-75df1ae7a920
mock_7268e10c_G12B_011,MOCK-7268-G12B-011,"Cornelius Nyokabi Onyango","Grade 12 B",Male,"Mbita High School",7268e10c-fab7-4f2f-b839-75df1ae7a920
mock_7268e10c_G12B_012,MOCK-7268-G12B-012,"Brayan Mutiso Mbugua","Grade 12 B",Male,"Mbita High School",7268e10c-fab7-4f2f-b839-75df1ae7a920
mock_7268e10c_G12B_013,MOCK-7268-G12B-013,"Winnie Wairimu Rotich","Grade 12 B",Female,"Mbita High School",7268e10c-fab7-4f2f-b839-75df1ae7a920
mock_7268e10c_G12B_014,MOCK-7268-G12B-014,"Patrick Njeri Chepkemoi","Grade 12 B",Male,"Mbita High School",7268e10c-fab7-4f2f-b839-75df1ae7a920
mock_7268e10c_G12B_015,MOCK-7268-G12B-015,"Beatrice Wafula Kibet","Grade 12 B",Female,"Mbita High School",7268e10c-fab7-4f2f-b839-75df1ae7a920
mock_7268e10c_G12B_016,MOCK-7268-G12B-016,"Grace Otieno Kariuki","Grade 12 B",Female,"Mbita High School",7268e10c-fab7-4f2f-b839-75df1ae7a920
mock_7268e10c_G12B_017,MOCK-7268-G12B-017,"Eunice Kibet Omondi","Grade 12 B",Female,"Mbita High School",7268e10c-fab7-4f2f-b839-75df1ae7a920
mock_7268e10c_G12B_018,MOCK-7268-G12B-018,"Emmanuel Akinyi Karanja","Grade 12 B",Male,"Mbita High School",7268e10c-fab7-4f2f-b839-75df1ae7a920
mock_7268e10c_G12B_019,MOCK-7268-G12B-019,"Fredrick Cheruiyot Auma","Grade 12 B",Male,"Mbita High School",7268e10c-fab7-4f2f-b839-75df1ae7a920
mock_7268e10c_G12B_020,MOCK-7268-G12B-020,"Valentine Kamau Mbugua","Grade 12 B",Female,"Mbita High School",7268e10c-fab7-4f2f-b839-75df1ae7a920
mock_7268e10c_G12B_021,MOCK-7268-G12B-021,"Kelvin Adhiambo Nyambura","Grade 12 B",Male,"Mbita High School",7268e10c-fab7-4f2f-b839-75df1ae7a920
mock_7268e10c_G12B_022,MOCK-7268-G12B-022,"Lucy Korir Atieno","Grade 12 B",Female,"Mbita High School",7268e10c-fab7-4f2f-b839-75df1ae7a920
mock_7268e10c_G12B_023,MOCK-7268-G12B-023,"Brian Odhiambo Odhiambo","Grade 12 B",Male,"Mbita High School",7268e10c-fab7-4f2f-b839-75df1ae7a920
mock_7268e10c_G12B_024,MOCK-7268-G12B-024,"Cornelius Wanjiru Kibet","Grade 12 B",Male,"Mbita High School",7268e10c-fab7-4f2f-b839-75df1ae7a920
mock_7268e10c_G12B_025,MOCK-7268-G12B-025,"Diana Achieng Wanjiru","Grade 12 B",Female,"Mbita High School",7268e10c-fab7-4f2f-b839-75df1ae7a920
mock_7268e10c_G12B_026,MOCK-7268-G12B-026,"Ann Chebet Njoroge","Grade 12 B",Female,"Mbita High School",7268e10c-fab7-4f2f-b839-75df1ae7a920
mock_7268e10c_G12B_027,MOCK-7268-G12B-027,"Brian Nyambura Odhiambo","Grade 12 B",Male,"Mbita High School",7268e10c-fab7-4f2f-b839-75df1ae7a920
mock_7268e10c_G12B_028,MOCK-7268-G12B-028,"George Owino Kamau","Grade 12 B",Male,"Mbita High School",7268e10c-fab7-4f2f-b839-75df1ae7a920
mock_7268e10c_G12B_029,MOCK-7268-G12B-029,"Patrick Atieno Maina","Grade 12 B",Male,"Mbita High School",7268e10c-fab7-4f2f-b839-75df1ae7a920
mock_7268e10c_G12B_030,MOCK-7268-G12B-030,"Collins Achieng Maina","Grade 12 B",Male,"Mbita High School",7268e10c-fab7-4f2f-b839-75df1ae7a920
mock_7268e10c_G12B_031,MOCK-7268-G12B-031,"George Mutua Owino","Grade 12 B",Male,"Mbita High School",7268e10c-fab7-4f2f-b839-75df1ae7a920
mock_7268e10c_G12B_032,MOCK-7268-G12B-032,"Elvis Cheruiyot Gitau","Grade 12 B",Male,"Mbita High School",7268e10c-fab7-4f2f-b839-75df1ae7a920
mock_7268e10c_G12B_033,MOCK-7268-G12B-033,"Stephen Njoroge Nyokabi","Grade 12 B",Male,"Mbita High School",7268e10c-fab7-4f2f-b839-75df1ae7a920
mock_7268e10c_G12B_034,MOCK-7268-G12B-034,"Martin Kipchoge Cheruiyot","Grade 12 B",Male,"Mbita High School",7268e10c-fab7-4f2f-b839-75df1ae7a920
mock_7268e10c_G12B_035,MOCK-7268-G12B-035,"Christine Achieng Rotich","Grade 12 B",Female,"Mbita High School",7268e10c-fab7-4f2f-b839-75df1ae7a920
mock_7268e10c_G12B_036,MOCK-7268-G12B-036,"Brenda Wambui Wairimu","Grade 12 B",Female,"Mbita High School",7268e10c-fab7-4f2f-b839-75df1ae7a920
mock_7268e10c_G12B_037,MOCK-7268-G12B-037,"Mercy Auma Atieno","Grade 12 B",Female,"Mbita High School",7268e10c-fab7-4f2f-b839-75df1ae7a920
mock_7268e10c_G12B_038,MOCK-7268-G12B-038,"Vincent Achieng Kariuki","Grade 12 B",Male,"Mbita High School",7268e10c-fab7-4f2f-b839-75df1ae7a920
mock_7268e10c_G12B_039,MOCK-7268-G12B-039,"Brian Omondi Adhiambo","Grade 12 B",Male,"Mbita High School",7268e10c-fab7-4f2f-b839-75df1ae7a920
mock_7268e10c_G12B_040,MOCK-7268-G12B-040,"Cynthia Njoroge Barasa","Grade 12 B",Female,"Mbita High School",7268e10c-fab7-4f2f-b839-75df1ae7a920
mock_7268e10c_G12B_041,MOCK-7268-G12B-041,"Allan Owino Otieno","Grade 12 B",Male,"Mbita High School",7268e10c-fab7-4f2f-b839-75df1ae7a920
mock_7268e10c_G12B_042,MOCK-7268-G12B-042,"Joy Nyambura Odhiambo","Grade 12 B",Female,"Mbita High School",7268e10c-fab7-4f2f-b839-75df1ae7a920
mock_7268e10c_G12B_043,MOCK-7268-G12B-043,"Christine Wafula Owino","Grade 12 B",Female,"Mbita High School",7268e10c-fab7-4f2f-b839-75df1ae7a920
mock_7268e10c_G12B_044,MOCK-7268-G12B-044,"Stephen Onyango Ochieng","Grade 12 B",Male,"Mbita High School",7268e10c-fab7-4f2f-b839-75df1ae7a920
mock_7268e10c_G12B_045,MOCK-7268-G12B-045,"Mercy Chebet Chepkemoi","Grade 12 B",Female,"Mbita High School",7268e10c-fab7-4f2f-b839-75df1ae7a920
mock_7268e10c_G12B_046,MOCK-7268-G12B-046,"Anthony Barasa Korir","Grade 12 B",Male,"Mbita High School",7268e10c-fab7-4f2f-b839-75df1ae7a920
mock_7268e10c_G12B_047,MOCK-7268-G12B-047,"Emmanuel Njeri Njeri","Grade 12 B",Male,"Mbita High School",7268e10c-fab7-4f2f-b839-75df1ae7a920
mock_7268e10c_G12B_048,MOCK-7268-G12B-048,"Caroline Kamau Kipchoge","Grade 12 B",Female,"Mbita High School",7268e10c-fab7-4f2f-b839-75df1ae7a920
mock_7268e10c_G12B_049,MOCK-7268-G12B-049,"Elvis Omondi Achieng","Grade 12 B",Male,"Mbita High School",7268e10c-fab7-4f2f-b839-75df1ae7a920
mock_7268e10c_G12B_050,MOCK-7268-G12B-050,"Cornelius Nyokabi Korir","Grade 12 B",Male,"Mbita High School",7268e10c-fab7-4f2f-b839-75df1ae7a920
mock_7268e10c_G12B_051,MOCK-7268-G12B-051,"Beatrice Kariuki Owino","Grade 12 B",Female,"Mbita High School",7268e10c-fab7-4f2f-b839-75df1ae7a920
mock_7268e10c_G12B_052,MOCK-7268-G12B-052,"Fredrick Simiyu Onyango","Grade 12 B",Male,"Mbita High School",7268e10c-fab7-4f2f-b839-75df1ae7a920
mock_7268e10c_G12B_053,MOCK-7268-G12B-053,"Winnie Wafula Omondi","Grade 12 B",Female,"Mbita High School",7268e10c-fab7-4f2f-b839-75df1ae7a920
mock_7268e10c_G12B_054,MOCK-7268-G12B-054,"Faith Korir Maina","Grade 12 B",Female,"Mbita High School",7268e10c-fab7-4f2f-b839-75df1ae7a920
mock_7268e10c_G12B_055,MOCK-7268-G12B-055,"Felix Barasa Onyango","Grade 12 B",Male,"Mbita High School",7268e10c-fab7-4f2f-b839-75df1ae7a920
mock_7268e10c_G12B_056,MOCK-7268-G12B-056,"Nancy Kipchoge Simiyu","Grade 12 B",Female,"Mbita High School",7268e10c-fab7-4f2f-b839-75df1ae7a920
mock_7268e10c_G12B_057,MOCK-7268-G12B-057,"Valentine Njeri Barasa","Grade 12 B",Female,"Mbita High School",7268e10c-fab7-4f2f-b839-75df1ae7a920
mock_7268e10c_G12B_058,MOCK-7268-G12B-058,"Grace Mbugua Kamau","Grade 12 B",Female,"Mbita High School",7268e10c-fab7-4f2f-b839-75df1ae7a920
mock_7268e10c_G12B_059,MOCK-7268-G12B-059,"Valentine Adhiambo Auma","Grade 12 B",Female,"Mbita High School",7268e10c-fab7-4f2f-b839-75df1ae7a920
mock_7268e10c_G12B_060,MOCK-7268-G12B-060,"Grace Barasa Kibet","Grade 12 B",Female,"Mbita High School",7268e10c-fab7-4f2f-b839-75df1ae7a920
mock_09ffbd1d_G7A_001,MOCK-09FF-G7A-001,"Purity Ochieng Wanjiru","Grade 7 A",Female,"Mbita High School",09ffbd1d-7fd8-4a42-9ca4-056e0fb75966
mock_09ffbd1d_G7A_002,MOCK-09FF-G7A-002,"Winnie Cheruiyot Nyokabi","Grade 7 A",Female,"Mbita High School",09ffbd1d-7fd8-4a42-9ca4-056e0fb75966
mock_09ffbd1d_G7A_003,MOCK-09FF-G7A-003,"Beatrice Gitau Wairimu","Grade 7 A",Female,"Mbita High School",09ffbd1d-7fd8-4a42-9ca4-056e0fb75966
mock_09ffbd1d_G7A_004,MOCK-09FF-G7A-004,"Vincent Chebet Adhiambo","Grade 7 A",Male,"Mbita High School",09ffbd1d-7fd8-4a42-9ca4-056e0fb75966
mock_09ffbd1d_G7A_005,MOCK-09FF-G7A-005,"Lucy Wanjiru Owino","Grade 7 A",Female,"Mbita High School",09ffbd1d-7fd8-4a42-9ca4-056e0fb75966
mock_09ffbd1d_G7A_006,MOCK-09FF-G7A-006,"Stephen Kamau Kibet","Grade 7 A",Male,"Mbita High School",09ffbd1d-7fd8-4a42-9ca4-056e0fb75966
mock_09ffbd1d_G7A_007,MOCK-09FF-G7A-007,"Lydia Juma Adhiambo","Grade 7 A",Female,"Mbita High School",09ffbd1d-7fd8-4a42-9ca4-056e0fb75966
mock_09ffbd1d_G7A_008,MOCK-09FF-G7A-008,"Pauline Njeri Omondi","Grade 7 A",Female,"Mbita High School",09ffbd1d-7fd8-4a42-9ca4-056e0fb75966
mock_09ffbd1d_G7A_009,MOCK-09FF-G7A-009,"Valentine Wairimu Kariuki","Grade 7 A",Female,"Mbita High School",09ffbd1d-7fd8-4a42-9ca4-056e0fb75966
mock_09ffbd1d_G7A_010,MOCK-09FF-G7A-010,"Purity Nyambura Maina","Grade 7 A",Female,"Mbita High School",09ffbd1d-7fd8-4a42-9ca4-056e0fb75966
mock_09ffbd1d_G7A_011,MOCK-09FF-G7A-011,"Caroline Wambui Chebet","Grade 7 A",Female,"Mbita High School",09ffbd1d-7fd8-4a42-9ca4-056e0fb75966
mock_09ffbd1d_G7A_012,MOCK-09FF-G7A-012,"Cornelius Ochieng Karanja","Grade 7 A",Male,"Mbita High School",09ffbd1d-7fd8-4a42-9ca4-056e0fb75966
mock_09ffbd1d_G7A_013,MOCK-09FF-G7A-013,"Cornelius Atieno Wafula","Grade 7 A",Male,"Mbita High School",09ffbd1d-7fd8-4a42-9ca4-056e0fb75966
mock_09ffbd1d_G7A_014,MOCK-09FF-G7A-014,"George Karanja Gitau","Grade 7 A",Male,"Mbita High School",09ffbd1d-7fd8-4a42-9ca4-056e0fb75966
mock_09ffbd1d_G7A_015,MOCK-09FF-G7A-015,"Christine Njeri Maina","Grade 7 A",Female,"Mbita High School",09ffbd1d-7fd8-4a42-9ca4-056e0fb75966
mock_09ffbd1d_G7A_016,MOCK-09FF-G7A-016,"Diana Mutiso Maina","Grade 7 A",Female,"Mbita High School",09ffbd1d-7fd8-4a42-9ca4-056e0fb75966
mock_09ffbd1d_G7A_017,MOCK-09FF-G7A-017,"Janet Onyango Kariuki","Grade 7 A",Female,"Mbita High School",09ffbd1d-7fd8-4a42-9ca4-056e0fb75966
mock_09ffbd1d_G7A_018,MOCK-09FF-G7A-018,"Ian Adhiambo Njeri","Grade 7 A",Male,"Mbita High School",09ffbd1d-7fd8-4a42-9ca4-056e0fb75966
mock_09ffbd1d_G7A_019,MOCK-09FF-G7A-019,"Maureen Cheruiyot Odhiambo","Grade 7 A",Female,"Mbita High School",09ffbd1d-7fd8-4a42-9ca4-056e0fb75966
mock_09ffbd1d_G7A_020,MOCK-09FF-G7A-020,"Cynthia Kipchoge Mutiso","Grade 7 A",Female,"Mbita High School",09ffbd1d-7fd8-4a42-9ca4-056e0fb75966
mock_09ffbd1d_G7A_021,MOCK-09FF-G7A-021,"Purity Rotich Maina","Grade 7 A",Female,"Mbita High School",09ffbd1d-7fd8-4a42-9ca4-056e0fb75966
mock_09ffbd1d_G7A_022,MOCK-09FF-G7A-022,"Diana Karanja Karanja","Grade 7 A",Female,"Mbita High School",09ffbd1d-7fd8-4a42-9ca4-056e0fb75966
mock_09ffbd1d_G7A_023,MOCK-09FF-G7A-023,"Rose Akinyi Kamau","Grade 7 A",Female,"Mbita High School",09ffbd1d-7fd8-4a42-9ca4-056e0fb75966
mock_09ffbd1d_G7A_024,MOCK-09FF-G7A-024,"Maureen Owino Mutiso","Grade 7 A",Female,"Mbita High School",09ffbd1d-7fd8-4a42-9ca4-056e0fb75966
mock_09ffbd1d_G7A_025,MOCK-09FF-G7A-025,"Faith Nyambura Wafula","Grade 7 A",Female,"Mbita High School",09ffbd1d-7fd8-4a42-9ca4-056e0fb75966
mock_09ffbd1d_G7A_026,MOCK-09FF-G7A-026,"Emmanuel Njeri Chebet","Grade 7 A",Male,"Mbita High School",09ffbd1d-7fd8-4a42-9ca4-056e0fb75966
mock_09ffbd1d_G7A_027,MOCK-09FF-G7A-027,"Michael Juma Chepkemoi","Grade 7 A",Male,"Mbita High School",09ffbd1d-7fd8-4a42-9ca4-056e0fb75966
mock_09ffbd1d_G7A_028,MOCK-09FF-G7A-028,"Duncan Owino Wairimu","Grade 7 A",Male,"Mbita High School",09ffbd1d-7fd8-4a42-9ca4-056e0fb75966
mock_09ffbd1d_G7A_029,MOCK-09FF-G7A-029,"Kelvin Owino Owino","Grade 7 A",Male,"Mbita High School",09ffbd1d-7fd8-4a42-9ca4-056e0fb75966
mock_09ffbd1d_G7A_030,MOCK-09FF-G7A-030,"Mary Wambui Onyango","Grade 7 A",Female,"Mbita High School",09ffbd1d-7fd8-4a42-9ca4-056e0fb75966
mock_09ffbd1d_G7A_031,MOCK-09FF-G7A-031,"George Barasa Kiplagat","Grade 7 A",Male,"Mbita High School",09ffbd1d-7fd8-4a42-9ca4-056e0fb75966
mock_09ffbd1d_G7A_032,MOCK-09FF-G7A-032,"Allan Juma Karanja","Grade 7 A",Male,"Mbita High School",09ffbd1d-7fd8-4a42-9ca4-056e0fb75966
mock_09ffbd1d_G7A_033,MOCK-09FF-G7A-033,"Eric Mutiso Kamau","Grade 7 A",Male,"Mbita High School",09ffbd1d-7fd8-4a42-9ca4-056e0fb75966
mock_09ffbd1d_G7A_034,MOCK-09FF-G7A-034,"Maureen Kipchoge Wairimu","Grade 7 A",Female,"Mbita High School",09ffbd1d-7fd8-4a42-9ca4-056e0fb75966
mock_09ffbd1d_G7A_035,MOCK-09FF-G7A-035,"Joseph Kiplagat Wambui","Grade 7 A",Male,"Mbita High School",09ffbd1d-7fd8-4a42-9ca4-056e0fb75966
mock_09ffbd1d_G7A_036,MOCK-09FF-G7A-036,"Cynthia Mbugua Kipchoge","Grade 7 A",Female,"Mbita High School",09ffbd1d-7fd8-4a42-9ca4-056e0fb75966
mock_09ffbd1d_G7A_037,MOCK-09FF-G7A-037,"Faith Wambui Otieno","Grade 7 A",Female,"Mbita High School",09ffbd1d-7fd8-4a42-9ca4-056e0fb75966
mock_09ffbd1d_G7A_038,MOCK-09FF-G7A-038,"Purity Wanjiru Nyambura","Grade 7 A",Female,"Mbita High School",09ffbd1d-7fd8-4a42-9ca4-056e0fb75966
mock_09ffbd1d_G7A_039,MOCK-09FF-G7A-039,"Kelvin Chepkemoi Wambui","Grade 7 A",Male,"Mbita High School",09ffbd1d-7fd8-4a42-9ca4-056e0fb75966
mock_09ffbd1d_G7A_040,MOCK-09FF-G7A-040,"Patrick Barasa Nyambura","Grade 7 A",Male,"Mbita High School",09ffbd1d-7fd8-4a42-9ca4-056e0fb75966
mock_09ffbd1d_G7A_041,MOCK-09FF-G7A-041,"Fredrick Rotich Wanjiru","Grade 7 A",Male,"Mbita High School",09ffbd1d-7fd8-4a42-9ca4-056e0fb75966
mock_09ffbd1d_G7A_042,MOCK-09FF-G7A-042,"Pauline Chebet Kipchoge","Grade 7 A",Female,"Mbita High School",09ffbd1d-7fd8-4a42-9ca4-056e0fb75966
mock_09ffbd1d_G7A_043,MOCK-09FF-G7A-043,"Fredrick Korir Cheruiyot","Grade 7 A",Male,"Mbita High School",09ffbd1d-7fd8-4a42-9ca4-056e0fb75966
mock_09ffbd1d_G7A_044,MOCK-09FF-G7A-044,"Linet Njoroge Gitau","Grade 7 A",Female,"Mbita High School",09ffbd1d-7fd8-4a42-9ca4-056e0fb75966
mock_09ffbd1d_G7A_045,MOCK-09FF-G7A-045,"Linet Kibet Maina","Grade 7 A",Female,"Mbita High School",09ffbd1d-7fd8-4a42-9ca4-056e0fb75966
mock_09ffbd1d_G7A_046,MOCK-09FF-G7A-046,"Anthony Chepkemoi Chebet","Grade 7 A",Male,"Mbita High School",09ffbd1d-7fd8-4a42-9ca4-056e0fb75966
mock_09ffbd1d_G7A_047,MOCK-09FF-G7A-047,"Emmanuel Mbugua Simiyu","Grade 7 A",Male,"Mbita High School",09ffbd1d-7fd8-4a42-9ca4-056e0fb75966
mock_09ffbd1d_G7A_048,MOCK-09FF-G7A-048,"Mercy Adhiambo Nyambura","Grade 7 A",Female,"Mbita High School",09ffbd1d-7fd8-4a42-9ca4-056e0fb75966
mock_09ffbd1d_G7A_049,MOCK-09FF-G7A-049,"Victor Wairimu Wanjiru","Grade 7 A",Male,"Mbita High School",09ffbd1d-7fd8-4a42-9ca4-056e0fb75966
mock_09ffbd1d_G7A_050,MOCK-09FF-G7A-050,"Linet Ochieng Kariuki","Grade 7 A",Female,"Mbita High School",09ffbd1d-7fd8-4a42-9ca4-056e0fb75966
mock_09ffbd1d_G7A_051,MOCK-09FF-G7A-051,"Doreen Kiplagat Wairimu","Grade 7 A",Female,"Mbita High School",09ffbd1d-7fd8-4a42-9ca4-056e0fb75966
mock_09ffbd1d_G7A_052,MOCK-09FF-G7A-052,"Gideon Achieng Akinyi","Grade 7 A",Male,"Mbita High School",09ffbd1d-7fd8-4a42-9ca4-056e0fb75966
mock_09ffbd1d_G7A_053,MOCK-09FF-G7A-053,"Purity Omondi Kiplagat","Grade 7 A",Female,"Mbita High School",09ffbd1d-7fd8-4a42-9ca4-056e0fb75966
mock_09ffbd1d_G7A_054,MOCK-09FF-G7A-054,"Nancy Mwangi Kamau","Grade 7 A",Female,"Mbita High School",09ffbd1d-7fd8-4a42-9ca4-056e0fb75966
mock_09ffbd1d_G7A_055,MOCK-09FF-G7A-055,"Brian Mbugua Kipchoge","Grade 7 A",Male,"Mbita High School",09ffbd1d-7fd8-4a42-9ca4-056e0fb75966
mock_09ffbd1d_G7A_056,MOCK-09FF-G7A-056,"Lucy Kamau Achieng","Grade 7 A",Female,"Mbita High School",09ffbd1d-7fd8-4a42-9ca4-056e0fb75966
mock_09ffbd1d_G7A_057,MOCK-09FF-G7A-057,"Joy Wambui Wanjiru","Grade 7 A",Female,"Mbita High School",09ffbd1d-7fd8-4a42-9ca4-056e0fb75966
mock_09ffbd1d_G7A_058,MOCK-09FF-G7A-058,"Valentine Adhiambo Mutiso","Grade 7 A",Female,"Mbita High School",09ffbd1d-7fd8-4a42-9ca4-056e0fb75966
mock_09ffbd1d_G7A_059,MOCK-09FF-G7A-059,"Stephen Mutiso Nyambura","Grade 7 A",Male,"Mbita High School",09ffbd1d-7fd8-4a42-9ca4-056e0fb75966
mock_09ffbd1d_G7A_060,MOCK-09FF-G7A-060,"Michael Wambui Cheruiyot","Grade 7 A",Male,"Mbita High School",09ffbd1d-7fd8-4a42-9ca4-056e0fb75966
mock_09ffbd1d_G7B_001,MOCK-09FF-G7B-001,"Mercy Omondi Kamau","Grade 7 B",Female,"Mbita High School",09ffbd1d-7fd8-4a42-9ca4-056e0fb75966
mock_09ffbd1d_G7B_002,MOCK-09FF-G7B-002,"Cornelius Gitau Mutiso","Grade 7 B",Male,"Mbita High School",09ffbd1d-7fd8-4a42-9ca4-056e0fb75966
mock_09ffbd1d_G7B_003,MOCK-09FF-G7B-003,"Lydia Nyambura Nyokabi","Grade 7 B",Female,"Mbita High School",09ffbd1d-7fd8-4a42-9ca4-056e0fb75966
mock_09ffbd1d_G7B_004,MOCK-09FF-G7B-004,"Christine Wafula Adhiambo","Grade 7 B",Female,"Mbita High School",09ffbd1d-7fd8-4a42-9ca4-056e0fb75966
mock_09ffbd1d_G7B_005,MOCK-09FF-G7B-005,"Mercy Adhiambo Chepkemoi","Grade 7 B",Female,"Mbita High School",09ffbd1d-7fd8-4a42-9ca4-056e0fb75966
mock_09ffbd1d_G7B_006,MOCK-09FF-G7B-006,"Janet Njoroge Chepkemoi","Grade 7 B",Female,"Mbita High School",09ffbd1d-7fd8-4a42-9ca4-056e0fb75966
mock_09ffbd1d_G7B_007,MOCK-09FF-G7B-007,"George Ochieng Njeri","Grade 7 B",Male,"Mbita High School",09ffbd1d-7fd8-4a42-9ca4-056e0fb75966
mock_09ffbd1d_G7B_008,MOCK-09FF-G7B-008,"Victor Korir Karanja","Grade 7 B",Male,"Mbita High School",09ffbd1d-7fd8-4a42-9ca4-056e0fb75966
mock_09ffbd1d_G7B_009,MOCK-09FF-G7B-009,"Valentine Auma Kiplagat","Grade 7 B",Female,"Mbita High School",09ffbd1d-7fd8-4a42-9ca4-056e0fb75966
mock_09ffbd1d_G7B_010,MOCK-09FF-G7B-010,"Grace Mwangi Cheruiyot","Grade 7 B",Female,"Mbita High School",09ffbd1d-7fd8-4a42-9ca4-056e0fb75966
mock_09ffbd1d_G7B_011,MOCK-09FF-G7B-011,"Mary Gitau Odhiambo","Grade 7 B",Female,"Mbita High School",09ffbd1d-7fd8-4a42-9ca4-056e0fb75966
mock_09ffbd1d_G7B_012,MOCK-09FF-G7B-012,"Allan Akinyi Karanja","Grade 7 B",Male,"Mbita High School",09ffbd1d-7fd8-4a42-9ca4-056e0fb75966
mock_09ffbd1d_G7B_013,MOCK-09FF-G7B-013,"Rose Chebet Auma","Grade 7 B",Female,"Mbita High School",09ffbd1d-7fd8-4a42-9ca4-056e0fb75966
mock_09ffbd1d_G7B_014,MOCK-09FF-G7B-014,"Doreen Njoroge Mwangi","Grade 7 B",Female,"Mbita High School",09ffbd1d-7fd8-4a42-9ca4-056e0fb75966
mock_09ffbd1d_G7B_015,MOCK-09FF-G7B-015,"Mercy Chepkemoi Kipchoge","Grade 7 B",Female,"Mbita High School",09ffbd1d-7fd8-4a42-9ca4-056e0fb75966
mock_09ffbd1d_G7B_016,MOCK-09FF-G7B-016,"Charles Were Nyokabi","Grade 7 B",Male,"Mbita High School",09ffbd1d-7fd8-4a42-9ca4-056e0fb75966
mock_09ffbd1d_G7B_017,MOCK-09FF-G7B-017,"Eric Akinyi Barasa","Grade 7 B",Male,"Mbita High School",09ffbd1d-7fd8-4a42-9ca4-056e0fb75966
mock_09ffbd1d_G7B_018,MOCK-09FF-G7B-018,"Dennis Juma Juma","Grade 7 B",Male,"Mbita High School",09ffbd1d-7fd8-4a42-9ca4-056e0fb75966
mock_09ffbd1d_G7B_019,MOCK-09FF-G7B-019,"Fredrick Kiplagat Kariuki","Grade 7 B",Male,"Mbita High School",09ffbd1d-7fd8-4a42-9ca4-056e0fb75966
mock_09ffbd1d_G7B_020,MOCK-09FF-G7B-020,"Samuel Njeri Barasa","Grade 7 B",Male,"Mbita High School",09ffbd1d-7fd8-4a42-9ca4-056e0fb75966
mock_09ffbd1d_G7B_021,MOCK-09FF-G7B-021,"Lydia Kamau Adhiambo","Grade 7 B",Female,"Mbita High School",09ffbd1d-7fd8-4a42-9ca4-056e0fb75966
mock_09ffbd1d_G7B_022,MOCK-09FF-G7B-022,"Emmanuel Kipchoge Karanja","Grade 7 B",Male,"Mbita High School",09ffbd1d-7fd8-4a42-9ca4-056e0fb75966
mock_09ffbd1d_G7B_023,MOCK-09FF-G7B-023,"Christine Njoroge Auma","Grade 7 B",Female,"Mbita High School",09ffbd1d-7fd8-4a42-9ca4-056e0fb75966
mock_09ffbd1d_G7B_024,MOCK-09FF-G7B-024,"Duncan Simiyu Mutiso","Grade 7 B",Male,"Mbita High School",09ffbd1d-7fd8-4a42-9ca4-056e0fb75966
mock_09ffbd1d_G7B_025,MOCK-09FF-G7B-025,"Fredrick Nyambura Wairimu","Grade 7 B",Male,"Mbita High School",09ffbd1d-7fd8-4a42-9ca4-056e0fb75966
mock_09ffbd1d_G7B_026,MOCK-09FF-G7B-026,"Emmanuel Njeri Simiyu","Grade 7 B",Male,"Mbita High School",09ffbd1d-7fd8-4a42-9ca4-056e0fb75966
mock_09ffbd1d_G7B_027,MOCK-09FF-G7B-027,"Purity Achieng Mbugua","Grade 7 B",Female,"Mbita High School",09ffbd1d-7fd8-4a42-9ca4-056e0fb75966
mock_09ffbd1d_G7B_028,MOCK-09FF-G7B-028,"Daniel Maina Auma","Grade 7 B",Male,"Mbita High School",09ffbd1d-7fd8-4a42-9ca4-056e0fb75966
mock_09ffbd1d_G7B_029,MOCK-09FF-G7B-029,"Mercy Kamau Kariuki","Grade 7 B",Female,"Mbita High School",09ffbd1d-7fd8-4a42-9ca4-056e0fb75966
mock_09ffbd1d_G7B_030,MOCK-09FF-G7B-030,"Diana Onyango Korir","Grade 7 B",Female,"Mbita High School",09ffbd1d-7fd8-4a42-9ca4-056e0fb75966
mock_09ffbd1d_G7B_031,MOCK-09FF-G7B-031,"Sharon Kamau Otieno","Grade 7 B",Female,"Mbita High School",09ffbd1d-7fd8-4a42-9ca4-056e0fb75966
mock_09ffbd1d_G7B_032,MOCK-09FF-G7B-032,"Anthony Chebet Barasa","Grade 7 B",Male,"Mbita High School",09ffbd1d-7fd8-4a42-9ca4-056e0fb75966
mock_09ffbd1d_G7B_033,MOCK-09FF-G7B-033,"Valentine Wafula Wambui","Grade 7 B",Female,"Mbita High School",09ffbd1d-7fd8-4a42-9ca4-056e0fb75966
mock_09ffbd1d_G7B_034,MOCK-09FF-G7B-034,"Lydia Kiplagat Nyambura","Grade 7 B",Female,"Mbita High School",09ffbd1d-7fd8-4a42-9ca4-056e0fb75966
mock_09ffbd1d_G7B_035,MOCK-09FF-G7B-035,"Stephen Auma Njoroge","Grade 7 B",Male,"Mbita High School",09ffbd1d-7fd8-4a42-9ca4-056e0fb75966
mock_09ffbd1d_G7B_036,MOCK-09FF-G7B-036,"Diana Kipchoge Maina","Grade 7 B",Female,"Mbita High School",09ffbd1d-7fd8-4a42-9ca4-056e0fb75966
mock_09ffbd1d_G7B_037,MOCK-09FF-G7B-037,"Nancy Onyango Korir","Grade 7 B",Female,"Mbita High School",09ffbd1d-7fd8-4a42-9ca4-056e0fb75966
mock_09ffbd1d_G7B_038,MOCK-09FF-G7B-038,"Mitchelle Odhiambo Mutua","Grade 7 B",Female,"Mbita High School",09ffbd1d-7fd8-4a42-9ca4-056e0fb75966
mock_09ffbd1d_G7B_039,MOCK-09FF-G7B-039,"Kevin Onyango Wafula","Grade 7 B",Male,"Mbita High School",09ffbd1d-7fd8-4a42-9ca4-056e0fb75966
mock_09ffbd1d_G7B_040,MOCK-09FF-G7B-040,"Cynthia Otieno Achieng","Grade 7 B",Female,"Mbita High School",09ffbd1d-7fd8-4a42-9ca4-056e0fb75966
mock_09ffbd1d_G7B_041,MOCK-09FF-G7B-041,"Maureen Kipchoge Njeri","Grade 7 B",Female,"Mbita High School",09ffbd1d-7fd8-4a42-9ca4-056e0fb75966
mock_09ffbd1d_G7B_042,MOCK-09FF-G7B-042,"Maureen Barasa Karanja","Grade 7 B",Female,"Mbita High School",09ffbd1d-7fd8-4a42-9ca4-056e0fb75966
mock_09ffbd1d_G7B_043,MOCK-09FF-G7B-043,"Elvis Karanja Wafula","Grade 7 B",Male,"Mbita High School",09ffbd1d-7fd8-4a42-9ca4-056e0fb75966
mock_09ffbd1d_G7B_044,MOCK-09FF-G7B-044,"Daniel Chepkemoi Mutua","Grade 7 B",Male,"Mbita High School",09ffbd1d-7fd8-4a42-9ca4-056e0fb75966
mock_09ffbd1d_G7B_045,MOCK-09FF-G7B-045,"Eric Rotich Kamau","Grade 7 B",Male,"Mbita High School",09ffbd1d-7fd8-4a42-9ca4-056e0fb75966
mock_09ffbd1d_G7B_046,MOCK-09FF-G7B-046,"Diana Korir Atieno","Grade 7 B",Female,"Mbita High School",09ffbd1d-7fd8-4a42-9ca4-056e0fb75966
mock_09ffbd1d_G7B_047,MOCK-09FF-G7B-047,"Joy Simiyu Njoroge","Grade 7 B",Female,"Mbita High School",09ffbd1d-7fd8-4a42-9ca4-056e0fb75966
mock_09ffbd1d_G7B_048,MOCK-09FF-G7B-048,"Emmanuel Mutua Nyambura","Grade 7 B",Male,"Mbita High School",09ffbd1d-7fd8-4a42-9ca4-056e0fb75966
mock_09ffbd1d_G7B_049,MOCK-09FF-G7B-049,"Brayan Kamau Omondi","Grade 7 B",Male,"Mbita High School",09ffbd1d-7fd8-4a42-9ca4-056e0fb75966
mock_09ffbd1d_G7B_050,MOCK-09FF-G7B-050,"Duncan Njoroge Owino","Grade 7 B",Male,"Mbita High School",09ffbd1d-7fd8-4a42-9ca4-056e0fb75966
mock_09ffbd1d_G7B_051,MOCK-09FF-G7B-051,"Rose Kariuki Mwangi","Grade 7 B",Female,"Mbita High School",09ffbd1d-7fd8-4a42-9ca4-056e0fb75966
mock_09ffbd1d_G7B_052,MOCK-09FF-G7B-052,"Ian Odhiambo Kiplagat","Grade 7 B",Male,"Mbita High School",09ffbd1d-7fd8-4a42-9ca4-056e0fb75966
mock_09ffbd1d_G7B_053,MOCK-09FF-G7B-053,"Mercy Achieng Mwangi","Grade 7 B",Female,"Mbita High School",09ffbd1d-7fd8-4a42-9ca4-056e0fb75966
mock_09ffbd1d_G7B_054,MOCK-09FF-G7B-054,"Victor Achieng Wanjiru","Grade 7 B",Male,"Mbita High School",09ffbd1d-7fd8-4a42-9ca4-056e0fb75966
mock_09ffbd1d_G7B_055,MOCK-09FF-G7B-055,"Daniel Juma Wanjiru","Grade 7 B",Male,"Mbita High School",09ffbd1d-7fd8-4a42-9ca4-056e0fb75966
mock_09ffbd1d_G7B_056,MOCK-09FF-G7B-056,"Joy Akinyi Juma","Grade 7 B",Female,"Mbita High School",09ffbd1d-7fd8-4a42-9ca4-056e0fb75966
mock_09ffbd1d_G7B_057,MOCK-09FF-G7B-057,"Fredrick Auma Simiyu","Grade 7 B",Male,"Mbita High School",09ffbd1d-7fd8-4a42-9ca4-056e0fb75966
mock_09ffbd1d_G7B_058,MOCK-09FF-G7B-058,"Doreen Were Juma","Grade 7 B",Female,"Mbita High School",09ffbd1d-7fd8-4a42-9ca4-056e0fb75966
mock_09ffbd1d_G7B_059,MOCK-09FF-G7B-059,"Pauline Korir Kipchoge","Grade 7 B",Female,"Mbita High School",09ffbd1d-7fd8-4a42-9ca4-056e0fb75966
mock_09ffbd1d_G7B_060,MOCK-09FF-G7B-060,"Daniel Mutua Adhiambo","Grade 7 B",Male,"Mbita High School",09ffbd1d-7fd8-4a42-9ca4-056e0fb75966
mock_09ffbd1d_G8A_001,MOCK-09FF-G8A-001,"Victor Nyokabi Gitau","Grade 8 A",Male,"Mbita High School",09ffbd1d-7fd8-4a42-9ca4-056e0fb75966
mock_09ffbd1d_G8A_002,MOCK-09FF-G8A-002,"Lydia Cheruiyot Cheruiyot","Grade 8 A",Female,"Mbita High School",09ffbd1d-7fd8-4a42-9ca4-056e0fb75966
mock_09ffbd1d_G8A_003,MOCK-09FF-G8A-003,"Beatrice Onyango Odhiambo","Grade 8 A",Female,"Mbita High School",09ffbd1d-7fd8-4a42-9ca4-056e0fb75966
mock_09ffbd1d_G8A_004,MOCK-09FF-G8A-004,"Eunice Maina Rotich","Grade 8 A",Female,"Mbita High School",09ffbd1d-7fd8-4a42-9ca4-056e0fb75966
mock_09ffbd1d_G8A_005,MOCK-09FF-G8A-005,"Collins Odhiambo Karanja","Grade 8 A",Male,"Mbita High School",09ffbd1d-7fd8-4a42-9ca4-056e0fb75966
mock_09ffbd1d_G8A_006,MOCK-09FF-G8A-006,"Caroline Mutua Wambui","Grade 8 A",Female,"Mbita High School",09ffbd1d-7fd8-4a42-9ca4-056e0fb75966
mock_09ffbd1d_G8A_007,MOCK-09FF-G8A-007,"Charles Wanjiru Kiplagat","Grade 8 A",Male,"Mbita High School",09ffbd1d-7fd8-4a42-9ca4-056e0fb75966
mock_09ffbd1d_G8A_008,MOCK-09FF-G8A-008,"Samuel Cheruiyot Mutua","Grade 8 A",Male,"Mbita High School",09ffbd1d-7fd8-4a42-9ca4-056e0fb75966
mock_09ffbd1d_G8A_009,MOCK-09FF-G8A-009,"Faith Barasa Rotich","Grade 8 A",Female,"Mbita High School",09ffbd1d-7fd8-4a42-9ca4-056e0fb75966
mock_09ffbd1d_G8A_010,MOCK-09FF-G8A-010,"Eric Simiyu Wambui","Grade 8 A",Male,"Mbita High School",09ffbd1d-7fd8-4a42-9ca4-056e0fb75966
mock_09ffbd1d_G8A_011,MOCK-09FF-G8A-011,"Faith Mwangi Gitau","Grade 8 A",Female,"Mbita High School",09ffbd1d-7fd8-4a42-9ca4-056e0fb75966
mock_09ffbd1d_G8A_012,MOCK-09FF-G8A-012,"Emmanuel Kiplagat Mbugua","Grade 8 A",Male,"Mbita High School",09ffbd1d-7fd8-4a42-9ca4-056e0fb75966
mock_09ffbd1d_G8A_013,MOCK-09FF-G8A-013,"Brenda Auma Atieno","Grade 8 A",Female,"Mbita High School",09ffbd1d-7fd8-4a42-9ca4-056e0fb75966
mock_09ffbd1d_G8A_014,MOCK-09FF-G8A-014,"Purity Omondi Juma","Grade 8 A",Female,"Mbita High School",09ffbd1d-7fd8-4a42-9ca4-056e0fb75966
mock_09ffbd1d_G8A_015,MOCK-09FF-G8A-015,"Sharon Mutua Adhiambo","Grade 8 A",Female,"Mbita High School",09ffbd1d-7fd8-4a42-9ca4-056e0fb75966
mock_09ffbd1d_G8A_016,MOCK-09FF-G8A-016,"Anthony Chepkemoi Njeri","Grade 8 A",Male,"Mbita High School",09ffbd1d-7fd8-4a42-9ca4-056e0fb75966
mock_09ffbd1d_G8A_017,MOCK-09FF-G8A-017,"Linet Barasa Wafula","Grade 8 A",Female,"Mbita High School",09ffbd1d-7fd8-4a42-9ca4-056e0fb75966
mock_09ffbd1d_G8A_018,MOCK-09FF-G8A-018,"Kelvin Achieng Wafula","Grade 8 A",Male,"Mbita High School",09ffbd1d-7fd8-4a42-9ca4-056e0fb75966
mock_09ffbd1d_G8A_019,MOCK-09FF-G8A-019,"Cynthia Juma Nyambura","Grade 8 A",Female,"Mbita High School",09ffbd1d-7fd8-4a42-9ca4-056e0fb75966
mock_09ffbd1d_G8A_020,MOCK-09FF-G8A-020,"Mitchelle Were Karanja","Grade 8 A",Female,"Mbita High School",09ffbd1d-7fd8-4a42-9ca4-056e0fb75966
mock_09ffbd1d_G8A_021,MOCK-09FF-G8A-021,"Joy Wafula Juma","Grade 8 A",Female,"Mbita High School",09ffbd1d-7fd8-4a42-9ca4-056e0fb75966
mock_09ffbd1d_G8A_022,MOCK-09FF-G8A-022,"Maureen Kibet Cheruiyot","Grade 8 A",Female,"Mbita High School",09ffbd1d-7fd8-4a42-9ca4-056e0fb75966
mock_09ffbd1d_G8A_023,MOCK-09FF-G8A-023,"Vincent Rotich Gitau","Grade 8 A",Male,"Mbita High School",09ffbd1d-7fd8-4a42-9ca4-056e0fb75966
mock_09ffbd1d_G8A_024,MOCK-09FF-G8A-024,"Linet Maina Korir","Grade 8 A",Female,"Mbita High School",09ffbd1d-7fd8-4a42-9ca4-056e0fb75966
mock_09ffbd1d_G8A_025,MOCK-09FF-G8A-025,"Allan Kiplagat Mwangi","Grade 8 A",Male,"Mbita High School",09ffbd1d-7fd8-4a42-9ca4-056e0fb75966
mock_09ffbd1d_G8A_026,MOCK-09FF-G8A-026,"Gideon Otieno Nyambura","Grade 8 A",Male,"Mbita High School",09ffbd1d-7fd8-4a42-9ca4-056e0fb75966
mock_09ffbd1d_G8A_027,MOCK-09FF-G8A-027,"Elvis Maina Wambui","Grade 8 A",Male,"Mbita High School",09ffbd1d-7fd8-4a42-9ca4-056e0fb75966
mock_09ffbd1d_G8A_028,MOCK-09FF-G8A-028,"Valentine Rotich Nyokabi","Grade 8 A",Female,"Mbita High School",09ffbd1d-7fd8-4a42-9ca4-056e0fb75966
mock_09ffbd1d_G8A_029,MOCK-09FF-G8A-029,"Sharon Mwangi Adhiambo","Grade 8 A",Female,"Mbita High School",09ffbd1d-7fd8-4a42-9ca4-056e0fb75966
mock_09ffbd1d_G8A_030,MOCK-09FF-G8A-030,"Emmanuel Wanjiru Wambui","Grade 8 A",Male,"Mbita High School",09ffbd1d-7fd8-4a42-9ca4-056e0fb75966
mock_09ffbd1d_G8A_031,MOCK-09FF-G8A-031,"Elvis Wambui Kipchoge","Grade 8 A",Male,"Mbita High School",09ffbd1d-7fd8-4a42-9ca4-056e0fb75966
mock_09ffbd1d_G8A_032,MOCK-09FF-G8A-032,"Linet Were Onyango","Grade 8 A",Female,"Mbita High School",09ffbd1d-7fd8-4a42-9ca4-056e0fb75966
mock_09ffbd1d_G8A_033,MOCK-09FF-G8A-033,"Anthony Juma Adhiambo","Grade 8 A",Male,"Mbita High School",09ffbd1d-7fd8-4a42-9ca4-056e0fb75966
mock_09ffbd1d_G8A_034,MOCK-09FF-G8A-034,"Anthony Nyambura Barasa","Grade 8 A",Male,"Mbita High School",09ffbd1d-7fd8-4a42-9ca4-056e0fb75966
mock_09ffbd1d_G8A_035,MOCK-09FF-G8A-035,"Purity Korir Ochieng","Grade 8 A",Female,"Mbita High School",09ffbd1d-7fd8-4a42-9ca4-056e0fb75966
mock_09ffbd1d_G8A_036,MOCK-09FF-G8A-036,"Fredrick Nyambura Wafula","Grade 8 A",Male,"Mbita High School",09ffbd1d-7fd8-4a42-9ca4-056e0fb75966
mock_09ffbd1d_G8A_037,MOCK-09FF-G8A-037,"Duncan Gitau Omondi","Grade 8 A",Male,"Mbita High School",09ffbd1d-7fd8-4a42-9ca4-056e0fb75966
mock_09ffbd1d_G8A_038,MOCK-09FF-G8A-038,"Purity Maina Ochieng","Grade 8 A",Female,"Mbita High School",09ffbd1d-7fd8-4a42-9ca4-056e0fb75966
mock_09ffbd1d_G8A_039,MOCK-09FF-G8A-039,"Joy Mwangi Atieno","Grade 8 A",Female,"Mbita High School",09ffbd1d-7fd8-4a42-9ca4-056e0fb75966
mock_09ffbd1d_G8A_040,MOCK-09FF-G8A-040,"Dennis Juma Kariuki","Grade 8 A",Male,"Mbita High School",09ffbd1d-7fd8-4a42-9ca4-056e0fb75966
mock_09ffbd1d_G8A_041,MOCK-09FF-G8A-041,"Elvis Owino Odhiambo","Grade 8 A",Male,"Mbita High School",09ffbd1d-7fd8-4a42-9ca4-056e0fb75966
mock_09ffbd1d_G8A_042,MOCK-09FF-G8A-042,"Lydia Nyambura Mutua","Grade 8 A",Female,"Mbita High School",09ffbd1d-7fd8-4a42-9ca4-056e0fb75966
mock_09ffbd1d_G8A_043,MOCK-09FF-G8A-043,"Cornelius Kiplagat Nyambura","Grade 8 A",Male,"Mbita High School",09ffbd1d-7fd8-4a42-9ca4-056e0fb75966
mock_09ffbd1d_G8A_044,MOCK-09FF-G8A-044,"Doreen Chebet Adhiambo","Grade 8 A",Female,"Mbita High School",09ffbd1d-7fd8-4a42-9ca4-056e0fb75966
mock_09ffbd1d_G8A_045,MOCK-09FF-G8A-045,"Nancy Odhiambo Gitau","Grade 8 A",Female,"Mbita High School",09ffbd1d-7fd8-4a42-9ca4-056e0fb75966
mock_09ffbd1d_G8A_046,MOCK-09FF-G8A-046,"Doreen Wanjiru Mutiso","Grade 8 A",Female,"Mbita High School",09ffbd1d-7fd8-4a42-9ca4-056e0fb75966
mock_09ffbd1d_G8A_047,MOCK-09FF-G8A-047,"Maureen Nyokabi Simiyu","Grade 8 A",Female,"Mbita High School",09ffbd1d-7fd8-4a42-9ca4-056e0fb75966
mock_09ffbd1d_G8A_048,MOCK-09FF-G8A-048,"Mercy Rotich Gitau","Grade 8 A",Female,"Mbita High School",09ffbd1d-7fd8-4a42-9ca4-056e0fb75966
mock_09ffbd1d_G8A_049,MOCK-09FF-G8A-049,"Dennis Akinyi Owino","Grade 8 A",Male,"Mbita High School",09ffbd1d-7fd8-4a42-9ca4-056e0fb75966
mock_09ffbd1d_G8A_050,MOCK-09FF-G8A-050,"Kevin Kibet Atieno","Grade 8 A",Male,"Mbita High School",09ffbd1d-7fd8-4a42-9ca4-056e0fb75966
mock_09ffbd1d_G8A_051,MOCK-09FF-G8A-051,"Eric Kipchoge Maina","Grade 8 A",Male,"Mbita High School",09ffbd1d-7fd8-4a42-9ca4-056e0fb75966
mock_09ffbd1d_G8A_052,MOCK-09FF-G8A-052,"Elvis Mutua Wambui","Grade 8 A",Male,"Mbita High School",09ffbd1d-7fd8-4a42-9ca4-056e0fb75966
mock_09ffbd1d_G8A_053,MOCK-09FF-G8A-053,"Martin Onyango Simiyu","Grade 8 A",Male,"Mbita High School",09ffbd1d-7fd8-4a42-9ca4-056e0fb75966
mock_09ffbd1d_G8A_054,MOCK-09FF-G8A-054,"Faith Chebet Wafula","Grade 8 A",Female,"Mbita High School",09ffbd1d-7fd8-4a42-9ca4-056e0fb75966
mock_09ffbd1d_G8A_055,MOCK-09FF-G8A-055,"George Wairimu Owino","Grade 8 A",Male,"Mbita High School",09ffbd1d-7fd8-4a42-9ca4-056e0fb75966
mock_09ffbd1d_G8A_056,MOCK-09FF-G8A-056,"Charles Otieno Kibet","Grade 8 A",Male,"Mbita High School",09ffbd1d-7fd8-4a42-9ca4-056e0fb75966
mock_09ffbd1d_G8A_057,MOCK-09FF-G8A-057,"Brayan Omondi Wairimu","Grade 8 A",Male,"Mbita High School",09ffbd1d-7fd8-4a42-9ca4-056e0fb75966
mock_09ffbd1d_G8A_058,MOCK-09FF-G8A-058,"Brenda Akinyi Adhiambo","Grade 8 A",Female,"Mbita High School",09ffbd1d-7fd8-4a42-9ca4-056e0fb75966
mock_09ffbd1d_G8A_059,MOCK-09FF-G8A-059,"Brenda Omondi Karanja","Grade 8 A",Female,"Mbita High School",09ffbd1d-7fd8-4a42-9ca4-056e0fb75966
mock_09ffbd1d_G8A_060,MOCK-09FF-G8A-060,"Ian Adhiambo Rotich","Grade 8 A",Male,"Mbita High School",09ffbd1d-7fd8-4a42-9ca4-056e0fb75966
mock_09ffbd1d_G8B_002,MOCK-09FF-G8B-002,"Martin Njoroge Owino","Grade 8 B",Male,"Mbita High School",09ffbd1d-7fd8-4a42-9ca4-056e0fb75966
mock_09ffbd1d_G8B_003,MOCK-09FF-G8B-003,"Joy Omondi Njoroge","Grade 8 B",Female,"Mbita High School",09ffbd1d-7fd8-4a42-9ca4-056e0fb75966
mock_09ffbd1d_G8B_004,MOCK-09FF-G8B-004,"Patrick Mwangi Nyokabi","Grade 8 B",Male,"Mbita High School",09ffbd1d-7fd8-4a42-9ca4-056e0fb75966
mock_09ffbd1d_G8B_005,MOCK-09FF-G8B-005,"Brayan Otieno Chebet","Grade 8 B",Male,"Mbita High School",09ffbd1d-7fd8-4a42-9ca4-056e0fb75966
mock_09ffbd1d_G8B_006,MOCK-09FF-G8B-006,"Kevin Kibet Mutiso","Grade 8 B",Male,"Mbita High School",09ffbd1d-7fd8-4a42-9ca4-056e0fb75966
mock_09ffbd1d_G8B_007,MOCK-09FF-G8B-007,"Elvis Onyango Rotich","Grade 8 B",Male,"Mbita High School",09ffbd1d-7fd8-4a42-9ca4-056e0fb75966
mock_09ffbd1d_G8B_008,MOCK-09FF-G8B-008,"Elvis Kipchoge Nyokabi","Grade 8 B",Male,"Mbita High School",09ffbd1d-7fd8-4a42-9ca4-056e0fb75966
mock_09ffbd1d_G8B_009,MOCK-09FF-G8B-009,"Purity Kariuki Karanja","Grade 8 B",Female,"Mbita High School",09ffbd1d-7fd8-4a42-9ca4-056e0fb75966
mock_09ffbd1d_G8B_010,MOCK-09FF-G8B-010,"Daniel Wanjiru Mutua","Grade 8 B",Male,"Mbita High School",09ffbd1d-7fd8-4a42-9ca4-056e0fb75966
mock_09ffbd1d_G8B_011,MOCK-09FF-G8B-011,"Kevin Onyango Otieno","Grade 8 B",Male,"Mbita High School",09ffbd1d-7fd8-4a42-9ca4-056e0fb75966
mock_09ffbd1d_G8B_012,MOCK-09FF-G8B-012,"Kelvin Cheruiyot Rotich","Grade 8 B",Male,"Mbita High School",09ffbd1d-7fd8-4a42-9ca4-056e0fb75966
mock_09ffbd1d_G8B_013,MOCK-09FF-G8B-013,"Faith Ochieng Kariuki","Grade 8 B",Female,"Mbita High School",09ffbd1d-7fd8-4a42-9ca4-056e0fb75966
mock_09ffbd1d_G8B_014,MOCK-09FF-G8B-014,"Felix Atieno Omondi","Grade 8 B",Male,"Mbita High School",09ffbd1d-7fd8-4a42-9ca4-056e0fb75966
mock_09ffbd1d_G8B_015,MOCK-09FF-G8B-015,"Felix Achieng Korir","Grade 8 B",Male,"Mbita High School",09ffbd1d-7fd8-4a42-9ca4-056e0fb75966
mock_09ffbd1d_G8B_016,MOCK-09FF-G8B-016,"Sylvia Kiplagat Simiyu","Grade 8 B",Female,"Mbita High School",09ffbd1d-7fd8-4a42-9ca4-056e0fb75966
mock_09ffbd1d_G8B_017,MOCK-09FF-G8B-017,"Anthony Otieno Cheruiyot","Grade 8 B",Male,"Mbita High School",09ffbd1d-7fd8-4a42-9ca4-056e0fb75966
mock_09ffbd1d_G8B_018,MOCK-09FF-G8B-018,"Gideon Kamau Mutiso","Grade 8 B",Male,"Mbita High School",09ffbd1d-7fd8-4a42-9ca4-056e0fb75966
mock_09ffbd1d_G8B_019,MOCK-09FF-G8B-019,"Maureen Ochieng Nyokabi","Grade 8 B",Female,"Mbita High School",09ffbd1d-7fd8-4a42-9ca4-056e0fb75966
mock_09ffbd1d_G8B_020,MOCK-09FF-G8B-020,"Martin Wafula Njeri","Grade 8 B",Male,"Mbita High School",09ffbd1d-7fd8-4a42-9ca4-056e0fb75966
mock_09ffbd1d_G8B_021,MOCK-09FF-G8B-021,"Lydia Adhiambo Ochieng","Grade 8 B",Female,"Mbita High School",09ffbd1d-7fd8-4a42-9ca4-056e0fb75966
mock_09ffbd1d_G8B_022,MOCK-09FF-G8B-022,"Gideon Wairimu Achieng","Grade 8 B",Male,"Mbita High School",09ffbd1d-7fd8-4a42-9ca4-056e0fb75966
mock_09ffbd1d_G8B_023,MOCK-09FF-G8B-023,"Vincent Odhiambo Simiyu","Grade 8 B",Male,"Mbita High School",09ffbd1d-7fd8-4a42-9ca4-056e0fb75966
mock_09ffbd1d_G8B_024,MOCK-09FF-G8B-024,"Charles Chebet Maina","Grade 8 B",Male,"Mbita High School",09ffbd1d-7fd8-4a42-9ca4-056e0fb75966
mock_09ffbd1d_G8B_025,MOCK-09FF-G8B-025,"Anthony Auma Nyambura","Grade 8 B",Male,"Mbita High School",09ffbd1d-7fd8-4a42-9ca4-056e0fb75966
mock_09ffbd1d_G8B_026,MOCK-09FF-G8B-026,"Brian Chebet Korir","Grade 8 B",Male,"Mbita High School",09ffbd1d-7fd8-4a42-9ca4-056e0fb75966
mock_09ffbd1d_G8B_027,MOCK-09FF-G8B-027,"Sharon Chepkemoi Gitau","Grade 8 B",Female,"Mbita High School",09ffbd1d-7fd8-4a42-9ca4-056e0fb75966
mock_09ffbd1d_G8B_028,MOCK-09FF-G8B-028,"Janet Mutiso Ochieng","Grade 8 B",Female,"Mbita High School",09ffbd1d-7fd8-4a42-9ca4-056e0fb75966
mock_09ffbd1d_G8B_029,MOCK-09FF-G8B-029,"Collins Chepkemoi Mutua","Grade 8 B",Male,"Mbita High School",09ffbd1d-7fd8-4a42-9ca4-056e0fb75966
mock_09ffbd1d_G8B_030,MOCK-09FF-G8B-030,"Christine Wambui Rotich","Grade 8 B",Female,"Mbita High School",09ffbd1d-7fd8-4a42-9ca4-056e0fb75966
mock_09ffbd1d_G8B_031,MOCK-09FF-G8B-031,"Cynthia Chepkemoi Mwangi","Grade 8 B",Female,"Mbita High School",09ffbd1d-7fd8-4a42-9ca4-056e0fb75966
mock_09ffbd1d_G8B_032,MOCK-09FF-G8B-032,"Stephen Kiplagat Wafula","Grade 8 B",Male,"Mbita High School",09ffbd1d-7fd8-4a42-9ca4-056e0fb75966
mock_09ffbd1d_G8B_033,MOCK-09FF-G8B-033,"Esther Karanja Mwangi","Grade 8 B",Female,"Mbita High School",09ffbd1d-7fd8-4a42-9ca4-056e0fb75966
mock_09ffbd1d_G8B_034,MOCK-09FF-G8B-034,"Diana Adhiambo Nyambura","Grade 8 B",Female,"Mbita High School",09ffbd1d-7fd8-4a42-9ca4-056e0fb75966
mock_09ffbd1d_G8B_035,MOCK-09FF-G8B-035,"Ann Mwangi Juma","Grade 8 B",Female,"Mbita High School",09ffbd1d-7fd8-4a42-9ca4-056e0fb75966
mock_09ffbd1d_G8B_036,MOCK-09FF-G8B-036,"Doreen Wambui Mutiso","Grade 8 B",Female,"Mbita High School",09ffbd1d-7fd8-4a42-9ca4-056e0fb75966
mock_09ffbd1d_G8B_037,MOCK-09FF-G8B-037,"Peter Nyambura Wafula","Grade 8 B",Male,"Mbita High School",09ffbd1d-7fd8-4a42-9ca4-056e0fb75966
mock_09ffbd1d_G8B_038,MOCK-09FF-G8B-038,"Eunice Otieno Barasa","Grade 8 B",Female,"Mbita High School",09ffbd1d-7fd8-4a42-9ca4-056e0fb75966
mock_09ffbd1d_G8B_039,MOCK-09FF-G8B-039,"Eunice Wanjiru Kipchoge","Grade 8 B",Female,"Mbita High School",09ffbd1d-7fd8-4a42-9ca4-056e0fb75966
mock_09ffbd1d_G8B_040,MOCK-09FF-G8B-040,"Christine Nyokabi Cheruiyot","Grade 8 B",Female,"Mbita High School",09ffbd1d-7fd8-4a42-9ca4-056e0fb75966
mock_09ffbd1d_G8B_041,MOCK-09FF-G8B-041,"Diana Kiplagat Mutiso","Grade 8 B",Female,"Mbita High School",09ffbd1d-7fd8-4a42-9ca4-056e0fb75966
mock_09ffbd1d_G8B_042,MOCK-09FF-G8B-042,"Samuel Simiyu Korir","Grade 8 B",Male,"Mbita High School",09ffbd1d-7fd8-4a42-9ca4-056e0fb75966
mock_09ffbd1d_G8B_043,MOCK-09FF-G8B-043,"George Kiplagat Nyambura","Grade 8 B",Male,"Mbita High School",09ffbd1d-7fd8-4a42-9ca4-056e0fb75966
mock_09ffbd1d_G8B_044,MOCK-09FF-G8B-044,"Kelvin Barasa Wairimu","Grade 8 B",Male,"Mbita High School",09ffbd1d-7fd8-4a42-9ca4-056e0fb75966
mock_09ffbd1d_G8B_045,MOCK-09FF-G8B-045,"Dennis Simiyu Simiyu","Grade 8 B",Male,"Mbita High School",09ffbd1d-7fd8-4a42-9ca4-056e0fb75966
mock_09ffbd1d_G8B_046,MOCK-09FF-G8B-046,"Beatrice Kariuki Chepkemoi","Grade 8 B",Female,"Mbita High School",09ffbd1d-7fd8-4a42-9ca4-056e0fb75966
mock_09ffbd1d_G8B_047,MOCK-09FF-G8B-047,"George Were Karanja","Grade 8 B",Male,"Mbita High School",09ffbd1d-7fd8-4a42-9ca4-056e0fb75966
mock_09ffbd1d_G8B_048,MOCK-09FF-G8B-048,"Duncan Akinyi Karanja","Grade 8 B",Male,"Mbita High School",09ffbd1d-7fd8-4a42-9ca4-056e0fb75966
mock_09ffbd1d_G8B_049,MOCK-09FF-G8B-049,"Pauline Wafula Chebet","Grade 8 B",Female,"Mbita High School",09ffbd1d-7fd8-4a42-9ca4-056e0fb75966
mock_09ffbd1d_G8B_050,MOCK-09FF-G8B-050,"Maureen Adhiambo Were","Grade 8 B",Female,"Mbita High School",09ffbd1d-7fd8-4a42-9ca4-056e0fb75966
mock_09ffbd1d_G8B_051,MOCK-09FF-G8B-051,"Purity Juma Owino","Grade 8 B",Female,"Mbita High School",09ffbd1d-7fd8-4a42-9ca4-056e0fb75966
mock_09ffbd1d_G8B_052,MOCK-09FF-G8B-052,"Gideon Kamau Onyango","Grade 8 B",Male,"Mbita High School",09ffbd1d-7fd8-4a42-9ca4-056e0fb75966
mock_09ffbd1d_G8B_053,MOCK-09FF-G8B-053,"Caroline Kamau Barasa","Grade 8 B",Female,"Mbita High School",09ffbd1d-7fd8-4a42-9ca4-056e0fb75966
mock_09ffbd1d_G8B_054,MOCK-09FF-G8B-054,"Sharon Barasa Wairimu","Grade 8 B",Female,"Mbita High School",09ffbd1d-7fd8-4a42-9ca4-056e0fb75966
mock_09ffbd1d_G8B_055,MOCK-09FF-G8B-055,"Lydia Mbugua Korir","Grade 8 B",Female,"Mbita High School",09ffbd1d-7fd8-4a42-9ca4-056e0fb75966
mock_09ffbd1d_G8B_056,MOCK-09FF-G8B-056,"Emmanuel Wambui Wafula","Grade 8 B",Male,"Mbita High School",09ffbd1d-7fd8-4a42-9ca4-056e0fb75966
mock_09ffbd1d_G8B_057,MOCK-09FF-G8B-057,"Cornelius Chebet Wambui","Grade 8 B",Male,"Mbita High School",09ffbd1d-7fd8-4a42-9ca4-056e0fb75966
mock_09ffbd1d_G8B_058,MOCK-09FF-G8B-058,"Beatrice Chebet Korir","Grade 8 B",Female,"Mbita High School",09ffbd1d-7fd8-4a42-9ca4-056e0fb75966
mock_09ffbd1d_G8B_059,MOCK-09FF-G8B-059,"Gideon Nyokabi Chepkemoi","Grade 8 B",Male,"Mbita High School",09ffbd1d-7fd8-4a42-9ca4-056e0fb75966
mock_09ffbd1d_G8B_060,MOCK-09FF-G8B-060,"Sylvia Wafula Adhiambo","Grade 8 B",Female,"Mbita High School",09ffbd1d-7fd8-4a42-9ca4-056e0fb75966
mock_09ffbd1d_G9A_001,MOCK-09FF-G9A-001,"Kelvin Otieno Mbugua","Grade 9 A",Male,"Mbita High School",09ffbd1d-7fd8-4a42-9ca4-056e0fb75966
mock_09ffbd1d_G9A_002,MOCK-09FF-G9A-002,"Cynthia Mbugua Juma","Grade 9 A",Female,"Mbita High School",09ffbd1d-7fd8-4a42-9ca4-056e0fb75966
mock_09ffbd1d_G9A_003,MOCK-09FF-G9A-003,"Purity Gitau Chepkemoi","Grade 9 A",Female,"Mbita High School",09ffbd1d-7fd8-4a42-9ca4-056e0fb75966
mock_09ffbd1d_G9A_004,MOCK-09FF-G9A-004,"Winnie Otieno Mwangi","Grade 9 A",Female,"Mbita High School",09ffbd1d-7fd8-4a42-9ca4-056e0fb75966
mock_09ffbd1d_G9A_005,MOCK-09FF-G9A-005,"Martin Otieno Mwangi","Grade 9 A",Male,"Mbita High School",09ffbd1d-7fd8-4a42-9ca4-056e0fb75966
mock_09ffbd1d_G9A_006,MOCK-09FF-G9A-006,"Kelvin Mutiso Kamau","Grade 9 A",Male,"Mbita High School",09ffbd1d-7fd8-4a42-9ca4-056e0fb75966
mock_09ffbd1d_G9A_007,MOCK-09FF-G9A-007,"Ann Wambui Achieng","Grade 9 A",Female,"Mbita High School",09ffbd1d-7fd8-4a42-9ca4-056e0fb75966
mock_09ffbd1d_G9A_008,MOCK-09FF-G9A-008,"Sylvia Chebet Gitau","Grade 9 A",Female,"Mbita High School",09ffbd1d-7fd8-4a42-9ca4-056e0fb75966
mock_09ffbd1d_G9A_009,MOCK-09FF-G9A-009,"Kelvin Wanjiru Korir","Grade 9 A",Male,"Mbita High School",09ffbd1d-7fd8-4a42-9ca4-056e0fb75966
mock_09ffbd1d_G9A_010,MOCK-09FF-G9A-010,"Victor Adhiambo Onyango","Grade 9 A",Male,"Mbita High School",09ffbd1d-7fd8-4a42-9ca4-056e0fb75966
mock_09ffbd1d_G9A_011,MOCK-09FF-G9A-011,"Kevin Kiplagat Atieno","Grade 9 A",Male,"Mbita High School",09ffbd1d-7fd8-4a42-9ca4-056e0fb75966
mock_09ffbd1d_G9A_012,MOCK-09FF-G9A-012,"Eric Wanjiru Nyambura","Grade 9 A",Male,"Mbita High School",09ffbd1d-7fd8-4a42-9ca4-056e0fb75966
mock_09ffbd1d_G9A_013,MOCK-09FF-G9A-013,"Felix Onyango Kariuki","Grade 9 A",Male,"Mbita High School",09ffbd1d-7fd8-4a42-9ca4-056e0fb75966
mock_09ffbd1d_G9A_014,MOCK-09FF-G9A-014,"Esther Kiplagat Adhiambo","Grade 9 A",Female,"Mbita High School",09ffbd1d-7fd8-4a42-9ca4-056e0fb75966
mock_09ffbd1d_G9A_015,MOCK-09FF-G9A-015,"Allan Rotich Chebet","Grade 9 A",Male,"Mbita High School",09ffbd1d-7fd8-4a42-9ca4-056e0fb75966
mock_09ffbd1d_G9A_016,MOCK-09FF-G9A-016,"Gideon Kiplagat Mbugua","Grade 9 A",Male,"Mbita High School",09ffbd1d-7fd8-4a42-9ca4-056e0fb75966
mock_09ffbd1d_G9A_017,MOCK-09FF-G9A-017,"Victor Cheruiyot Wairimu","Grade 9 A",Male,"Mbita High School",09ffbd1d-7fd8-4a42-9ca4-056e0fb75966
mock_09ffbd1d_G9A_018,MOCK-09FF-G9A-018,"Mitchelle Mutiso Barasa","Grade 9 A",Female,"Mbita High School",09ffbd1d-7fd8-4a42-9ca4-056e0fb75966
mock_09ffbd1d_G9A_019,MOCK-09FF-G9A-019,"Brian Akinyi Wairimu","Grade 9 A",Male,"Mbita High School",09ffbd1d-7fd8-4a42-9ca4-056e0fb75966
mock_09ffbd1d_G9A_020,MOCK-09FF-G9A-020,"Mitchelle Omondi Akinyi","Grade 9 A",Female,"Mbita High School",09ffbd1d-7fd8-4a42-9ca4-056e0fb75966
mock_09ffbd1d_G9A_021,MOCK-09FF-G9A-021,"Caroline Chebet Atieno","Grade 9 A",Female,"Mbita High School",09ffbd1d-7fd8-4a42-9ca4-056e0fb75966
mock_09ffbd1d_G9A_022,MOCK-09FF-G9A-022,"Peter Kariuki Mwangi","Grade 9 A",Male,"Mbita High School",09ffbd1d-7fd8-4a42-9ca4-056e0fb75966
mock_09ffbd1d_G9A_023,MOCK-09FF-G9A-023,"Lucy Wambui Juma","Grade 9 A",Female,"Mbita High School",09ffbd1d-7fd8-4a42-9ca4-056e0fb75966
mock_09ffbd1d_G9A_024,MOCK-09FF-G9A-024,"Michael Maina Achieng","Grade 9 A",Male,"Mbita High School",09ffbd1d-7fd8-4a42-9ca4-056e0fb75966
mock_09ffbd1d_G9A_025,MOCK-09FF-G9A-025,"Stella Owino Korir","Grade 9 A",Female,"Mbita High School",09ffbd1d-7fd8-4a42-9ca4-056e0fb75966
mock_09ffbd1d_G9A_026,MOCK-09FF-G9A-026,"Vincent Karanja Nyambura","Grade 9 A",Male,"Mbita High School",09ffbd1d-7fd8-4a42-9ca4-056e0fb75966
mock_09ffbd1d_G9A_027,MOCK-09FF-G9A-027,"Michael Maina Chepkemoi","Grade 9 A",Male,"Mbita High School",09ffbd1d-7fd8-4a42-9ca4-056e0fb75966
mock_09ffbd1d_G9A_028,MOCK-09FF-G9A-028,"Rose Gitau Kiplagat","Grade 9 A",Female,"Mbita High School",09ffbd1d-7fd8-4a42-9ca4-056e0fb75966
mock_09ffbd1d_G9A_029,MOCK-09FF-G9A-029,"Stephen Barasa Wanjiru","Grade 9 A",Male,"Mbita High School",09ffbd1d-7fd8-4a42-9ca4-056e0fb75966
mock_09ffbd1d_G9A_030,MOCK-09FF-G9A-030,"Beatrice Mwangi Cheruiyot","Grade 9 A",Female,"Mbita High School",09ffbd1d-7fd8-4a42-9ca4-056e0fb75966
mock_09ffbd1d_G9A_031,MOCK-09FF-G9A-031,"Ann Adhiambo Gitau","Grade 9 A",Female,"Mbita High School",09ffbd1d-7fd8-4a42-9ca4-056e0fb75966
mock_09ffbd1d_G9A_032,MOCK-09FF-G9A-032,"Mercy Mutiso Kibet","Grade 9 A",Female,"Mbita High School",09ffbd1d-7fd8-4a42-9ca4-056e0fb75966
mock_09ffbd1d_G9A_033,MOCK-09FF-G9A-033,"Victor Mbugua Wambui","Grade 9 A",Male,"Mbita High School",09ffbd1d-7fd8-4a42-9ca4-056e0fb75966
mock_09ffbd1d_G9A_034,MOCK-09FF-G9A-034,"Samuel Otieno Wanjiru","Grade 9 A",Male,"Mbita High School",09ffbd1d-7fd8-4a42-9ca4-056e0fb75966
mock_09ffbd1d_G9A_035,MOCK-09FF-G9A-035,"Faith Omondi Otieno","Grade 9 A",Female,"Mbita High School",09ffbd1d-7fd8-4a42-9ca4-056e0fb75966
mock_09ffbd1d_G9A_036,MOCK-09FF-G9A-036,"Sharon Wambui Auma","Grade 9 A",Female,"Mbita High School",09ffbd1d-7fd8-4a42-9ca4-056e0fb75966
mock_09ffbd1d_G9A_037,MOCK-09FF-G9A-037,"Emmanuel Wambui Mbugua","Grade 9 A",Male,"Mbita High School",09ffbd1d-7fd8-4a42-9ca4-056e0fb75966
mock_09ffbd1d_G9A_038,MOCK-09FF-G9A-038,"Grace Adhiambo Kariuki","Grade 9 A",Female,"Mbita High School",09ffbd1d-7fd8-4a42-9ca4-056e0fb75966
mock_09ffbd1d_G9A_039,MOCK-09FF-G9A-039,"Mercy Kariuki Kipchoge","Grade 9 A",Female,"Mbita High School",09ffbd1d-7fd8-4a42-9ca4-056e0fb75966
mock_09ffbd1d_G9A_040,MOCK-09FF-G9A-040,"Vincent Barasa Maina","Grade 9 A",Male,"Mbita High School",09ffbd1d-7fd8-4a42-9ca4-056e0fb75966
mock_09ffbd1d_G9A_041,MOCK-09FF-G9A-041,"Collins Otieno Mutiso","Grade 9 A",Male,"Mbita High School",09ffbd1d-7fd8-4a42-9ca4-056e0fb75966
mock_09ffbd1d_G9A_042,MOCK-09FF-G9A-042,"Patrick Onyango Achieng","Grade 9 A",Male,"Mbita High School",09ffbd1d-7fd8-4a42-9ca4-056e0fb75966
mock_09ffbd1d_G9A_043,MOCK-09FF-G9A-043,"Brenda Wambui Njoroge","Grade 9 A",Female,"Mbita High School",09ffbd1d-7fd8-4a42-9ca4-056e0fb75966
mock_09ffbd1d_G9A_044,MOCK-09FF-G9A-044,"Kelvin Auma Adhiambo","Grade 9 A",Male,"Mbita High School",09ffbd1d-7fd8-4a42-9ca4-056e0fb75966
mock_09ffbd1d_G9A_045,MOCK-09FF-G9A-045,"Christine Wambui Wanjiru","Grade 9 A",Female,"Mbita High School",09ffbd1d-7fd8-4a42-9ca4-056e0fb75966
mock_09ffbd1d_G9A_046,MOCK-09FF-G9A-046,"Dennis Njoroge Kamau","Grade 9 A",Male,"Mbita High School",09ffbd1d-7fd8-4a42-9ca4-056e0fb75966
mock_09ffbd1d_G9A_047,MOCK-09FF-G9A-047,"Ian Njeri Wafula","Grade 9 A",Male,"Mbita High School",09ffbd1d-7fd8-4a42-9ca4-056e0fb75966
mock_09ffbd1d_G9A_048,MOCK-09FF-G9A-048,"Caroline Wafula Mbugua","Grade 9 A",Female,"Mbita High School",09ffbd1d-7fd8-4a42-9ca4-056e0fb75966
mock_09ffbd1d_G9A_049,MOCK-09FF-G9A-049,"Mercy Rotich Chebet","Grade 9 A",Female,"Mbita High School",09ffbd1d-7fd8-4a42-9ca4-056e0fb75966
mock_09ffbd1d_G9A_050,MOCK-09FF-G9A-050,"Charles Njoroge Kiplagat","Grade 9 A",Male,"Mbita High School",09ffbd1d-7fd8-4a42-9ca4-056e0fb75966
mock_09ffbd1d_G9A_051,MOCK-09FF-G9A-051,"Emmanuel Nyambura Chebet","Grade 9 A",Male,"Mbita High School",09ffbd1d-7fd8-4a42-9ca4-056e0fb75966
mock_09ffbd1d_G9A_052,MOCK-09FF-G9A-052,"Dennis Njoroge Omondi","Grade 9 A",Male,"Mbita High School",09ffbd1d-7fd8-4a42-9ca4-056e0fb75966
mock_09ffbd1d_G9A_053,MOCK-09FF-G9A-053,"Emmanuel Achieng Otieno","Grade 9 A",Male,"Mbita High School",09ffbd1d-7fd8-4a42-9ca4-056e0fb75966
mock_09ffbd1d_G9A_054,MOCK-09FF-G9A-054,"Cornelius Otieno Simiyu","Grade 9 A",Male,"Mbita High School",09ffbd1d-7fd8-4a42-9ca4-056e0fb75966
mock_09ffbd1d_G9A_055,MOCK-09FF-G9A-055,"Christine Owino Achieng","Grade 9 A",Female,"Mbita High School",09ffbd1d-7fd8-4a42-9ca4-056e0fb75966
mock_09ffbd1d_G9A_056,MOCK-09FF-G9A-056,"Linet Chebet Cheruiyot","Grade 9 A",Female,"Mbita High School",09ffbd1d-7fd8-4a42-9ca4-056e0fb75966
mock_09ffbd1d_G9A_057,MOCK-09FF-G9A-057,"Daniel Mbugua Korir","Grade 9 A",Male,"Mbita High School",09ffbd1d-7fd8-4a42-9ca4-056e0fb75966
mock_09ffbd1d_G9A_058,MOCK-09FF-G9A-058,"Brayan Juma Auma","Grade 9 A",Male,"Mbita High School",09ffbd1d-7fd8-4a42-9ca4-056e0fb75966
mock_09ffbd1d_G9A_059,MOCK-09FF-G9A-059,"Eric Kipchoge Njeri","Grade 9 A",Male,"Mbita High School",09ffbd1d-7fd8-4a42-9ca4-056e0fb75966
mock_09ffbd1d_G9A_060,MOCK-09FF-G9A-060,"Lucy Omondi Akinyi","Grade 9 A",Female,"Mbita High School",09ffbd1d-7fd8-4a42-9ca4-056e0fb75966
mock_09ffbd1d_G9B_001,MOCK-09FF-G9B-001,"Sylvia Kamau Wafula","Grade 9 B",Female,"Mbita High School",09ffbd1d-7fd8-4a42-9ca4-056e0fb75966
mock_09ffbd1d_G9B_002,MOCK-09FF-G9B-002,"Faith Wafula Chebet","Grade 9 B",Female,"Mbita High School",09ffbd1d-7fd8-4a42-9ca4-056e0fb75966
mock_09ffbd1d_G9B_003,MOCK-09FF-G9B-003,"Duncan Wairimu Akinyi","Grade 9 B",Male,"Mbita High School",09ffbd1d-7fd8-4a42-9ca4-056e0fb75966
mock_09ffbd1d_G9B_004,MOCK-09FF-G9B-004,"Winnie Mwangi Chepkemoi","Grade 9 B",Female,"Mbita High School",09ffbd1d-7fd8-4a42-9ca4-056e0fb75966
mock_09ffbd1d_G9B_005,MOCK-09FF-G9B-005,"Stella Wafula Achieng","Grade 9 B",Female,"Mbita High School",09ffbd1d-7fd8-4a42-9ca4-056e0fb75966
mock_09ffbd1d_G9B_006,MOCK-09FF-G9B-006,"Nicholas Chebet Wairimu","Grade 9 B",Male,"Mbita High School",09ffbd1d-7fd8-4a42-9ca4-056e0fb75966
mock_09ffbd1d_G9B_007,MOCK-09FF-G9B-007,"Collins Auma Kibet","Grade 9 B",Male,"Mbita High School",09ffbd1d-7fd8-4a42-9ca4-056e0fb75966
mock_09ffbd1d_G9B_008,MOCK-09FF-G9B-008,"Martin Nyambura Adhiambo","Grade 9 B",Male,"Mbita High School",09ffbd1d-7fd8-4a42-9ca4-056e0fb75966
mock_09ffbd1d_G9B_009,MOCK-09FF-G9B-009,"Ian Cheruiyot Ochieng","Grade 9 B",Male,"Mbita High School",09ffbd1d-7fd8-4a42-9ca4-056e0fb75966
mock_09ffbd1d_G9B_010,MOCK-09FF-G9B-010,"Doreen Otieno Wafula","Grade 9 B",Female,"Mbita High School",09ffbd1d-7fd8-4a42-9ca4-056e0fb75966
mock_09ffbd1d_G9B_011,MOCK-09FF-G9B-011,"Kevin Mbugua Mutiso","Grade 9 B",Male,"Mbita High School",09ffbd1d-7fd8-4a42-9ca4-056e0fb75966
mock_09ffbd1d_G9B_012,MOCK-09FF-G9B-012,"Eric Juma Karanja","Grade 9 B",Male,"Mbita High School",09ffbd1d-7fd8-4a42-9ca4-056e0fb75966
mock_09ffbd1d_G9B_013,MOCK-09FF-G9B-013,"Brenda Chepkemoi Achieng","Grade 9 B",Female,"Mbita High School",09ffbd1d-7fd8-4a42-9ca4-056e0fb75966
mock_09ffbd1d_G9B_014,MOCK-09FF-G9B-014,"Beatrice Kamau Omondi","Grade 9 B",Female,"Mbita High School",09ffbd1d-7fd8-4a42-9ca4-056e0fb75966
mock_09ffbd1d_G9B_015,MOCK-09FF-G9B-015,"Pauline Njeri Akinyi","Grade 9 B",Female,"Mbita High School",09ffbd1d-7fd8-4a42-9ca4-056e0fb75966
mock_09ffbd1d_G9B_016,MOCK-09FF-G9B-016,"Ian Mbugua Kamau","Grade 9 B",Male,"Mbita High School",09ffbd1d-7fd8-4a42-9ca4-056e0fb75966
mock_09ffbd1d_G9B_017,MOCK-09FF-G9B-017,"Esther Kamau Cheruiyot","Grade 9 B",Female,"Mbita High School",09ffbd1d-7fd8-4a42-9ca4-056e0fb75966
mock_09ffbd1d_G9B_018,MOCK-09FF-G9B-018,"Stephen Mbugua Kiplagat","Grade 9 B",Male,"Mbita High School",09ffbd1d-7fd8-4a42-9ca4-056e0fb75966
mock_09ffbd1d_G9B_019,MOCK-09FF-G9B-019,"Christine Mwangi Kibet","Grade 9 B",Female,"Mbita High School",09ffbd1d-7fd8-4a42-9ca4-056e0fb75966
mock_09ffbd1d_G9B_020,MOCK-09FF-G9B-020,"Martin Mwangi Nyambura","Grade 9 B",Male,"Mbita High School",09ffbd1d-7fd8-4a42-9ca4-056e0fb75966
mock_09ffbd1d_G9B_021,MOCK-09FF-G9B-021,"George Chebet Kamau","Grade 9 B",Male,"Mbita High School",09ffbd1d-7fd8-4a42-9ca4-056e0fb75966
mock_09ffbd1d_G9B_022,MOCK-09FF-G9B-022,"Kelvin Adhiambo Onyango","Grade 9 B",Male,"Mbita High School",09ffbd1d-7fd8-4a42-9ca4-056e0fb75966
mock_09ffbd1d_G9B_023,MOCK-09FF-G9B-023,"Anthony Achieng Atieno","Grade 9 B",Male,"Mbita High School",09ffbd1d-7fd8-4a42-9ca4-056e0fb75966
mock_09ffbd1d_G9B_024,MOCK-09FF-G9B-024,"Michael Korir Owino","Grade 9 B",Male,"Mbita High School",09ffbd1d-7fd8-4a42-9ca4-056e0fb75966
mock_09ffbd1d_G9B_025,MOCK-09FF-G9B-025,"Joy Mbugua Kiplagat","Grade 9 B",Female,"Mbita High School",09ffbd1d-7fd8-4a42-9ca4-056e0fb75966
mock_09ffbd1d_G9B_026,MOCK-09FF-G9B-026,"Faith Adhiambo Wairimu","Grade 9 B",Female,"Mbita High School",09ffbd1d-7fd8-4a42-9ca4-056e0fb75966
mock_09ffbd1d_G9B_027,MOCK-09FF-G9B-027,"Caroline Mutua Wairimu","Grade 9 B",Female,"Mbita High School",09ffbd1d-7fd8-4a42-9ca4-056e0fb75966
mock_09ffbd1d_G9B_028,MOCK-09FF-G9B-028,"Joy Korir Omondi","Grade 9 B",Female,"Mbita High School",09ffbd1d-7fd8-4a42-9ca4-056e0fb75966
mock_09ffbd1d_G9B_029,MOCK-09FF-G9B-029,"Sylvia Karanja Onyango","Grade 9 B",Female,"Mbita High School",09ffbd1d-7fd8-4a42-9ca4-056e0fb75966
mock_09ffbd1d_G9B_030,MOCK-09FF-G9B-030,"Michael Owino Otieno","Grade 9 B",Male,"Mbita High School",09ffbd1d-7fd8-4a42-9ca4-056e0fb75966
mock_09ffbd1d_G9B_031,MOCK-09FF-G9B-031,"Pauline Chebet Kibet","Grade 9 B",Female,"Mbita High School",09ffbd1d-7fd8-4a42-9ca4-056e0fb75966
mock_09ffbd1d_G9B_032,MOCK-09FF-G9B-032,"Valentine Auma Nyambura","Grade 9 B",Female,"Mbita High School",09ffbd1d-7fd8-4a42-9ca4-056e0fb75966
mock_09ffbd1d_G9B_033,MOCK-09FF-G9B-033,"Vincent Mutua Akinyi","Grade 9 B",Male,"Mbita High School",09ffbd1d-7fd8-4a42-9ca4-056e0fb75966
mock_09ffbd1d_G9B_034,MOCK-09FF-G9B-034,"Kevin Karanja Chepkemoi","Grade 9 B",Male,"Mbita High School",09ffbd1d-7fd8-4a42-9ca4-056e0fb75966
mock_09ffbd1d_G9B_035,MOCK-09FF-G9B-035,"Anthony Rotich Kariuki","Grade 9 B",Male,"Mbita High School",09ffbd1d-7fd8-4a42-9ca4-056e0fb75966
mock_09ffbd1d_G9B_036,MOCK-09FF-G9B-036,"Esther Onyango Wambui","Grade 9 B",Female,"Mbita High School",09ffbd1d-7fd8-4a42-9ca4-056e0fb75966
mock_09ffbd1d_G9B_037,MOCK-09FF-G9B-037,"Eunice Njoroge Kiplagat","Grade 9 B",Female,"Mbita High School",09ffbd1d-7fd8-4a42-9ca4-056e0fb75966
mock_09ffbd1d_G9B_038,MOCK-09FF-G9B-038,"Sylvia Kibet Owino","Grade 9 B",Female,"Mbita High School",09ffbd1d-7fd8-4a42-9ca4-056e0fb75966
mock_09ffbd1d_G9B_039,MOCK-09FF-G9B-039,"Charles Korir Mutiso","Grade 9 B",Male,"Mbita High School",09ffbd1d-7fd8-4a42-9ca4-056e0fb75966
mock_09ffbd1d_G9B_040,MOCK-09FF-G9B-040,"Maureen Mutua Kiplagat","Grade 9 B",Female,"Mbita High School",09ffbd1d-7fd8-4a42-9ca4-056e0fb75966
mock_09ffbd1d_G9B_041,MOCK-09FF-G9B-041,"Valentine Mbugua Korir","Grade 9 B",Female,"Mbita High School",09ffbd1d-7fd8-4a42-9ca4-056e0fb75966
mock_09ffbd1d_G9B_042,MOCK-09FF-G9B-042,"Gideon Ochieng Owino","Grade 9 B",Male,"Mbita High School",09ffbd1d-7fd8-4a42-9ca4-056e0fb75966
mock_09ffbd1d_G9B_043,MOCK-09FF-G9B-043,"Cornelius Mwangi Nyokabi","Grade 9 B",Male,"Mbita High School",09ffbd1d-7fd8-4a42-9ca4-056e0fb75966
mock_09ffbd1d_G9B_044,MOCK-09FF-G9B-044,"Purity Otieno Nyokabi","Grade 9 B",Female,"Mbita High School",09ffbd1d-7fd8-4a42-9ca4-056e0fb75966
mock_09ffbd1d_G9B_045,MOCK-09FF-G9B-045,"Michael Chepkemoi Odhiambo","Grade 9 B",Male,"Mbita High School",09ffbd1d-7fd8-4a42-9ca4-056e0fb75966
mock_09ffbd1d_G9B_046,MOCK-09FF-G9B-046,"Joy Wanjiru Kamau","Grade 9 B",Female,"Mbita High School",09ffbd1d-7fd8-4a42-9ca4-056e0fb75966
mock_09ffbd1d_G9B_047,MOCK-09FF-G9B-047,"Valentine Njoroge Mbugua","Grade 9 B",Female,"Mbita High School",09ffbd1d-7fd8-4a42-9ca4-056e0fb75966
mock_09ffbd1d_G9B_048,MOCK-09FF-G9B-048,"Mary Chepkemoi Odhiambo","Grade 9 B",Female,"Mbita High School",09ffbd1d-7fd8-4a42-9ca4-056e0fb75966
mock_09ffbd1d_G9B_049,MOCK-09FF-G9B-049,"Daniel Kamau Juma","Grade 9 B",Male,"Mbita High School",09ffbd1d-7fd8-4a42-9ca4-056e0fb75966
mock_09ffbd1d_G9B_050,MOCK-09FF-G9B-050,"Stephen Otieno Korir","Grade 9 B",Male,"Mbita High School",09ffbd1d-7fd8-4a42-9ca4-056e0fb75966
mock_09ffbd1d_G9B_051,MOCK-09FF-G9B-051,"Nicholas Chebet Nyokabi","Grade 9 B",Male,"Mbita High School",09ffbd1d-7fd8-4a42-9ca4-056e0fb75966
mock_09ffbd1d_G9B_052,MOCK-09FF-G9B-052,"Lucy Kamau Atieno","Grade 9 B",Female,"Mbita High School",09ffbd1d-7fd8-4a42-9ca4-056e0fb75966
mock_09ffbd1d_G9B_053,MOCK-09FF-G9B-053,"Samuel Owino Auma","Grade 9 B",Male,"Mbita High School",09ffbd1d-7fd8-4a42-9ca4-056e0fb75966
mock_09ffbd1d_G9B_054,MOCK-09FF-G9B-054,"Fredrick Kibet Njeri","Grade 9 B",Male,"Mbita High School",09ffbd1d-7fd8-4a42-9ca4-056e0fb75966
mock_09ffbd1d_G9B_055,MOCK-09FF-G9B-055,"Michael Omondi Njoroge","Grade 9 B",Male,"Mbita High School",09ffbd1d-7fd8-4a42-9ca4-056e0fb75966
mock_09ffbd1d_G9B_056,MOCK-09FF-G9B-056,"Cynthia Nyokabi Ochieng","Grade 9 B",Female,"Mbita High School",09ffbd1d-7fd8-4a42-9ca4-056e0fb75966
mock_09ffbd1d_G9B_057,MOCK-09FF-G9B-057,"Collins Auma Mwangi","Grade 9 B",Male,"Mbita High School",09ffbd1d-7fd8-4a42-9ca4-056e0fb75966
mock_09ffbd1d_G9B_058,MOCK-09FF-G9B-058,"Brenda Rotich Barasa","Grade 9 B",Female,"Mbita High School",09ffbd1d-7fd8-4a42-9ca4-056e0fb75966
mock_09ffbd1d_G9B_059,MOCK-09FF-G9B-059,"Charles Kamau Kipchoge","Grade 9 B",Male,"Mbita High School",09ffbd1d-7fd8-4a42-9ca4-056e0fb75966
mock_09ffbd1d_G9B_060,MOCK-09FF-G9B-060,"Sharon Simiyu Mwangi","Grade 9 B",Female,"Mbita High School",09ffbd1d-7fd8-4a42-9ca4-056e0fb75966
mock_09ffbd1d_G10A_001,MOCK-09FF-G10A-001,"Mitchelle Gitau Maina","Grade 10 A",Female,"Mbita High School",09ffbd1d-7fd8-4a42-9ca4-056e0fb75966
mock_09ffbd1d_G10A_002,MOCK-09FF-G10A-002,"Mary Kamau Otieno","Grade 10 A",Female,"Mbita High School",09ffbd1d-7fd8-4a42-9ca4-056e0fb75966
mock_09ffbd1d_G10A_003,MOCK-09FF-G10A-003,"Gideon Atieno Mwangi","Grade 10 A",Male,"Mbita High School",09ffbd1d-7fd8-4a42-9ca4-056e0fb75966
mock_09ffbd1d_G10A_004,MOCK-09FF-G10A-004,"Mary Were Otieno","Grade 10 A",Female,"Mbita High School",09ffbd1d-7fd8-4a42-9ca4-056e0fb75966
mock_09ffbd1d_G10A_005,MOCK-09FF-G10A-005,"Samuel Mbugua Kamau","Grade 10 A",Male,"Mbita High School",09ffbd1d-7fd8-4a42-9ca4-056e0fb75966
mock_09ffbd1d_G10A_006,MOCK-09FF-G10A-006,"Janet Chebet Wanjiru","Grade 10 A",Female,"Mbita High School",09ffbd1d-7fd8-4a42-9ca4-056e0fb75966
mock_09ffbd1d_G10A_007,MOCK-09FF-G10A-007,"Brayan Mutiso Korir","Grade 10 A",Male,"Mbita High School",09ffbd1d-7fd8-4a42-9ca4-056e0fb75966
mock_09ffbd1d_G10A_008,MOCK-09FF-G10A-008,"Allan Njeri Mbugua","Grade 10 A",Male,"Mbita High School",09ffbd1d-7fd8-4a42-9ca4-056e0fb75966
mock_09ffbd1d_G10A_009,MOCK-09FF-G10A-009,"Anthony Kipchoge Mutiso","Grade 10 A",Male,"Mbita High School",09ffbd1d-7fd8-4a42-9ca4-056e0fb75966
mock_09ffbd1d_G10A_010,MOCK-09FF-G10A-010,"Kelvin Mbugua Karanja","Grade 10 A",Male,"Mbita High School",09ffbd1d-7fd8-4a42-9ca4-056e0fb75966
mock_09ffbd1d_G10A_011,MOCK-09FF-G10A-011,"Vincent Njeri Kipchoge","Grade 10 A",Male,"Mbita High School",09ffbd1d-7fd8-4a42-9ca4-056e0fb75966
mock_09ffbd1d_G10A_012,MOCK-09FF-G10A-012,"Elvis Maina Rotich","Grade 10 A",Male,"Mbita High School",09ffbd1d-7fd8-4a42-9ca4-056e0fb75966
mock_09ffbd1d_G10A_013,MOCK-09FF-G10A-013,"Lydia Auma Juma","Grade 10 A",Female,"Mbita High School",09ffbd1d-7fd8-4a42-9ca4-056e0fb75966
mock_09ffbd1d_G10A_014,MOCK-09FF-G10A-014,"Mitchelle Chebet Ochieng","Grade 10 A",Female,"Mbita High School",09ffbd1d-7fd8-4a42-9ca4-056e0fb75966
mock_09ffbd1d_G10A_015,MOCK-09FF-G10A-015,"Pauline Ochieng Karanja","Grade 10 A",Female,"Mbita High School",09ffbd1d-7fd8-4a42-9ca4-056e0fb75966
mock_09ffbd1d_G10A_016,MOCK-09FF-G10A-016,"Stella Kamau Kamau","Grade 10 A",Female,"Mbita High School",09ffbd1d-7fd8-4a42-9ca4-056e0fb75966
mock_09ffbd1d_G10A_017,MOCK-09FF-G10A-017,"Dennis Nyokabi Mutiso","Grade 10 A",Male,"Mbita High School",09ffbd1d-7fd8-4a42-9ca4-056e0fb75966
mock_09ffbd1d_G10A_018,MOCK-09FF-G10A-018,"Christine Rotich Atieno","Grade 10 A",Female,"Mbita High School",09ffbd1d-7fd8-4a42-9ca4-056e0fb75966
mock_09ffbd1d_G10A_019,MOCK-09FF-G10A-019,"Martin Mutiso Otieno","Grade 10 A",Male,"Mbita High School",09ffbd1d-7fd8-4a42-9ca4-056e0fb75966
mock_09ffbd1d_G10A_020,MOCK-09FF-G10A-020,"Anthony Chebet Njoroge","Grade 10 A",Male,"Mbita High School",09ffbd1d-7fd8-4a42-9ca4-056e0fb75966
mock_09ffbd1d_G10A_021,MOCK-09FF-G10A-021,"Joy Ochieng Njoroge","Grade 10 A",Female,"Mbita High School",09ffbd1d-7fd8-4a42-9ca4-056e0fb75966
mock_09ffbd1d_G10A_022,MOCK-09FF-G10A-022,"Beatrice Cheruiyot Owino","Grade 10 A",Female,"Mbita High School",09ffbd1d-7fd8-4a42-9ca4-056e0fb75966
mock_09ffbd1d_G10A_023,MOCK-09FF-G10A-023,"Fredrick Kipchoge Nyambura","Grade 10 A",Male,"Mbita High School",09ffbd1d-7fd8-4a42-9ca4-056e0fb75966
mock_09ffbd1d_G10A_024,MOCK-09FF-G10A-024,"Ann Odhiambo Mwangi","Grade 10 A",Female,"Mbita High School",09ffbd1d-7fd8-4a42-9ca4-056e0fb75966
mock_09ffbd1d_G10A_025,MOCK-09FF-G10A-025,"Esther Wafula Wairimu","Grade 10 A",Female,"Mbita High School",09ffbd1d-7fd8-4a42-9ca4-056e0fb75966
mock_09ffbd1d_G10A_026,MOCK-09FF-G10A-026,"Kevin Auma Kibet","Grade 10 A",Male,"Mbita High School",09ffbd1d-7fd8-4a42-9ca4-056e0fb75966
mock_09ffbd1d_G10A_027,MOCK-09FF-G10A-027,"Mary Nyambura Cheruiyot","Grade 10 A",Female,"Mbita High School",09ffbd1d-7fd8-4a42-9ca4-056e0fb75966
mock_09ffbd1d_G10A_028,MOCK-09FF-G10A-028,"Faith Cheruiyot Kariuki","Grade 10 A",Female,"Mbita High School",09ffbd1d-7fd8-4a42-9ca4-056e0fb75966
mock_09ffbd1d_G10A_029,MOCK-09FF-G10A-029,"Gideon Kiplagat Nyambura","Grade 10 A",Male,"Mbita High School",09ffbd1d-7fd8-4a42-9ca4-056e0fb75966
mock_09ffbd1d_G10A_030,MOCK-09FF-G10A-030,"Eunice Ochieng Korir","Grade 10 A",Female,"Mbita High School",09ffbd1d-7fd8-4a42-9ca4-056e0fb75966
mock_09ffbd1d_G10A_031,MOCK-09FF-G10A-031,"Linet Kibet Kipchoge","Grade 10 A",Female,"Mbita High School",09ffbd1d-7fd8-4a42-9ca4-056e0fb75966
mock_09ffbd1d_G10A_032,MOCK-09FF-G10A-032,"Rose Juma Gitau","Grade 10 A",Female,"Mbita High School",09ffbd1d-7fd8-4a42-9ca4-056e0fb75966
mock_09ffbd1d_G10A_033,MOCK-09FF-G10A-033,"Faith Otieno Omondi","Grade 10 A",Female,"Mbita High School",09ffbd1d-7fd8-4a42-9ca4-056e0fb75966
mock_09ffbd1d_G10A_034,MOCK-09FF-G10A-034,"Caroline Ochieng Odhiambo","Grade 10 A",Female,"Mbita High School",09ffbd1d-7fd8-4a42-9ca4-056e0fb75966
mock_09ffbd1d_G10A_035,MOCK-09FF-G10A-035,"Peter Kibet Korir","Grade 10 A",Male,"Mbita High School",09ffbd1d-7fd8-4a42-9ca4-056e0fb75966
mock_09ffbd1d_G10A_036,MOCK-09FF-G10A-036,"Sylvia Mutiso Ochieng","Grade 10 A",Female,"Mbita High School",09ffbd1d-7fd8-4a42-9ca4-056e0fb75966
mock_09ffbd1d_G10A_037,MOCK-09FF-G10A-037,"Ann Kiplagat Juma","Grade 10 A",Female,"Mbita High School",09ffbd1d-7fd8-4a42-9ca4-056e0fb75966
mock_09ffbd1d_G10A_038,MOCK-09FF-G10A-038,"Charles Otieno Kariuki","Grade 10 A",Male,"Mbita High School",09ffbd1d-7fd8-4a42-9ca4-056e0fb75966
mock_09ffbd1d_G10A_039,MOCK-09FF-G10A-039,"Valentine Mwangi Were","Grade 10 A",Female,"Mbita High School",09ffbd1d-7fd8-4a42-9ca4-056e0fb75966
mock_09ffbd1d_G10A_040,MOCK-09FF-G10A-040,"Vincent Nyokabi Barasa","Grade 10 A",Male,"Mbita High School",09ffbd1d-7fd8-4a42-9ca4-056e0fb75966
mock_09ffbd1d_G10A_041,MOCK-09FF-G10A-041,"Michael Wambui Maina","Grade 10 A",Male,"Mbita High School",09ffbd1d-7fd8-4a42-9ca4-056e0fb75966
mock_09ffbd1d_G10A_042,MOCK-09FF-G10A-042,"Mary Auma Rotich","Grade 10 A",Female,"Mbita High School",09ffbd1d-7fd8-4a42-9ca4-056e0fb75966
mock_09ffbd1d_G10A_043,MOCK-09FF-G10A-043,"Michael Akinyi Chebet","Grade 10 A",Male,"Mbita High School",09ffbd1d-7fd8-4a42-9ca4-056e0fb75966
mock_09ffbd1d_G10A_044,MOCK-09FF-G10A-044,"Daniel Juma Mutiso","Grade 10 A",Male,"Mbita High School",09ffbd1d-7fd8-4a42-9ca4-056e0fb75966
mock_09ffbd1d_G10A_045,MOCK-09FF-G10A-045,"Vincent Achieng Wairimu","Grade 10 A",Male,"Mbita High School",09ffbd1d-7fd8-4a42-9ca4-056e0fb75966
mock_09ffbd1d_G10A_046,MOCK-09FF-G10A-046,"Nicholas Karanja Nyokabi","Grade 10 A",Male,"Mbita High School",09ffbd1d-7fd8-4a42-9ca4-056e0fb75966
mock_09ffbd1d_G10A_047,MOCK-09FF-G10A-047,"George Otieno Akinyi","Grade 10 A",Male,"Mbita High School",09ffbd1d-7fd8-4a42-9ca4-056e0fb75966
mock_09ffbd1d_G10A_048,MOCK-09FF-G10A-048,"Maureen Karanja Achieng","Grade 10 A",Female,"Mbita High School",09ffbd1d-7fd8-4a42-9ca4-056e0fb75966
mock_09ffbd1d_G10A_049,MOCK-09FF-G10A-049,"Cornelius Adhiambo Gitau","Grade 10 A",Male,"Mbita High School",09ffbd1d-7fd8-4a42-9ca4-056e0fb75966
mock_09ffbd1d_G10A_050,MOCK-09FF-G10A-050,"Janet Mutiso Rotich","Grade 10 A",Female,"Mbita High School",09ffbd1d-7fd8-4a42-9ca4-056e0fb75966
mock_09ffbd1d_G10A_051,MOCK-09FF-G10A-051,"Lydia Kipchoge Adhiambo","Grade 10 A",Female,"Mbita High School",09ffbd1d-7fd8-4a42-9ca4-056e0fb75966
mock_09ffbd1d_G10A_052,MOCK-09FF-G10A-052,"Caroline Nyokabi Auma","Grade 10 A",Female,"Mbita High School",09ffbd1d-7fd8-4a42-9ca4-056e0fb75966
mock_09ffbd1d_G10A_053,MOCK-09FF-G10A-053,"Charles Adhiambo Karanja","Grade 10 A",Male,"Mbita High School",09ffbd1d-7fd8-4a42-9ca4-056e0fb75966
mock_09ffbd1d_G10A_054,MOCK-09FF-G10A-054,"Patrick Adhiambo Atieno","Grade 10 A",Male,"Mbita High School",09ffbd1d-7fd8-4a42-9ca4-056e0fb75966
mock_09ffbd1d_G10A_055,MOCK-09FF-G10A-055,"Stella Mutiso Mutua","Grade 10 A",Female,"Mbita High School",09ffbd1d-7fd8-4a42-9ca4-056e0fb75966
mock_09ffbd1d_G10A_056,MOCK-09FF-G10A-056,"Mitchelle Cheruiyot Nyambura","Grade 10 A",Female,"Mbita High School",09ffbd1d-7fd8-4a42-9ca4-056e0fb75966
mock_09ffbd1d_G10A_057,MOCK-09FF-G10A-057,"Purity Barasa Odhiambo","Grade 10 A",Female,"Mbita High School",09ffbd1d-7fd8-4a42-9ca4-056e0fb75966
mock_09ffbd1d_G10A_058,MOCK-09FF-G10A-058,"Joseph Mbugua Njeri","Grade 10 A",Male,"Mbita High School",09ffbd1d-7fd8-4a42-9ca4-056e0fb75966
mock_09ffbd1d_G10A_059,MOCK-09FF-G10A-059,"Michael Kipchoge Wafula","Grade 10 A",Male,"Mbita High School",09ffbd1d-7fd8-4a42-9ca4-056e0fb75966
mock_09ffbd1d_G10A_060,MOCK-09FF-G10A-060,"Linet Chebet Mbugua","Grade 10 A",Female,"Mbita High School",09ffbd1d-7fd8-4a42-9ca4-056e0fb75966
mock_09ffbd1d_G10B_001,MOCK-09FF-G10B-001,"Lucy Chebet Njeri","Grade 10 B",Female,"Mbita High School",09ffbd1d-7fd8-4a42-9ca4-056e0fb75966
mock_09ffbd1d_G10B_002,MOCK-09FF-G10B-002,"Mercy Barasa Chebet","Grade 10 B",Female,"Mbita High School",09ffbd1d-7fd8-4a42-9ca4-056e0fb75966
mock_09ffbd1d_G10B_003,MOCK-09FF-G10B-003,"Eric Njeri Kipchoge","Grade 10 B",Male,"Mbita High School",09ffbd1d-7fd8-4a42-9ca4-056e0fb75966
mock_09ffbd1d_G10B_004,MOCK-09FF-G10B-004,"Brayan Wambui Atieno","Grade 10 B",Male,"Mbita High School",09ffbd1d-7fd8-4a42-9ca4-056e0fb75966
mock_09ffbd1d_G10B_005,MOCK-09FF-G10B-005,"Eric Korir Auma","Grade 10 B",Male,"Mbita High School",09ffbd1d-7fd8-4a42-9ca4-056e0fb75966
mock_09ffbd1d_G10B_006,MOCK-09FF-G10B-006,"Lydia Owino Maina","Grade 10 B",Female,"Mbita High School",09ffbd1d-7fd8-4a42-9ca4-056e0fb75966
mock_09ffbd1d_G10B_007,MOCK-09FF-G10B-007,"Eunice Wanjiru Mutiso","Grade 10 B",Female,"Mbita High School",09ffbd1d-7fd8-4a42-9ca4-056e0fb75966
mock_09ffbd1d_G10B_008,MOCK-09FF-G10B-008,"Kelvin Cheruiyot Juma","Grade 10 B",Male,"Mbita High School",09ffbd1d-7fd8-4a42-9ca4-056e0fb75966
mock_09ffbd1d_G10B_009,MOCK-09FF-G10B-009,"Mitchelle Odhiambo Adhiambo","Grade 10 B",Female,"Mbita High School",09ffbd1d-7fd8-4a42-9ca4-056e0fb75966
mock_09ffbd1d_G10B_010,MOCK-09FF-G10B-010,"Christine Wambui Onyango","Grade 10 B",Female,"Mbita High School",09ffbd1d-7fd8-4a42-9ca4-056e0fb75966
mock_09ffbd1d_G10B_011,MOCK-09FF-G10B-011,"Patrick Omondi Chepkemoi","Grade 10 B",Male,"Mbita High School",09ffbd1d-7fd8-4a42-9ca4-056e0fb75966
mock_09ffbd1d_G10B_012,MOCK-09FF-G10B-012,"Rose Mwangi Chebet","Grade 10 B",Female,"Mbita High School",09ffbd1d-7fd8-4a42-9ca4-056e0fb75966
mock_09ffbd1d_G10B_013,MOCK-09FF-G10B-013,"Anthony Njoroge Nyambura","Grade 10 B",Male,"Mbita High School",09ffbd1d-7fd8-4a42-9ca4-056e0fb75966
mock_09ffbd1d_G10B_014,MOCK-09FF-G10B-014,"Stella Were Njeri","Grade 10 B",Female,"Mbita High School",09ffbd1d-7fd8-4a42-9ca4-056e0fb75966
mock_09ffbd1d_G10B_015,MOCK-09FF-G10B-015,"Collins Rotich Wafula","Grade 10 B",Male,"Mbita High School",09ffbd1d-7fd8-4a42-9ca4-056e0fb75966
mock_09ffbd1d_G10B_016,MOCK-09FF-G10B-016,"Collins Wambui Mutua","Grade 10 B",Male,"Mbita High School",09ffbd1d-7fd8-4a42-9ca4-056e0fb75966
mock_09ffbd1d_G10B_017,MOCK-09FF-G10B-017,"Patrick Kibet Njoroge","Grade 10 B",Male,"Mbita High School",09ffbd1d-7fd8-4a42-9ca4-056e0fb75966
mock_09ffbd1d_G10B_018,MOCK-09FF-G10B-018,"Beatrice Wairimu Wairimu","Grade 10 B",Female,"Mbita High School",09ffbd1d-7fd8-4a42-9ca4-056e0fb75966
mock_09ffbd1d_G10B_019,MOCK-09FF-G10B-019,"Stephen Achieng Mutiso","Grade 10 B",Male,"Mbita High School",09ffbd1d-7fd8-4a42-9ca4-056e0fb75966
mock_09ffbd1d_G10B_020,MOCK-09FF-G10B-020,"Peter Onyango Wairimu","Grade 10 B",Male,"Mbita High School",09ffbd1d-7fd8-4a42-9ca4-056e0fb75966
mock_09ffbd1d_G10B_021,MOCK-09FF-G10B-021,"Beatrice Kariuki Njeri","Grade 10 B",Female,"Mbita High School",09ffbd1d-7fd8-4a42-9ca4-056e0fb75966
mock_09ffbd1d_G10B_022,MOCK-09FF-G10B-022,"Rose Mutua Chepkemoi","Grade 10 B",Female,"Mbita High School",09ffbd1d-7fd8-4a42-9ca4-056e0fb75966
mock_09ffbd1d_G10B_023,MOCK-09FF-G10B-023,"Doreen Mutua Karanja","Grade 10 B",Female,"Mbita High School",09ffbd1d-7fd8-4a42-9ca4-056e0fb75966
mock_09ffbd1d_G10B_024,MOCK-09FF-G10B-024,"Stephen Mutiso Mutiso","Grade 10 B",Male,"Mbita High School",09ffbd1d-7fd8-4a42-9ca4-056e0fb75966
mock_09ffbd1d_G10B_025,MOCK-09FF-G10B-025,"Felix Njeri Wafula","Grade 10 B",Male,"Mbita High School",09ffbd1d-7fd8-4a42-9ca4-056e0fb75966
mock_09ffbd1d_G10B_026,MOCK-09FF-G10B-026,"Mary Chebet Mbugua","Grade 10 B",Female,"Mbita High School",09ffbd1d-7fd8-4a42-9ca4-056e0fb75966
mock_09ffbd1d_G10B_027,MOCK-09FF-G10B-027,"Faith Nyokabi Mbugua","Grade 10 B",Female,"Mbita High School",09ffbd1d-7fd8-4a42-9ca4-056e0fb75966
mock_09ffbd1d_G10B_028,MOCK-09FF-G10B-028,"Emmanuel Akinyi Juma","Grade 10 B",Male,"Mbita High School",09ffbd1d-7fd8-4a42-9ca4-056e0fb75966
mock_09ffbd1d_G10B_029,MOCK-09FF-G10B-029,"Vincent Owino Simiyu","Grade 10 B",Male,"Mbita High School",09ffbd1d-7fd8-4a42-9ca4-056e0fb75966
mock_09ffbd1d_G10B_030,MOCK-09FF-G10B-030,"Sharon Kibet Wanjiru","Grade 10 B",Female,"Mbita High School",09ffbd1d-7fd8-4a42-9ca4-056e0fb75966
mock_09ffbd1d_G10B_031,MOCK-09FF-G10B-031,"Eric Akinyi Were","Grade 10 B",Male,"Mbita High School",09ffbd1d-7fd8-4a42-9ca4-056e0fb75966
mock_09ffbd1d_G10B_032,MOCK-09FF-G10B-032,"Fredrick Nyokabi Kamau","Grade 10 B",Male,"Mbita High School",09ffbd1d-7fd8-4a42-9ca4-056e0fb75966
mock_09ffbd1d_G10B_033,MOCK-09FF-G10B-033,"Brayan Odhiambo Kariuki","Grade 10 B",Male,"Mbita High School",09ffbd1d-7fd8-4a42-9ca4-056e0fb75966
mock_09ffbd1d_G10B_034,MOCK-09FF-G10B-034,"Victor Karanja Mutua","Grade 10 B",Male,"Mbita High School",09ffbd1d-7fd8-4a42-9ca4-056e0fb75966
mock_09ffbd1d_G10B_035,MOCK-09FF-G10B-035,"Valentine Atieno Njoroge","Grade 10 B",Female,"Mbita High School",09ffbd1d-7fd8-4a42-9ca4-056e0fb75966
mock_09ffbd1d_G10B_036,MOCK-09FF-G10B-036,"Christine Atieno Rotich","Grade 10 B",Female,"Mbita High School",09ffbd1d-7fd8-4a42-9ca4-056e0fb75966
mock_09ffbd1d_G10B_037,MOCK-09FF-G10B-037,"Collins Ochieng Achieng","Grade 10 B",Male,"Mbita High School",09ffbd1d-7fd8-4a42-9ca4-056e0fb75966
mock_09ffbd1d_G10B_038,MOCK-09FF-G10B-038,"Pauline Cheruiyot Omondi","Grade 10 B",Female,"Mbita High School",09ffbd1d-7fd8-4a42-9ca4-056e0fb75966
mock_09ffbd1d_G10B_039,MOCK-09FF-G10B-039,"Brenda Wambui Auma","Grade 10 B",Female,"Mbita High School",09ffbd1d-7fd8-4a42-9ca4-056e0fb75966
mock_09ffbd1d_G10B_040,MOCK-09FF-G10B-040,"Mary Onyango Wambui","Grade 10 B",Female,"Mbita High School",09ffbd1d-7fd8-4a42-9ca4-056e0fb75966
mock_09ffbd1d_G10B_041,MOCK-09FF-G10B-041,"Cornelius Kamau Adhiambo","Grade 10 B",Male,"Mbita High School",09ffbd1d-7fd8-4a42-9ca4-056e0fb75966
mock_09ffbd1d_G10B_042,MOCK-09FF-G10B-042,"Sylvia Owino Chepkemoi","Grade 10 B",Female,"Mbita High School",09ffbd1d-7fd8-4a42-9ca4-056e0fb75966
mock_09ffbd1d_G10B_043,MOCK-09FF-G10B-043,"Faith Kibet Gitau","Grade 10 B",Female,"Mbita High School",09ffbd1d-7fd8-4a42-9ca4-056e0fb75966
mock_09ffbd1d_G10B_044,MOCK-09FF-G10B-044,"Cornelius Nyambura Kipchoge","Grade 10 B",Male,"Mbita High School",09ffbd1d-7fd8-4a42-9ca4-056e0fb75966
mock_09ffbd1d_G10B_045,MOCK-09FF-G10B-045,"Allan Njeri Chepkemoi","Grade 10 B",Male,"Mbita High School",09ffbd1d-7fd8-4a42-9ca4-056e0fb75966
mock_09ffbd1d_G10B_046,MOCK-09FF-G10B-046,"Dennis Ochieng Kibet","Grade 10 B",Male,"Mbita High School",09ffbd1d-7fd8-4a42-9ca4-056e0fb75966
mock_09ffbd1d_G10B_047,MOCK-09FF-G10B-047,"Elvis Chebet Mbugua","Grade 10 B",Male,"Mbita High School",09ffbd1d-7fd8-4a42-9ca4-056e0fb75966
mock_09ffbd1d_G10B_048,MOCK-09FF-G10B-048,"Maureen Korir Auma","Grade 10 B",Female,"Mbita High School",09ffbd1d-7fd8-4a42-9ca4-056e0fb75966
mock_09ffbd1d_G10B_049,MOCK-09FF-G10B-049,"Nicholas Gitau Adhiambo","Grade 10 B",Male,"Mbita High School",09ffbd1d-7fd8-4a42-9ca4-056e0fb75966
mock_09ffbd1d_G10B_050,MOCK-09FF-G10B-050,"Brenda Onyango Mutiso","Grade 10 B",Female,"Mbita High School",09ffbd1d-7fd8-4a42-9ca4-056e0fb75966
mock_09ffbd1d_G10B_051,MOCK-09FF-G10B-051,"Patrick Auma Kamau","Grade 10 B",Male,"Mbita High School",09ffbd1d-7fd8-4a42-9ca4-056e0fb75966
mock_09ffbd1d_G10B_052,MOCK-09FF-G10B-052,"Duncan Nyokabi Wairimu","Grade 10 B",Male,"Mbita High School",09ffbd1d-7fd8-4a42-9ca4-056e0fb75966
mock_09ffbd1d_G10B_053,MOCK-09FF-G10B-053,"Martin Adhiambo Mutiso","Grade 10 B",Male,"Mbita High School",09ffbd1d-7fd8-4a42-9ca4-056e0fb75966
mock_09ffbd1d_G10B_054,MOCK-09FF-G10B-054,"Nancy Achieng Mutiso","Grade 10 B",Female,"Mbita High School",09ffbd1d-7fd8-4a42-9ca4-056e0fb75966
mock_09ffbd1d_G10B_055,MOCK-09FF-G10B-055,"Felix Korir Njoroge","Grade 10 B",Male,"Mbita High School",09ffbd1d-7fd8-4a42-9ca4-056e0fb75966
mock_09ffbd1d_G10B_056,MOCK-09FF-G10B-056,"Sylvia Akinyi Cheruiyot","Grade 10 B",Female,"Mbita High School",09ffbd1d-7fd8-4a42-9ca4-056e0fb75966
mock_09ffbd1d_G10B_057,MOCK-09FF-G10B-057,"Michael Cheruiyot Chepkemoi","Grade 10 B",Male,"Mbita High School",09ffbd1d-7fd8-4a42-9ca4-056e0fb75966
mock_09ffbd1d_G10B_058,MOCK-09FF-G10B-058,"Elvis Njoroge Rotich","Grade 10 B",Male,"Mbita High School",09ffbd1d-7fd8-4a42-9ca4-056e0fb75966
mock_09ffbd1d_G10B_059,MOCK-09FF-G10B-059,"Kevin Owino Juma","Grade 10 B",Male,"Mbita High School",09ffbd1d-7fd8-4a42-9ca4-056e0fb75966
mock_09ffbd1d_G10B_060,MOCK-09FF-G10B-060,"Mary Wanjiru Odhiambo","Grade 10 B",Female,"Mbita High School",09ffbd1d-7fd8-4a42-9ca4-056e0fb75966
mock_09ffbd1d_G11A_001,MOCK-09FF-G11A-001,"Maureen Mutua Kariuki","Grade 11 A",Female,"Mbita High School",09ffbd1d-7fd8-4a42-9ca4-056e0fb75966
mock_09ffbd1d_G11A_002,MOCK-09FF-G11A-002,"Cynthia Kipchoge Nyokabi","Grade 11 A",Female,"Mbita High School",09ffbd1d-7fd8-4a42-9ca4-056e0fb75966
mock_09ffbd1d_G11A_003,MOCK-09FF-G11A-003,"Diana Omondi Were","Grade 11 A",Female,"Mbita High School",09ffbd1d-7fd8-4a42-9ca4-056e0fb75966
mock_09ffbd1d_G11A_004,MOCK-09FF-G11A-004,"Collins Wambui Onyango","Grade 11 A",Male,"Mbita High School",09ffbd1d-7fd8-4a42-9ca4-056e0fb75966
mock_09ffbd1d_G11A_005,MOCK-09FF-G11A-005,"Mary Ochieng Gitau","Grade 11 A",Female,"Mbita High School",09ffbd1d-7fd8-4a42-9ca4-056e0fb75966
mock_09ffbd1d_G11A_006,MOCK-09FF-G11A-006,"Vincent Were Mutiso","Grade 11 A",Male,"Mbita High School",09ffbd1d-7fd8-4a42-9ca4-056e0fb75966
mock_09ffbd1d_G11A_007,MOCK-09FF-G11A-007,"Emmanuel Onyango Maina","Grade 11 A",Male,"Mbita High School",09ffbd1d-7fd8-4a42-9ca4-056e0fb75966
mock_09ffbd1d_G11A_008,MOCK-09FF-G11A-008,"Nicholas Juma Kipchoge","Grade 11 A",Male,"Mbita High School",09ffbd1d-7fd8-4a42-9ca4-056e0fb75966
mock_09ffbd1d_G11A_009,MOCK-09FF-G11A-009,"Michael Wairimu Chepkemoi","Grade 11 A",Male,"Mbita High School",09ffbd1d-7fd8-4a42-9ca4-056e0fb75966
mock_09ffbd1d_G11A_010,MOCK-09FF-G11A-010,"Grace Njeri Nyambura","Grade 11 A",Female,"Mbita High School",09ffbd1d-7fd8-4a42-9ca4-056e0fb75966
mock_09ffbd1d_G11A_011,MOCK-09FF-G11A-011,"Faith Simiyu Auma","Grade 11 A",Female,"Mbita High School",09ffbd1d-7fd8-4a42-9ca4-056e0fb75966
mock_09ffbd1d_G11A_012,MOCK-09FF-G11A-012,"Brian Kibet Chepkemoi","Grade 11 A",Male,"Mbita High School",09ffbd1d-7fd8-4a42-9ca4-056e0fb75966
mock_09ffbd1d_G11A_013,MOCK-09FF-G11A-013,"Ian Njoroge Otieno","Grade 11 A",Male,"Mbita High School",09ffbd1d-7fd8-4a42-9ca4-056e0fb75966
mock_09ffbd1d_G11A_014,MOCK-09FF-G11A-014,"Mitchelle Mutiso Wairimu","Grade 11 A",Female,"Mbita High School",09ffbd1d-7fd8-4a42-9ca4-056e0fb75966
mock_09ffbd1d_G11A_015,MOCK-09FF-G11A-015,"Christine Mutiso Mwangi","Grade 11 A",Female,"Mbita High School",09ffbd1d-7fd8-4a42-9ca4-056e0fb75966
mock_09ffbd1d_G11A_016,MOCK-09FF-G11A-016,"Mary Chebet Otieno","Grade 11 A",Female,"Mbita High School",09ffbd1d-7fd8-4a42-9ca4-056e0fb75966
mock_09ffbd1d_G11A_017,MOCK-09FF-G11A-017,"Collins Cheruiyot Otieno","Grade 11 A",Male,"Mbita High School",09ffbd1d-7fd8-4a42-9ca4-056e0fb75966
mock_09ffbd1d_G11A_018,MOCK-09FF-G11A-018,"Pauline Kamau Wafula","Grade 11 A",Female,"Mbita High School",09ffbd1d-7fd8-4a42-9ca4-056e0fb75966
mock_09ffbd1d_G11A_019,MOCK-09FF-G11A-019,"Brian Mwangi Simiyu","Grade 11 A",Male,"Mbita High School",09ffbd1d-7fd8-4a42-9ca4-056e0fb75966
mock_09ffbd1d_G11A_020,MOCK-09FF-G11A-020,"Linet Wafula Kariuki","Grade 11 A",Female,"Mbita High School",09ffbd1d-7fd8-4a42-9ca4-056e0fb75966
mock_09ffbd1d_G11A_021,MOCK-09FF-G11A-021,"Esther Kariuki Kibet","Grade 11 A",Female,"Mbita High School",09ffbd1d-7fd8-4a42-9ca4-056e0fb75966
mock_09ffbd1d_G11A_022,MOCK-09FF-G11A-022,"Anthony Karanja Mwangi","Grade 11 A",Male,"Mbita High School",09ffbd1d-7fd8-4a42-9ca4-056e0fb75966
mock_09ffbd1d_G11A_023,MOCK-09FF-G11A-023,"Victor Atieno Adhiambo","Grade 11 A",Male,"Mbita High School",09ffbd1d-7fd8-4a42-9ca4-056e0fb75966
mock_09ffbd1d_G11A_024,MOCK-09FF-G11A-024,"Maureen Akinyi Wanjiru","Grade 11 A",Female,"Mbita High School",09ffbd1d-7fd8-4a42-9ca4-056e0fb75966
mock_09ffbd1d_G11A_025,MOCK-09FF-G11A-025,"Beatrice Wanjiru Karanja","Grade 11 A",Female,"Mbita High School",09ffbd1d-7fd8-4a42-9ca4-056e0fb75966
mock_09ffbd1d_G11A_026,MOCK-09FF-G11A-026,"Pauline Kibet Otieno","Grade 11 A",Female,"Mbita High School",09ffbd1d-7fd8-4a42-9ca4-056e0fb75966
mock_09ffbd1d_G11A_027,MOCK-09FF-G11A-027,"Fredrick Gitau Nyokabi","Grade 11 A",Male,"Mbita High School",09ffbd1d-7fd8-4a42-9ca4-056e0fb75966
mock_09ffbd1d_G11A_028,MOCK-09FF-G11A-028,"Janet Njeri Mutiso","Grade 11 A",Female,"Mbita High School",09ffbd1d-7fd8-4a42-9ca4-056e0fb75966
mock_09ffbd1d_G11A_029,MOCK-09FF-G11A-029,"Martin Wairimu Kibet","Grade 11 A",Male,"Mbita High School",09ffbd1d-7fd8-4a42-9ca4-056e0fb75966
mock_09ffbd1d_G11A_030,MOCK-09FF-G11A-030,"Cynthia Nyambura Njoroge","Grade 11 A",Female,"Mbita High School",09ffbd1d-7fd8-4a42-9ca4-056e0fb75966
mock_09ffbd1d_G11A_031,MOCK-09FF-G11A-031,"Nancy Kipchoge Barasa","Grade 11 A",Female,"Mbita High School",09ffbd1d-7fd8-4a42-9ca4-056e0fb75966
mock_09ffbd1d_G11A_032,MOCK-09FF-G11A-032,"Dennis Wanjiru Onyango","Grade 11 A",Male,"Mbita High School",09ffbd1d-7fd8-4a42-9ca4-056e0fb75966
mock_09ffbd1d_G11A_033,MOCK-09FF-G11A-033,"Emmanuel Were Maina","Grade 11 A",Male,"Mbita High School",09ffbd1d-7fd8-4a42-9ca4-056e0fb75966
mock_09ffbd1d_G11A_034,MOCK-09FF-G11A-034,"Janet Ochieng Rotich","Grade 11 A",Female,"Mbita High School",09ffbd1d-7fd8-4a42-9ca4-056e0fb75966
mock_09ffbd1d_G11A_035,MOCK-09FF-G11A-035,"Maureen Odhiambo Simiyu","Grade 11 A",Female,"Mbita High School",09ffbd1d-7fd8-4a42-9ca4-056e0fb75966
mock_09ffbd1d_G11A_036,MOCK-09FF-G11A-036,"Fredrick Atieno Were","Grade 11 A",Male,"Mbita High School",09ffbd1d-7fd8-4a42-9ca4-056e0fb75966
mock_09ffbd1d_G11A_037,MOCK-09FF-G11A-037,"Joseph Wafula Wanjiru","Grade 11 A",Male,"Mbita High School",09ffbd1d-7fd8-4a42-9ca4-056e0fb75966
mock_09ffbd1d_G11A_038,MOCK-09FF-G11A-038,"Joy Atieno Nyokabi","Grade 11 A",Female,"Mbita High School",09ffbd1d-7fd8-4a42-9ca4-056e0fb75966
mock_09ffbd1d_G11A_039,MOCK-09FF-G11A-039,"Peter Owino Cheruiyot","Grade 11 A",Male,"Mbita High School",09ffbd1d-7fd8-4a42-9ca4-056e0fb75966
mock_09ffbd1d_G11A_040,MOCK-09FF-G11A-040,"Caroline Kamau Wambui","Grade 11 A",Female,"Mbita High School",09ffbd1d-7fd8-4a42-9ca4-056e0fb75966
mock_09ffbd1d_G11A_041,MOCK-09FF-G11A-041,"Diana Chebet Omondi","Grade 11 A",Female,"Mbita High School",09ffbd1d-7fd8-4a42-9ca4-056e0fb75966
mock_09ffbd1d_G11A_042,MOCK-09FF-G11A-042,"Nicholas Mwangi Ochieng","Grade 11 A",Male,"Mbita High School",09ffbd1d-7fd8-4a42-9ca4-056e0fb75966
mock_09ffbd1d_G11A_043,MOCK-09FF-G11A-043,"Mary Were Kariuki","Grade 11 A",Female,"Mbita High School",09ffbd1d-7fd8-4a42-9ca4-056e0fb75966
mock_09ffbd1d_G11A_044,MOCK-09FF-G11A-044,"Lucy Barasa Otieno","Grade 11 A",Female,"Mbita High School",09ffbd1d-7fd8-4a42-9ca4-056e0fb75966
mock_09ffbd1d_G11A_045,MOCK-09FF-G11A-045,"Collins Were Ochieng","Grade 11 A",Male,"Mbita High School",09ffbd1d-7fd8-4a42-9ca4-056e0fb75966
mock_09ffbd1d_G11A_046,MOCK-09FF-G11A-046,"Michael Mutua Nyokabi","Grade 11 A",Male,"Mbita High School",09ffbd1d-7fd8-4a42-9ca4-056e0fb75966
mock_09ffbd1d_G11A_047,MOCK-09FF-G11A-047,"Esther Chebet Juma","Grade 11 A",Female,"Mbita High School",09ffbd1d-7fd8-4a42-9ca4-056e0fb75966
mock_09ffbd1d_G11A_048,MOCK-09FF-G11A-048,"Daniel Simiyu Karanja","Grade 11 A",Male,"Mbita High School",09ffbd1d-7fd8-4a42-9ca4-056e0fb75966
mock_09ffbd1d_G11A_049,MOCK-09FF-G11A-049,"Beatrice Simiyu Chebet","Grade 11 A",Female,"Mbita High School",09ffbd1d-7fd8-4a42-9ca4-056e0fb75966
mock_09ffbd1d_G11A_050,MOCK-09FF-G11A-050,"Felix Otieno Wanjiru","Grade 11 A",Male,"Mbita High School",09ffbd1d-7fd8-4a42-9ca4-056e0fb75966
mock_09ffbd1d_G11A_051,MOCK-09FF-G11A-051,"Peter Kiplagat Mutiso","Grade 11 A",Male,"Mbita High School",09ffbd1d-7fd8-4a42-9ca4-056e0fb75966
mock_09ffbd1d_G11A_052,MOCK-09FF-G11A-052,"Dennis Adhiambo Gitau","Grade 11 A",Male,"Mbita High School",09ffbd1d-7fd8-4a42-9ca4-056e0fb75966
mock_09ffbd1d_G11A_053,MOCK-09FF-G11A-053,"Dennis Odhiambo Adhiambo","Grade 11 A",Male,"Mbita High School",09ffbd1d-7fd8-4a42-9ca4-056e0fb75966
mock_09ffbd1d_G11A_054,MOCK-09FF-G11A-054,"Felix Chepkemoi Ochieng","Grade 11 A",Male,"Mbita High School",09ffbd1d-7fd8-4a42-9ca4-056e0fb75966
mock_09ffbd1d_G11A_055,MOCK-09FF-G11A-055,"Cornelius Akinyi Maina","Grade 11 A",Male,"Mbita High School",09ffbd1d-7fd8-4a42-9ca4-056e0fb75966
mock_09ffbd1d_G11A_056,MOCK-09FF-G11A-056,"Ian Nyokabi Korir","Grade 11 A",Male,"Mbita High School",09ffbd1d-7fd8-4a42-9ca4-056e0fb75966
mock_09ffbd1d_G11A_057,MOCK-09FF-G11A-057,"Sylvia Wambui Barasa","Grade 11 A",Female,"Mbita High School",09ffbd1d-7fd8-4a42-9ca4-056e0fb75966
mock_09ffbd1d_G11A_058,MOCK-09FF-G11A-058,"Lydia Kibet Kiplagat","Grade 11 A",Female,"Mbita High School",09ffbd1d-7fd8-4a42-9ca4-056e0fb75966
mock_09ffbd1d_G11A_059,MOCK-09FF-G11A-059,"Eric Njoroge Mutiso","Grade 11 A",Male,"Mbita High School",09ffbd1d-7fd8-4a42-9ca4-056e0fb75966
mock_09ffbd1d_G11A_060,MOCK-09FF-G11A-060,"Lucy Chepkemoi Odhiambo","Grade 11 A",Female,"Mbita High School",09ffbd1d-7fd8-4a42-9ca4-056e0fb75966
mock_09ffbd1d_G11B_001,MOCK-09FF-G11B-001,"Peter Mutiso Wanjiru","Grade 11 B",Male,"Mbita High School",09ffbd1d-7fd8-4a42-9ca4-056e0fb75966
mock_09ffbd1d_G11B_002,MOCK-09FF-G11B-002,"Joy Ochieng Mutua","Grade 11 B",Female,"Mbita High School",09ffbd1d-7fd8-4a42-9ca4-056e0fb75966
mock_09ffbd1d_G11B_003,MOCK-09FF-G11B-003,"Collins Wafula Onyango","Grade 11 B",Male,"Mbita High School",09ffbd1d-7fd8-4a42-9ca4-056e0fb75966
mock_09ffbd1d_G11B_004,MOCK-09FF-G11B-004,"Gideon Akinyi Omondi","Grade 11 B",Male,"Mbita High School",09ffbd1d-7fd8-4a42-9ca4-056e0fb75966
mock_09ffbd1d_G11B_005,MOCK-09FF-G11B-005,"Charles Mutiso Njeri","Grade 11 B",Male,"Mbita High School",09ffbd1d-7fd8-4a42-9ca4-056e0fb75966
mock_09ffbd1d_G11B_006,MOCK-09FF-G11B-006,"Elvis Mwangi Maina","Grade 11 B",Male,"Mbita High School",09ffbd1d-7fd8-4a42-9ca4-056e0fb75966
mock_09ffbd1d_G11B_007,MOCK-09FF-G11B-007,"Emmanuel Mutiso Juma","Grade 11 B",Male,"Mbita High School",09ffbd1d-7fd8-4a42-9ca4-056e0fb75966
mock_09ffbd1d_G11B_008,MOCK-09FF-G11B-008,"Christine Wanjiru Wanjiru","Grade 11 B",Female,"Mbita High School",09ffbd1d-7fd8-4a42-9ca4-056e0fb75966
mock_09ffbd1d_G11B_009,MOCK-09FF-G11B-009,"Christine Onyango Njeri","Grade 11 B",Female,"Mbita High School",09ffbd1d-7fd8-4a42-9ca4-056e0fb75966
mock_09ffbd1d_G11B_010,MOCK-09FF-G11B-010,"Eunice Maina Achieng","Grade 11 B",Female,"Mbita High School",09ffbd1d-7fd8-4a42-9ca4-056e0fb75966
mock_09ffbd1d_G11B_011,MOCK-09FF-G11B-011,"Allan Mutiso Wafula","Grade 11 B",Male,"Mbita High School",09ffbd1d-7fd8-4a42-9ca4-056e0fb75966
mock_09ffbd1d_G11B_012,MOCK-09FF-G11B-012,"Anthony Kiplagat Wanjiru","Grade 11 B",Male,"Mbita High School",09ffbd1d-7fd8-4a42-9ca4-056e0fb75966
mock_09ffbd1d_G11B_013,MOCK-09FF-G11B-013,"Emmanuel Wanjiru Gitau","Grade 11 B",Male,"Mbita High School",09ffbd1d-7fd8-4a42-9ca4-056e0fb75966
mock_09ffbd1d_G11B_014,MOCK-09FF-G11B-014,"Sharon Akinyi Kiplagat","Grade 11 B",Female,"Mbita High School",09ffbd1d-7fd8-4a42-9ca4-056e0fb75966
mock_09ffbd1d_G11B_015,MOCK-09FF-G11B-015,"Caroline Korir Mwangi","Grade 11 B",Female,"Mbita High School",09ffbd1d-7fd8-4a42-9ca4-056e0fb75966
mock_09ffbd1d_G11B_016,MOCK-09FF-G11B-016,"Valentine Wafula Auma","Grade 11 B",Female,"Mbita High School",09ffbd1d-7fd8-4a42-9ca4-056e0fb75966
mock_09ffbd1d_G11B_017,MOCK-09FF-G11B-017,"Nicholas Kariuki Mutua","Grade 11 B",Male,"Mbita High School",09ffbd1d-7fd8-4a42-9ca4-056e0fb75966
mock_09ffbd1d_G11B_018,MOCK-09FF-G11B-018,"Felix Ochieng Onyango","Grade 11 B",Male,"Mbita High School",09ffbd1d-7fd8-4a42-9ca4-056e0fb75966
mock_09ffbd1d_G11B_019,MOCK-09FF-G11B-019,"Doreen Chepkemoi Cheruiyot","Grade 11 B",Female,"Mbita High School",09ffbd1d-7fd8-4a42-9ca4-056e0fb75966
mock_09ffbd1d_G11B_020,MOCK-09FF-G11B-020,"Mary Atieno Mwangi","Grade 11 B",Female,"Mbita High School",09ffbd1d-7fd8-4a42-9ca4-056e0fb75966
mock_09ffbd1d_G11B_021,MOCK-09FF-G11B-021,"Beatrice Gitau Kariuki","Grade 11 B",Female,"Mbita High School",09ffbd1d-7fd8-4a42-9ca4-056e0fb75966
mock_09ffbd1d_G11B_022,MOCK-09FF-G11B-022,"Doreen Onyango Nyambura","Grade 11 B",Female,"Mbita High School",09ffbd1d-7fd8-4a42-9ca4-056e0fb75966
mock_09ffbd1d_G11B_023,MOCK-09FF-G11B-023,"Duncan Omondi Nyambura","Grade 11 B",Male,"Mbita High School",09ffbd1d-7fd8-4a42-9ca4-056e0fb75966
mock_09ffbd1d_G11B_024,MOCK-09FF-G11B-024,"Fredrick Mutiso Kiplagat","Grade 11 B",Male,"Mbita High School",09ffbd1d-7fd8-4a42-9ca4-056e0fb75966
mock_09ffbd1d_G11B_025,MOCK-09FF-G11B-025,"Beatrice Odhiambo Wanjiru","Grade 11 B",Female,"Mbita High School",09ffbd1d-7fd8-4a42-9ca4-056e0fb75966
mock_09ffbd1d_G11B_026,MOCK-09FF-G11B-026,"Elvis Kariuki Owino","Grade 11 B",Male,"Mbita High School",09ffbd1d-7fd8-4a42-9ca4-056e0fb75966
mock_09ffbd1d_G11B_027,MOCK-09FF-G11B-027,"Fredrick Mwangi Cheruiyot","Grade 11 B",Male,"Mbita High School",09ffbd1d-7fd8-4a42-9ca4-056e0fb75966
mock_09ffbd1d_G11B_028,MOCK-09FF-G11B-028,"Martin Onyango Njoroge","Grade 11 B",Male,"Mbita High School",09ffbd1d-7fd8-4a42-9ca4-056e0fb75966
mock_09ffbd1d_G11B_029,MOCK-09FF-G11B-029,"Esther Kibet Omondi","Grade 11 B",Female,"Mbita High School",09ffbd1d-7fd8-4a42-9ca4-056e0fb75966
mock_09ffbd1d_G11B_030,MOCK-09FF-G11B-030,"Valentine Kibet Auma","Grade 11 B",Female,"Mbita High School",09ffbd1d-7fd8-4a42-9ca4-056e0fb75966
mock_09ffbd1d_G11B_031,MOCK-09FF-G11B-031,"Diana Gitau Wairimu","Grade 11 B",Female,"Mbita High School",09ffbd1d-7fd8-4a42-9ca4-056e0fb75966
mock_09ffbd1d_G11B_032,MOCK-09FF-G11B-032,"Elvis Wairimu Njeri","Grade 11 B",Male,"Mbita High School",09ffbd1d-7fd8-4a42-9ca4-056e0fb75966
mock_09ffbd1d_G11B_033,MOCK-09FF-G11B-033,"Winnie Kariuki Owino","Grade 11 B",Female,"Mbita High School",09ffbd1d-7fd8-4a42-9ca4-056e0fb75966
mock_09ffbd1d_G11B_034,MOCK-09FF-G11B-034,"Felix Chebet Mutua","Grade 11 B",Male,"Mbita High School",09ffbd1d-7fd8-4a42-9ca4-056e0fb75966
mock_09ffbd1d_G11B_035,MOCK-09FF-G11B-035,"Doreen Kiplagat Mbugua","Grade 11 B",Female,"Mbita High School",09ffbd1d-7fd8-4a42-9ca4-056e0fb75966
mock_09ffbd1d_G11B_036,MOCK-09FF-G11B-036,"Brenda Atieno Barasa","Grade 11 B",Female,"Mbita High School",09ffbd1d-7fd8-4a42-9ca4-056e0fb75966
mock_09ffbd1d_G11B_037,MOCK-09FF-G11B-037,"Felix Otieno Atieno","Grade 11 B",Male,"Mbita High School",09ffbd1d-7fd8-4a42-9ca4-056e0fb75966
mock_09ffbd1d_G11B_038,MOCK-09FF-G11B-038,"Ann Njeri Kiplagat","Grade 11 B",Female,"Mbita High School",09ffbd1d-7fd8-4a42-9ca4-056e0fb75966
mock_09ffbd1d_G11B_039,MOCK-09FF-G11B-039,"Diana Njeri Maina","Grade 11 B",Female,"Mbita High School",09ffbd1d-7fd8-4a42-9ca4-056e0fb75966
mock_09ffbd1d_G11B_040,MOCK-09FF-G11B-040,"Doreen Chepkemoi Mutiso","Grade 11 B",Female,"Mbita High School",09ffbd1d-7fd8-4a42-9ca4-056e0fb75966
mock_09ffbd1d_G11B_041,MOCK-09FF-G11B-041,"Elvis Cheruiyot Kamau","Grade 11 B",Male,"Mbita High School",09ffbd1d-7fd8-4a42-9ca4-056e0fb75966
mock_09ffbd1d_G11B_042,MOCK-09FF-G11B-042,"Peter Wanjiru Barasa","Grade 11 B",Male,"Mbita High School",09ffbd1d-7fd8-4a42-9ca4-056e0fb75966
mock_09ffbd1d_G11B_043,MOCK-09FF-G11B-043,"Christine Nyambura Were","Grade 11 B",Female,"Mbita High School",09ffbd1d-7fd8-4a42-9ca4-056e0fb75966
mock_09ffbd1d_G11B_044,MOCK-09FF-G11B-044,"Anthony Otieno Cheruiyot","Grade 11 B",Male,"Mbita High School",09ffbd1d-7fd8-4a42-9ca4-056e0fb75966
mock_09ffbd1d_G11B_045,MOCK-09FF-G11B-045,"Lydia Omondi Mwangi","Grade 11 B",Female,"Mbita High School",09ffbd1d-7fd8-4a42-9ca4-056e0fb75966
mock_09ffbd1d_G11B_046,MOCK-09FF-G11B-046,"Linet Njeri Chebet","Grade 11 B",Female,"Mbita High School",09ffbd1d-7fd8-4a42-9ca4-056e0fb75966
mock_09ffbd1d_G11B_047,MOCK-09FF-G11B-047,"Caroline Karanja Otieno","Grade 11 B",Female,"Mbita High School",09ffbd1d-7fd8-4a42-9ca4-056e0fb75966
mock_09ffbd1d_G11B_048,MOCK-09FF-G11B-048,"Cornelius Auma Karanja","Grade 11 B",Male,"Mbita High School",09ffbd1d-7fd8-4a42-9ca4-056e0fb75966
mock_09ffbd1d_G11B_049,MOCK-09FF-G11B-049,"Joy Barasa Maina","Grade 11 B",Female,"Mbita High School",09ffbd1d-7fd8-4a42-9ca4-056e0fb75966
mock_09ffbd1d_G11B_050,MOCK-09FF-G11B-050,"Valentine Nyokabi Kibet","Grade 11 B",Female,"Mbita High School",09ffbd1d-7fd8-4a42-9ca4-056e0fb75966
mock_09ffbd1d_G11B_051,MOCK-09FF-G11B-051,"Kelvin Achieng Atieno","Grade 11 B",Male,"Mbita High School",09ffbd1d-7fd8-4a42-9ca4-056e0fb75966
mock_09ffbd1d_G11B_052,MOCK-09FF-G11B-052,"Janet Wanjiru Achieng","Grade 11 B",Female,"Mbita High School",09ffbd1d-7fd8-4a42-9ca4-056e0fb75966
mock_09ffbd1d_G11B_053,MOCK-09FF-G11B-053,"Collins Chebet Wafula","Grade 11 B",Male,"Mbita High School",09ffbd1d-7fd8-4a42-9ca4-056e0fb75966
mock_09ffbd1d_G11B_054,MOCK-09FF-G11B-054,"Rose Adhiambo Otieno","Grade 11 B",Female,"Mbita High School",09ffbd1d-7fd8-4a42-9ca4-056e0fb75966
mock_09ffbd1d_G11B_055,MOCK-09FF-G11B-055,"Sylvia Otieno Auma","Grade 11 B",Female,"Mbita High School",09ffbd1d-7fd8-4a42-9ca4-056e0fb75966
mock_09ffbd1d_G11B_056,MOCK-09FF-G11B-056,"Kelvin Chebet Owino","Grade 11 B",Male,"Mbita High School",09ffbd1d-7fd8-4a42-9ca4-056e0fb75966
mock_09ffbd1d_G11B_057,MOCK-09FF-G11B-057,"Joseph Kipchoge Njeri","Grade 11 B",Male,"Mbita High School",09ffbd1d-7fd8-4a42-9ca4-056e0fb75966
mock_09ffbd1d_G11B_058,MOCK-09FF-G11B-058,"Ann Gitau Atieno","Grade 11 B",Female,"Mbita High School",09ffbd1d-7fd8-4a42-9ca4-056e0fb75966
mock_09ffbd1d_G11B_059,MOCK-09FF-G11B-059,"Gideon Rotich Chebet","Grade 11 B",Male,"Mbita High School",09ffbd1d-7fd8-4a42-9ca4-056e0fb75966
mock_09ffbd1d_G11B_060,MOCK-09FF-G11B-060,"Eric Nyambura Adhiambo","Grade 11 B",Male,"Mbita High School",09ffbd1d-7fd8-4a42-9ca4-056e0fb75966
mock_09ffbd1d_G12A_001,MOCK-09FF-G12A-001,"Faith Nyokabi Kibet","Grade 12 A",Female,"Mbita High School",09ffbd1d-7fd8-4a42-9ca4-056e0fb75966
mock_09ffbd1d_G12A_002,MOCK-09FF-G12A-002,"Cynthia Wafula Akinyi","Grade 12 A",Female,"Mbita High School",09ffbd1d-7fd8-4a42-9ca4-056e0fb75966
mock_09ffbd1d_G12A_003,MOCK-09FF-G12A-003,"Fredrick Kamau Onyango","Grade 12 A",Male,"Mbita High School",09ffbd1d-7fd8-4a42-9ca4-056e0fb75966
mock_09ffbd1d_G12A_004,MOCK-09FF-G12A-004,"Peter Mbugua Auma","Grade 12 A",Male,"Mbita High School",09ffbd1d-7fd8-4a42-9ca4-056e0fb75966
mock_09ffbd1d_G12A_005,MOCK-09FF-G12A-005,"Lydia Mutua Were","Grade 12 A",Female,"Mbita High School",09ffbd1d-7fd8-4a42-9ca4-056e0fb75966
mock_09ffbd1d_G12A_006,MOCK-09FF-G12A-006,"Martin Otieno Maina","Grade 12 A",Male,"Mbita High School",09ffbd1d-7fd8-4a42-9ca4-056e0fb75966
mock_09ffbd1d_G12A_007,MOCK-09FF-G12A-007,"Vincent Gitau Otieno","Grade 12 A",Male,"Mbita High School",09ffbd1d-7fd8-4a42-9ca4-056e0fb75966
mock_09ffbd1d_G12A_008,MOCK-09FF-G12A-008,"Grace Owino Kipchoge","Grade 12 A",Female,"Mbita High School",09ffbd1d-7fd8-4a42-9ca4-056e0fb75966
mock_09ffbd1d_G12A_009,MOCK-09FF-G12A-009,"Samuel Akinyi Mutua","Grade 12 A",Male,"Mbita High School",09ffbd1d-7fd8-4a42-9ca4-056e0fb75966
mock_09ffbd1d_G12A_010,MOCK-09FF-G12A-010,"Peter Rotich Korir","Grade 12 A",Male,"Mbita High School",09ffbd1d-7fd8-4a42-9ca4-056e0fb75966
mock_09ffbd1d_G12A_011,MOCK-09FF-G12A-011,"Allan Atieno Wambui","Grade 12 A",Male,"Mbita High School",09ffbd1d-7fd8-4a42-9ca4-056e0fb75966
mock_09ffbd1d_G12A_012,MOCK-09FF-G12A-012,"Duncan Omondi Onyango","Grade 12 A",Male,"Mbita High School",09ffbd1d-7fd8-4a42-9ca4-056e0fb75966
mock_09ffbd1d_G12A_013,MOCK-09FF-G12A-013,"Linet Mbugua Owino","Grade 12 A",Female,"Mbita High School",09ffbd1d-7fd8-4a42-9ca4-056e0fb75966
mock_09ffbd1d_G12A_014,MOCK-09FF-G12A-014,"Elvis Odhiambo Cheruiyot","Grade 12 A",Male,"Mbita High School",09ffbd1d-7fd8-4a42-9ca4-056e0fb75966
mock_09ffbd1d_G12A_015,MOCK-09FF-G12A-015,"Kelvin Kibet Wairimu","Grade 12 A",Male,"Mbita High School",09ffbd1d-7fd8-4a42-9ca4-056e0fb75966
mock_09ffbd1d_G12A_016,MOCK-09FF-G12A-016,"Brian Otieno Were","Grade 12 A",Male,"Mbita High School",09ffbd1d-7fd8-4a42-9ca4-056e0fb75966
mock_09ffbd1d_G12A_017,MOCK-09FF-G12A-017,"Stella Wanjiru Njeri","Grade 12 A",Female,"Mbita High School",09ffbd1d-7fd8-4a42-9ca4-056e0fb75966
mock_09ffbd1d_G12A_018,MOCK-09FF-G12A-018,"Allan Mbugua Wanjiru","Grade 12 A",Male,"Mbita High School",09ffbd1d-7fd8-4a42-9ca4-056e0fb75966
mock_09ffbd1d_G12A_019,MOCK-09FF-G12A-019,"Winnie Odhiambo Nyambura","Grade 12 A",Female,"Mbita High School",09ffbd1d-7fd8-4a42-9ca4-056e0fb75966
mock_09ffbd1d_G12A_020,MOCK-09FF-G12A-020,"Joseph Adhiambo Onyango","Grade 12 A",Male,"Mbita High School",09ffbd1d-7fd8-4a42-9ca4-056e0fb75966
mock_09ffbd1d_G12A_021,MOCK-09FF-G12A-021,"Elvis Akinyi Auma","Grade 12 A",Male,"Mbita High School",09ffbd1d-7fd8-4a42-9ca4-056e0fb75966
mock_09ffbd1d_G12A_022,MOCK-09FF-G12A-022,"Nancy Cheruiyot Kariuki","Grade 12 A",Female,"Mbita High School",09ffbd1d-7fd8-4a42-9ca4-056e0fb75966
mock_09ffbd1d_G12A_023,MOCK-09FF-G12A-023,"Patrick Wafula Kipchoge","Grade 12 A",Male,"Mbita High School",09ffbd1d-7fd8-4a42-9ca4-056e0fb75966
mock_09ffbd1d_G12A_024,MOCK-09FF-G12A-024,"Ann Wairimu Owino","Grade 12 A",Female,"Mbita High School",09ffbd1d-7fd8-4a42-9ca4-056e0fb75966
mock_09ffbd1d_G12A_025,MOCK-09FF-G12A-025,"Dennis Mbugua Rotich","Grade 12 A",Male,"Mbita High School",09ffbd1d-7fd8-4a42-9ca4-056e0fb75966
mock_09ffbd1d_G12A_026,MOCK-09FF-G12A-026,"Maureen Akinyi Ochieng","Grade 12 A",Female,"Mbita High School",09ffbd1d-7fd8-4a42-9ca4-056e0fb75966
mock_09ffbd1d_G12A_027,MOCK-09FF-G12A-027,"Janet Auma Kamau","Grade 12 A",Female,"Mbita High School",09ffbd1d-7fd8-4a42-9ca4-056e0fb75966
mock_09ffbd1d_G12A_028,MOCK-09FF-G12A-028,"Anthony Nyambura Were","Grade 12 A",Male,"Mbita High School",09ffbd1d-7fd8-4a42-9ca4-056e0fb75966
mock_09ffbd1d_G12A_029,MOCK-09FF-G12A-029,"Lucy Maina Maina","Grade 12 A",Female,"Mbita High School",09ffbd1d-7fd8-4a42-9ca4-056e0fb75966
mock_09ffbd1d_G12A_030,MOCK-09FF-G12A-030,"Samuel Auma Gitau","Grade 12 A",Male,"Mbita High School",09ffbd1d-7fd8-4a42-9ca4-056e0fb75966
mock_09ffbd1d_G12A_031,MOCK-09FF-G12A-031,"Rose Onyango Mutiso","Grade 12 A",Female,"Mbita High School",09ffbd1d-7fd8-4a42-9ca4-056e0fb75966
mock_09ffbd1d_G12A_032,MOCK-09FF-G12A-032,"Brenda Njoroge Wairimu","Grade 12 A",Female,"Mbita High School",09ffbd1d-7fd8-4a42-9ca4-056e0fb75966
mock_09ffbd1d_G12A_033,MOCK-09FF-G12A-033,"Purity Rotich Otieno","Grade 12 A",Female,"Mbita High School",09ffbd1d-7fd8-4a42-9ca4-056e0fb75966
mock_09ffbd1d_G12A_034,MOCK-09FF-G12A-034,"Joseph Chebet Wairimu","Grade 12 A",Male,"Mbita High School",09ffbd1d-7fd8-4a42-9ca4-056e0fb75966
mock_09ffbd1d_G12A_035,MOCK-09FF-G12A-035,"Doreen Maina Onyango","Grade 12 A",Female,"Mbita High School",09ffbd1d-7fd8-4a42-9ca4-056e0fb75966
mock_09ffbd1d_G12A_036,MOCK-09FF-G12A-036,"Elvis Korir Cheruiyot","Grade 12 A",Male,"Mbita High School",09ffbd1d-7fd8-4a42-9ca4-056e0fb75966
mock_09ffbd1d_G12A_037,MOCK-09FF-G12A-037,"Lucy Achieng Ochieng","Grade 12 A",Female,"Mbita High School",09ffbd1d-7fd8-4a42-9ca4-056e0fb75966
mock_09ffbd1d_G12A_038,MOCK-09FF-G12A-038,"Eunice Cheruiyot Kariuki","Grade 12 A",Female,"Mbita High School",09ffbd1d-7fd8-4a42-9ca4-056e0fb75966
mock_09ffbd1d_G12A_039,MOCK-09FF-G12A-039,"Nancy Juma Kariuki","Grade 12 A",Female,"Mbita High School",09ffbd1d-7fd8-4a42-9ca4-056e0fb75966
mock_09ffbd1d_G12A_040,MOCK-09FF-G12A-040,"Kelvin Were Atieno","Grade 12 A",Male,"Mbita High School",09ffbd1d-7fd8-4a42-9ca4-056e0fb75966
mock_09ffbd1d_G12A_041,MOCK-09FF-G12A-041,"Cynthia Ochieng Kamau","Grade 12 A",Female,"Mbita High School",09ffbd1d-7fd8-4a42-9ca4-056e0fb75966
mock_09ffbd1d_G12A_042,MOCK-09FF-G12A-042,"Lydia Owino Auma","Grade 12 A",Female,"Mbita High School",09ffbd1d-7fd8-4a42-9ca4-056e0fb75966
mock_09ffbd1d_G12A_043,MOCK-09FF-G12A-043,"Vincent Odhiambo Gitau","Grade 12 A",Male,"Mbita High School",09ffbd1d-7fd8-4a42-9ca4-056e0fb75966
mock_09ffbd1d_G12A_044,MOCK-09FF-G12A-044,"Pauline Akinyi Nyokabi","Grade 12 A",Female,"Mbita High School",09ffbd1d-7fd8-4a42-9ca4-056e0fb75966
mock_09ffbd1d_G12A_045,MOCK-09FF-G12A-045,"Kelvin Mwangi Kariuki","Grade 12 A",Male,"Mbita High School",09ffbd1d-7fd8-4a42-9ca4-056e0fb75966
mock_09ffbd1d_G12A_046,MOCK-09FF-G12A-046,"Fredrick Omondi Rotich","Grade 12 A",Male,"Mbita High School",09ffbd1d-7fd8-4a42-9ca4-056e0fb75966
mock_09ffbd1d_G12A_047,MOCK-09FF-G12A-047,"Purity Wambui Cheruiyot","Grade 12 A",Female,"Mbita High School",09ffbd1d-7fd8-4a42-9ca4-056e0fb75966
mock_09ffbd1d_G12A_048,MOCK-09FF-G12A-048,"Daniel Kamau Cheruiyot","Grade 12 A",Male,"Mbita High School",09ffbd1d-7fd8-4a42-9ca4-056e0fb75966
mock_09ffbd1d_G12A_049,MOCK-09FF-G12A-049,"Nancy Chepkemoi Kariuki","Grade 12 A",Female,"Mbita High School",09ffbd1d-7fd8-4a42-9ca4-056e0fb75966
mock_09ffbd1d_G12A_050,MOCK-09FF-G12A-050,"Mitchelle Gitau Maina","Grade 12 A",Female,"Mbita High School",09ffbd1d-7fd8-4a42-9ca4-056e0fb75966
mock_09ffbd1d_G12A_051,MOCK-09FF-G12A-051,"Stephen Were Korir","Grade 12 A",Male,"Mbita High School",09ffbd1d-7fd8-4a42-9ca4-056e0fb75966
mock_09ffbd1d_G12A_052,MOCK-09FF-G12A-052,"Samuel Wambui Barasa","Grade 12 A",Male,"Mbita High School",09ffbd1d-7fd8-4a42-9ca4-056e0fb75966
mock_09ffbd1d_G12A_053,MOCK-09FF-G12A-053,"Eunice Kiplagat Wafula","Grade 12 A",Female,"Mbita High School",09ffbd1d-7fd8-4a42-9ca4-056e0fb75966
mock_09ffbd1d_G12A_054,MOCK-09FF-G12A-054,"Pauline Gitau Onyango","Grade 12 A",Female,"Mbita High School",09ffbd1d-7fd8-4a42-9ca4-056e0fb75966
mock_09ffbd1d_G12A_055,MOCK-09FF-G12A-055,"Caroline Nyambura Otieno","Grade 12 A",Female,"Mbita High School",09ffbd1d-7fd8-4a42-9ca4-056e0fb75966
mock_09ffbd1d_G12A_056,MOCK-09FF-G12A-056,"Anthony Wafula Njoroge","Grade 12 A",Male,"Mbita High School",09ffbd1d-7fd8-4a42-9ca4-056e0fb75966
mock_09ffbd1d_G12A_057,MOCK-09FF-G12A-057,"Ian Kariuki Otieno","Grade 12 A",Male,"Mbita High School",09ffbd1d-7fd8-4a42-9ca4-056e0fb75966
mock_09ffbd1d_G12A_058,MOCK-09FF-G12A-058,"Mercy Wambui Otieno","Grade 12 A",Female,"Mbita High School",09ffbd1d-7fd8-4a42-9ca4-056e0fb75966
mock_09ffbd1d_G12A_059,MOCK-09FF-G12A-059,"Elvis Mwangi Kamau","Grade 12 A",Male,"Mbita High School",09ffbd1d-7fd8-4a42-9ca4-056e0fb75966
mock_09ffbd1d_G12A_060,MOCK-09FF-G12A-060,"Diana Onyango Karanja","Grade 12 A",Female,"Mbita High School",09ffbd1d-7fd8-4a42-9ca4-056e0fb75966
mock_09ffbd1d_G12B_001,MOCK-09FF-G12B-001,"Cornelius Kariuki Auma","Grade 12 B",Male,"Mbita High School",09ffbd1d-7fd8-4a42-9ca4-056e0fb75966
mock_09ffbd1d_G12B_002,MOCK-09FF-G12B-002,"Kevin Kibet Kamau","Grade 12 B",Male,"Mbita High School",09ffbd1d-7fd8-4a42-9ca4-056e0fb75966
mock_09ffbd1d_G12B_003,MOCK-09FF-G12B-003,"Peter Nyokabi Were","Grade 12 B",Male,"Mbita High School",09ffbd1d-7fd8-4a42-9ca4-056e0fb75966
mock_09ffbd1d_G12B_004,MOCK-09FF-G12B-004,"Pauline Mwangi Maina","Grade 12 B",Female,"Mbita High School",09ffbd1d-7fd8-4a42-9ca4-056e0fb75966
mock_09ffbd1d_G12B_005,MOCK-09FF-G12B-005,"Kelvin Wambui Odhiambo","Grade 12 B",Male,"Mbita High School",09ffbd1d-7fd8-4a42-9ca4-056e0fb75966
mock_09ffbd1d_G12B_006,MOCK-09FF-G12B-006,"Patrick Nyokabi Njeri","Grade 12 B",Male,"Mbita High School",09ffbd1d-7fd8-4a42-9ca4-056e0fb75966
mock_09ffbd1d_G12B_007,MOCK-09FF-G12B-007,"Stephen Nyambura Auma","Grade 12 B",Male,"Mbita High School",09ffbd1d-7fd8-4a42-9ca4-056e0fb75966
mock_09ffbd1d_G12B_008,MOCK-09FF-G12B-008,"George Omondi Akinyi","Grade 12 B",Male,"Mbita High School",09ffbd1d-7fd8-4a42-9ca4-056e0fb75966
mock_09ffbd1d_G12B_009,MOCK-09FF-G12B-009,"Winnie Kariuki Atieno","Grade 12 B",Female,"Mbita High School",09ffbd1d-7fd8-4a42-9ca4-056e0fb75966
mock_09ffbd1d_G12B_010,MOCK-09FF-G12B-010,"Felix Achieng Rotich","Grade 12 B",Male,"Mbita High School",09ffbd1d-7fd8-4a42-9ca4-056e0fb75966
mock_09ffbd1d_G12B_011,MOCK-09FF-G12B-011,"Daniel Otieno Kamau","Grade 12 B",Male,"Mbita High School",09ffbd1d-7fd8-4a42-9ca4-056e0fb75966
mock_09ffbd1d_G12B_012,MOCK-09FF-G12B-012,"Cynthia Achieng Mutua","Grade 12 B",Female,"Mbita High School",09ffbd1d-7fd8-4a42-9ca4-056e0fb75966
mock_09ffbd1d_G12B_013,MOCK-09FF-G12B-013,"Gideon Otieno Njoroge","Grade 12 B",Male,"Mbita High School",09ffbd1d-7fd8-4a42-9ca4-056e0fb75966
mock_09ffbd1d_G12B_014,MOCK-09FF-G12B-014,"Kelvin Kiplagat Nyokabi","Grade 12 B",Male,"Mbita High School",09ffbd1d-7fd8-4a42-9ca4-056e0fb75966
mock_09ffbd1d_G12B_015,MOCK-09FF-G12B-015,"Stella Mutua Wambui","Grade 12 B",Female,"Mbita High School",09ffbd1d-7fd8-4a42-9ca4-056e0fb75966
mock_09ffbd1d_G12B_016,MOCK-09FF-G12B-016,"Cynthia Gitau Auma","Grade 12 B",Female,"Mbita High School",09ffbd1d-7fd8-4a42-9ca4-056e0fb75966
mock_09ffbd1d_G12B_017,MOCK-09FF-G12B-017,"Samuel Adhiambo Simiyu","Grade 12 B",Male,"Mbita High School",09ffbd1d-7fd8-4a42-9ca4-056e0fb75966
mock_09ffbd1d_G12B_018,MOCK-09FF-G12B-018,"Janet Mutua Juma","Grade 12 B",Female,"Mbita High School",09ffbd1d-7fd8-4a42-9ca4-056e0fb75966
mock_09ffbd1d_G12B_019,MOCK-09FF-G12B-019,"Diana Were Cheruiyot","Grade 12 B",Female,"Mbita High School",09ffbd1d-7fd8-4a42-9ca4-056e0fb75966
mock_09ffbd1d_G12B_020,MOCK-09FF-G12B-020,"Lydia Owino Kipchoge","Grade 12 B",Female,"Mbita High School",09ffbd1d-7fd8-4a42-9ca4-056e0fb75966
mock_09ffbd1d_G12B_021,MOCK-09FF-G12B-021,"Elvis Maina Auma","Grade 12 B",Male,"Mbita High School",09ffbd1d-7fd8-4a42-9ca4-056e0fb75966
mock_09ffbd1d_G12B_022,MOCK-09FF-G12B-022,"Winnie Ochieng Auma","Grade 12 B",Female,"Mbita High School",09ffbd1d-7fd8-4a42-9ca4-056e0fb75966
mock_09ffbd1d_G12B_023,MOCK-09FF-G12B-023,"Rose Owino Juma","Grade 12 B",Female,"Mbita High School",09ffbd1d-7fd8-4a42-9ca4-056e0fb75966
mock_09ffbd1d_G12B_024,MOCK-09FF-G12B-024,"Cornelius Wairimu Adhiambo","Grade 12 B",Male,"Mbita High School",09ffbd1d-7fd8-4a42-9ca4-056e0fb75966
mock_09ffbd1d_G12B_025,MOCK-09FF-G12B-025,"Janet Mutua Kamau","Grade 12 B",Female,"Mbita High School",09ffbd1d-7fd8-4a42-9ca4-056e0fb75966
mock_09ffbd1d_G12B_026,MOCK-09FF-G12B-026,"Winnie Kariuki Chepkemoi","Grade 12 B",Female,"Mbita High School",09ffbd1d-7fd8-4a42-9ca4-056e0fb75966
mock_09ffbd1d_G12B_027,MOCK-09FF-G12B-027,"Michael Njeri Mbugua","Grade 12 B",Male,"Mbita High School",09ffbd1d-7fd8-4a42-9ca4-056e0fb75966
mock_09ffbd1d_G12B_028,MOCK-09FF-G12B-028,"Eunice Gitau Kiplagat","Grade 12 B",Female,"Mbita High School",09ffbd1d-7fd8-4a42-9ca4-056e0fb75966
mock_09ffbd1d_G12B_029,MOCK-09FF-G12B-029,"Collins Kamau Njeri","Grade 12 B",Male,"Mbita High School",09ffbd1d-7fd8-4a42-9ca4-056e0fb75966
mock_09ffbd1d_G12B_030,MOCK-09FF-G12B-030,"Caroline Adhiambo Owino","Grade 12 B",Female,"Mbita High School",09ffbd1d-7fd8-4a42-9ca4-056e0fb75966
mock_09ffbd1d_G12B_031,MOCK-09FF-G12B-031,"Martin Nyokabi Chebet","Grade 12 B",Male,"Mbita High School",09ffbd1d-7fd8-4a42-9ca4-056e0fb75966
mock_09ffbd1d_G12B_032,MOCK-09FF-G12B-032,"Emmanuel Juma Onyango","Grade 12 B",Male,"Mbita High School",09ffbd1d-7fd8-4a42-9ca4-056e0fb75966
mock_09ffbd1d_G12B_033,MOCK-09FF-G12B-033,"Allan Otieno Simiyu","Grade 12 B",Male,"Mbita High School",09ffbd1d-7fd8-4a42-9ca4-056e0fb75966
mock_09ffbd1d_G12B_034,MOCK-09FF-G12B-034,"Elvis Barasa Onyango","Grade 12 B",Male,"Mbita High School",09ffbd1d-7fd8-4a42-9ca4-056e0fb75966
mock_09ffbd1d_G12B_035,MOCK-09FF-G12B-035,"Maureen Gitau Mbugua","Grade 12 B",Female,"Mbita High School",09ffbd1d-7fd8-4a42-9ca4-056e0fb75966
mock_09ffbd1d_G12B_036,MOCK-09FF-G12B-036,"Duncan Maina Kamau","Grade 12 B",Male,"Mbita High School",09ffbd1d-7fd8-4a42-9ca4-056e0fb75966
mock_09ffbd1d_G12B_037,MOCK-09FF-G12B-037,"Purity Wanjiru Auma","Grade 12 B",Female,"Mbita High School",09ffbd1d-7fd8-4a42-9ca4-056e0fb75966
mock_09ffbd1d_G12B_038,MOCK-09FF-G12B-038,"Doreen Korir Nyokabi","Grade 12 B",Female,"Mbita High School",09ffbd1d-7fd8-4a42-9ca4-056e0fb75966
mock_09ffbd1d_G12B_039,MOCK-09FF-G12B-039,"Eric Owino Karanja","Grade 12 B",Male,"Mbita High School",09ffbd1d-7fd8-4a42-9ca4-056e0fb75966
mock_09ffbd1d_G12B_040,MOCK-09FF-G12B-040,"Gideon Karanja Otieno","Grade 12 B",Male,"Mbita High School",09ffbd1d-7fd8-4a42-9ca4-056e0fb75966
mock_09ffbd1d_G12B_041,MOCK-09FF-G12B-041,"Anthony Wambui Omondi","Grade 12 B",Male,"Mbita High School",09ffbd1d-7fd8-4a42-9ca4-056e0fb75966
mock_09ffbd1d_G12B_042,MOCK-09FF-G12B-042,"Sharon Mutua Kariuki","Grade 12 B",Female,"Mbita High School",09ffbd1d-7fd8-4a42-9ca4-056e0fb75966
mock_09ffbd1d_G12B_043,MOCK-09FF-G12B-043,"Eric Wambui Chebet","Grade 12 B",Male,"Mbita High School",09ffbd1d-7fd8-4a42-9ca4-056e0fb75966
mock_09ffbd1d_G12B_044,MOCK-09FF-G12B-044,"Purity Wafula Mutua","Grade 12 B",Female,"Mbita High School",09ffbd1d-7fd8-4a42-9ca4-056e0fb75966
mock_09ffbd1d_G12B_045,MOCK-09FF-G12B-045,"Peter Gitau Owino","Grade 12 B",Male,"Mbita High School",09ffbd1d-7fd8-4a42-9ca4-056e0fb75966
mock_09ffbd1d_G12B_046,MOCK-09FF-G12B-046,"Brian Auma Akinyi","Grade 12 B",Male,"Mbita High School",09ffbd1d-7fd8-4a42-9ca4-056e0fb75966
mock_09ffbd1d_G12B_047,MOCK-09FF-G12B-047,"Stephen Rotich Kibet","Grade 12 B",Male,"Mbita High School",09ffbd1d-7fd8-4a42-9ca4-056e0fb75966
mock_09ffbd1d_G12B_048,MOCK-09FF-G12B-048,"Purity Auma Akinyi","Grade 12 B",Female,"Mbita High School",09ffbd1d-7fd8-4a42-9ca4-056e0fb75966
mock_09ffbd1d_G12B_049,MOCK-09FF-G12B-049,"Brian Karanja Onyango","Grade 12 B",Male,"Mbita High School",09ffbd1d-7fd8-4a42-9ca4-056e0fb75966
mock_09ffbd1d_G12B_050,MOCK-09FF-G12B-050,"Dennis Wairimu Karanja","Grade 12 B",Male,"Mbita High School",09ffbd1d-7fd8-4a42-9ca4-056e0fb75966
mock_09ffbd1d_G12B_051,MOCK-09FF-G12B-051,"Peter Karanja Simiyu","Grade 12 B",Male,"Mbita High School",09ffbd1d-7fd8-4a42-9ca4-056e0fb75966
mock_09ffbd1d_G12B_052,MOCK-09FF-G12B-052,"Felix Wanjiru Wambui","Grade 12 B",Male,"Mbita High School",09ffbd1d-7fd8-4a42-9ca4-056e0fb75966
mock_09ffbd1d_G12B_053,MOCK-09FF-G12B-053,"Vincent Auma Juma","Grade 12 B",Male,"Mbita High School",09ffbd1d-7fd8-4a42-9ca4-056e0fb75966
mock_09ffbd1d_G12B_054,MOCK-09FF-G12B-054,"Victor Auma Cheruiyot","Grade 12 B",Male,"Mbita High School",09ffbd1d-7fd8-4a42-9ca4-056e0fb75966
mock_09ffbd1d_G12B_055,MOCK-09FF-G12B-055,"Mary Akinyi Njeri","Grade 12 B",Female,"Mbita High School",09ffbd1d-7fd8-4a42-9ca4-056e0fb75966
mock_09ffbd1d_G12B_056,MOCK-09FF-G12B-056,"Joy Mbugua Rotich","Grade 12 B",Female,"Mbita High School",09ffbd1d-7fd8-4a42-9ca4-056e0fb75966
mock_09ffbd1d_G12B_057,MOCK-09FF-G12B-057,"Mitchelle Onyango Nyambura","Grade 12 B",Female,"Mbita High School",09ffbd1d-7fd8-4a42-9ca4-056e0fb75966
mock_09ffbd1d_G12B_058,MOCK-09FF-G12B-058,"Joy Nyambura Wambui","Grade 12 B",Female,"Mbita High School",09ffbd1d-7fd8-4a42-9ca4-056e0fb75966
mock_09ffbd1d_G12B_059,MOCK-09FF-G12B-059,"Pauline Ochieng Rotich","Grade 12 B",Female,"Mbita High School",09ffbd1d-7fd8-4a42-9ca4-056e0fb75966
mock_09ffbd1d_G12B_060,MOCK-09FF-G12B-060,"Caroline Onyango Njoroge","Grade 12 B",Female,"Mbita High School",09ffbd1d-7fd8-4a42-9ca4-056e0fb75966
mock_5240d3f2_G7A_001,MOCK-5240-G7A-001,"Joseph Ochieng Achieng","Grade 7 A",Male,"Morgopia",5240d3f2-f001-4f04-a3d1-9c1ab148c5c0
mock_5240d3f2_G7A_002,MOCK-5240-G7A-002,"Gideon Ochieng Barasa","Grade 7 A",Male,"Morgopia",5240d3f2-f001-4f04-a3d1-9c1ab148c5c0
mock_5240d3f2_G7A_003,MOCK-5240-G7A-003,"Sylvia Kariuki Korir","Grade 7 A",Female,"Morgopia",5240d3f2-f001-4f04-a3d1-9c1ab148c5c0
mock_5240d3f2_G7A_004,MOCK-5240-G7A-004,"Purity Simiyu Owino","Grade 7 A",Female,"Morgopia",5240d3f2-f001-4f04-a3d1-9c1ab148c5c0
mock_5240d3f2_G7A_005,MOCK-5240-G7A-005,"Kelvin Kiplagat Nyambura","Grade 7 A",Male,"Morgopia",5240d3f2-f001-4f04-a3d1-9c1ab148c5c0
mock_5240d3f2_G7A_006,MOCK-5240-G7A-006,"Nancy Njoroge Owino","Grade 7 A",Female,"Morgopia",5240d3f2-f001-4f04-a3d1-9c1ab148c5c0
mock_5240d3f2_G7A_007,MOCK-5240-G7A-007,"Diana Mwangi Kibet","Grade 7 A",Female,"Morgopia",5240d3f2-f001-4f04-a3d1-9c1ab148c5c0
mock_5240d3f2_G7A_008,MOCK-5240-G7A-008,"Valentine Mwangi Owino","Grade 7 A",Female,"Morgopia",5240d3f2-f001-4f04-a3d1-9c1ab148c5c0
mock_5240d3f2_G7A_009,MOCK-5240-G7A-009,"Kelvin Mutua Maina","Grade 7 A",Male,"Morgopia",5240d3f2-f001-4f04-a3d1-9c1ab148c5c0
mock_5240d3f2_G7A_010,MOCK-5240-G7A-010,"Collins Adhiambo Owino","Grade 7 A",Male,"Morgopia",5240d3f2-f001-4f04-a3d1-9c1ab148c5c0
mock_5240d3f2_G7A_011,MOCK-5240-G7A-011,"Eric Odhiambo Chepkemoi","Grade 7 A",Male,"Morgopia",5240d3f2-f001-4f04-a3d1-9c1ab148c5c0
mock_5240d3f2_G7A_012,MOCK-5240-G7A-012,"Kevin Karanja Maina","Grade 7 A",Male,"Morgopia",5240d3f2-f001-4f04-a3d1-9c1ab148c5c0
mock_5240d3f2_G7A_013,MOCK-5240-G7A-013,"Lucy Barasa Adhiambo","Grade 7 A",Female,"Morgopia",5240d3f2-f001-4f04-a3d1-9c1ab148c5c0
mock_5240d3f2_G7A_014,MOCK-5240-G7A-014,"Lucy Wambui Wanjiru","Grade 7 A",Female,"Morgopia",5240d3f2-f001-4f04-a3d1-9c1ab148c5c0
mock_5240d3f2_G7A_015,MOCK-5240-G7A-015,"Stephen Mwangi Kamau","Grade 7 A",Male,"Morgopia",5240d3f2-f001-4f04-a3d1-9c1ab148c5c0
mock_5240d3f2_G7A_016,MOCK-5240-G7A-016,"Doreen Juma Chebet","Grade 7 A",Female,"Morgopia",5240d3f2-f001-4f04-a3d1-9c1ab148c5c0
mock_5240d3f2_G7A_017,MOCK-5240-G7A-017,"Janet Juma Kiplagat","Grade 7 A",Female,"Morgopia",5240d3f2-f001-4f04-a3d1-9c1ab148c5c0
mock_5240d3f2_G7A_018,MOCK-5240-G7A-018,"Eric Omondi Were","Grade 7 A",Male,"Morgopia",5240d3f2-f001-4f04-a3d1-9c1ab148c5c0
mock_5240d3f2_G7A_019,MOCK-5240-G7A-019,"Mary Auma Odhiambo","Grade 7 A",Female,"Morgopia",5240d3f2-f001-4f04-a3d1-9c1ab148c5c0
mock_5240d3f2_G7A_020,MOCK-5240-G7A-020,"Faith Akinyi Kamau","Grade 7 A",Female,"Morgopia",5240d3f2-f001-4f04-a3d1-9c1ab148c5c0
mock_5240d3f2_G7A_021,MOCK-5240-G7A-021,"Esther Otieno Cheruiyot","Grade 7 A",Female,"Morgopia",5240d3f2-f001-4f04-a3d1-9c1ab148c5c0
mock_5240d3f2_G7A_022,MOCK-5240-G7A-022,"Grace Wanjiru Nyokabi","Grade 7 A",Female,"Morgopia",5240d3f2-f001-4f04-a3d1-9c1ab148c5c0
mock_5240d3f2_G7A_023,MOCK-5240-G7A-023,"Stella Mutiso Njeri","Grade 7 A",Female,"Morgopia",5240d3f2-f001-4f04-a3d1-9c1ab148c5c0
mock_5240d3f2_G7A_024,MOCK-5240-G7A-024,"Allan Korir Nyambura","Grade 7 A",Male,"Morgopia",5240d3f2-f001-4f04-a3d1-9c1ab148c5c0
mock_5240d3f2_G7A_025,MOCK-5240-G7A-025,"Sharon Odhiambo Mutiso","Grade 7 A",Female,"Morgopia",5240d3f2-f001-4f04-a3d1-9c1ab148c5c0
mock_5240d3f2_G7A_026,MOCK-5240-G7A-026,"Allan Kibet Njoroge","Grade 7 A",Male,"Morgopia",5240d3f2-f001-4f04-a3d1-9c1ab148c5c0
mock_5240d3f2_G7A_027,MOCK-5240-G7A-027,"Christine Achieng Karanja","Grade 7 A",Female,"Morgopia",5240d3f2-f001-4f04-a3d1-9c1ab148c5c0
mock_5240d3f2_G7A_028,MOCK-5240-G7A-028,"Esther Achieng Mutiso","Grade 7 A",Female,"Morgopia",5240d3f2-f001-4f04-a3d1-9c1ab148c5c0
mock_5240d3f2_G7A_029,MOCK-5240-G7A-029,"Allan Odhiambo Chepkemoi","Grade 7 A",Male,"Morgopia",5240d3f2-f001-4f04-a3d1-9c1ab148c5c0
mock_5240d3f2_G7A_030,MOCK-5240-G7A-030,"Kevin Wambui Nyambura","Grade 7 A",Male,"Morgopia",5240d3f2-f001-4f04-a3d1-9c1ab148c5c0
mock_5240d3f2_G7A_031,MOCK-5240-G7A-031,"Sharon Gitau Gitau","Grade 7 A",Female,"Morgopia",5240d3f2-f001-4f04-a3d1-9c1ab148c5c0
mock_5240d3f2_G7A_032,MOCK-5240-G7A-032,"Vincent Maina Kiplagat","Grade 7 A",Male,"Morgopia",5240d3f2-f001-4f04-a3d1-9c1ab148c5c0
mock_5240d3f2_G7A_033,MOCK-5240-G7A-033,"Patrick Wanjiru Chepkemoi","Grade 7 A",Male,"Morgopia",5240d3f2-f001-4f04-a3d1-9c1ab148c5c0
mock_5240d3f2_G7A_034,MOCK-5240-G7A-034,"Dennis Ochieng Kariuki","Grade 7 A",Male,"Morgopia",5240d3f2-f001-4f04-a3d1-9c1ab148c5c0
mock_5240d3f2_G7A_035,MOCK-5240-G7A-035,"Anthony Wambui Njoroge","Grade 7 A",Male,"Morgopia",5240d3f2-f001-4f04-a3d1-9c1ab148c5c0
mock_5240d3f2_G7A_036,MOCK-5240-G7A-036,"Brayan Omondi Kiplagat","Grade 7 A",Male,"Morgopia",5240d3f2-f001-4f04-a3d1-9c1ab148c5c0
mock_5240d3f2_G7A_037,MOCK-5240-G7A-037,"Nancy Were Kiplagat","Grade 7 A",Female,"Morgopia",5240d3f2-f001-4f04-a3d1-9c1ab148c5c0
mock_5240d3f2_G7A_038,MOCK-5240-G7A-038,"Mitchelle Owino Chepkemoi","Grade 7 A",Female,"Morgopia",5240d3f2-f001-4f04-a3d1-9c1ab148c5c0
mock_5240d3f2_G7A_039,MOCK-5240-G7A-039,"Vincent Mbugua Karanja","Grade 7 A",Male,"Morgopia",5240d3f2-f001-4f04-a3d1-9c1ab148c5c0
mock_5240d3f2_G7A_040,MOCK-5240-G7A-040,"Winnie Njoroge Auma","Grade 7 A",Female,"Morgopia",5240d3f2-f001-4f04-a3d1-9c1ab148c5c0
mock_5240d3f2_G7A_041,MOCK-5240-G7A-041,"Mitchelle Mwangi Karanja","Grade 7 A",Female,"Morgopia",5240d3f2-f001-4f04-a3d1-9c1ab148c5c0
mock_5240d3f2_G7A_042,MOCK-5240-G7A-042,"Collins Ochieng Atieno","Grade 7 A",Male,"Morgopia",5240d3f2-f001-4f04-a3d1-9c1ab148c5c0
mock_5240d3f2_G7A_043,MOCK-5240-G7A-043,"Janet Mwangi Owino","Grade 7 A",Female,"Morgopia",5240d3f2-f001-4f04-a3d1-9c1ab148c5c0
mock_5240d3f2_G7A_044,MOCK-5240-G7A-044,"Christine Kibet Adhiambo","Grade 7 A",Female,"Morgopia",5240d3f2-f001-4f04-a3d1-9c1ab148c5c0
mock_5240d3f2_G7A_045,MOCK-5240-G7A-045,"Janet Odhiambo Atieno","Grade 7 A",Female,"Morgopia",5240d3f2-f001-4f04-a3d1-9c1ab148c5c0
mock_5240d3f2_G7A_046,MOCK-5240-G7A-046,"Faith Mwangi Chebet","Grade 7 A",Female,"Morgopia",5240d3f2-f001-4f04-a3d1-9c1ab148c5c0
mock_5240d3f2_G7A_047,MOCK-5240-G7A-047,"Ann Odhiambo Odhiambo","Grade 7 A",Female,"Morgopia",5240d3f2-f001-4f04-a3d1-9c1ab148c5c0
mock_5240d3f2_G7A_048,MOCK-5240-G7A-048,"Mary Odhiambo Mutiso","Grade 7 A",Female,"Morgopia",5240d3f2-f001-4f04-a3d1-9c1ab148c5c0
mock_5240d3f2_G7A_049,MOCK-5240-G7A-049,"Brenda Achieng Wambui","Grade 7 A",Female,"Morgopia",5240d3f2-f001-4f04-a3d1-9c1ab148c5c0
mock_5240d3f2_G7A_050,MOCK-5240-G7A-050,"Grace Omondi Auma","Grade 7 A",Female,"Morgopia",5240d3f2-f001-4f04-a3d1-9c1ab148c5c0
mock_5240d3f2_G7A_051,MOCK-5240-G7A-051,"Valentine Maina Wafula","Grade 7 A",Female,"Morgopia",5240d3f2-f001-4f04-a3d1-9c1ab148c5c0
mock_5240d3f2_G7A_052,MOCK-5240-G7A-052,"Emmanuel Juma Nyokabi","Grade 7 A",Male,"Morgopia",5240d3f2-f001-4f04-a3d1-9c1ab148c5c0
mock_5240d3f2_G7A_053,MOCK-5240-G7A-053,"Gideon Were Mbugua","Grade 7 A",Male,"Morgopia",5240d3f2-f001-4f04-a3d1-9c1ab148c5c0
mock_5240d3f2_G7A_054,MOCK-5240-G7A-054,"Faith Gitau Kibet","Grade 7 A",Female,"Morgopia",5240d3f2-f001-4f04-a3d1-9c1ab148c5c0
mock_5240d3f2_G7A_055,MOCK-5240-G7A-055,"George Onyango Juma","Grade 7 A",Male,"Morgopia",5240d3f2-f001-4f04-a3d1-9c1ab148c5c0
mock_5240d3f2_G7A_056,MOCK-5240-G7A-056,"Patrick Wanjiru Maina","Grade 7 A",Male,"Morgopia",5240d3f2-f001-4f04-a3d1-9c1ab148c5c0
mock_5240d3f2_G7A_057,MOCK-5240-G7A-057,"Lucy Odhiambo Kipchoge","Grade 7 A",Female,"Morgopia",5240d3f2-f001-4f04-a3d1-9c1ab148c5c0
mock_5240d3f2_G7A_058,MOCK-5240-G7A-058,"Kevin Njeri Omondi","Grade 7 A",Male,"Morgopia",5240d3f2-f001-4f04-a3d1-9c1ab148c5c0
mock_5240d3f2_G7A_059,MOCK-5240-G7A-059,"Cynthia Ochieng Rotich","Grade 7 A",Female,"Morgopia",5240d3f2-f001-4f04-a3d1-9c1ab148c5c0
mock_5240d3f2_G7A_060,MOCK-5240-G7A-060,"Faith Kiplagat Barasa","Grade 7 A",Female,"Morgopia",5240d3f2-f001-4f04-a3d1-9c1ab148c5c0
mock_5240d3f2_G7B_001,MOCK-5240-G7B-001,"Stephen Auma Korir","Grade 7 B",Male,"Morgopia",5240d3f2-f001-4f04-a3d1-9c1ab148c5c0
mock_5240d3f2_G7B_002,MOCK-5240-G7B-002,"Cynthia Juma Chepkemoi","Grade 7 B",Female,"Morgopia",5240d3f2-f001-4f04-a3d1-9c1ab148c5c0
mock_5240d3f2_G7B_003,MOCK-5240-G7B-003,"Martin Onyango Maina","Grade 7 B",Male,"Morgopia",5240d3f2-f001-4f04-a3d1-9c1ab148c5c0
mock_5240d3f2_G7B_004,MOCK-5240-G7B-004,"Brian Kibet Mbugua","Grade 7 B",Male,"Morgopia",5240d3f2-f001-4f04-a3d1-9c1ab148c5c0
mock_5240d3f2_G7B_005,MOCK-5240-G7B-005,"Vincent Mwangi Njeri","Grade 7 B",Male,"Morgopia",5240d3f2-f001-4f04-a3d1-9c1ab148c5c0
mock_5240d3f2_G7B_006,MOCK-5240-G7B-006,"Duncan Kibet Kipchoge","Grade 7 B",Male,"Morgopia",5240d3f2-f001-4f04-a3d1-9c1ab148c5c0
mock_5240d3f2_G7B_007,MOCK-5240-G7B-007,"Stella Mutiso Gitau","Grade 7 B",Female,"Morgopia",5240d3f2-f001-4f04-a3d1-9c1ab148c5c0
mock_5240d3f2_G7B_008,MOCK-5240-G7B-008,"Samuel Wairimu Mwangi","Grade 7 B",Male,"Morgopia",5240d3f2-f001-4f04-a3d1-9c1ab148c5c0
mock_5240d3f2_G7B_009,MOCK-5240-G7B-009,"Daniel Chebet Gitau","Grade 7 B",Male,"Morgopia",5240d3f2-f001-4f04-a3d1-9c1ab148c5c0
mock_5240d3f2_G7B_010,MOCK-5240-G7B-010,"Anthony Wairimu Atieno","Grade 7 B",Male,"Morgopia",5240d3f2-f001-4f04-a3d1-9c1ab148c5c0
mock_5240d3f2_G7B_011,MOCK-5240-G7B-011,"Emmanuel Wairimu Njeri","Grade 7 B",Male,"Morgopia",5240d3f2-f001-4f04-a3d1-9c1ab148c5c0
mock_5240d3f2_G7B_012,MOCK-5240-G7B-012,"Sharon Otieno Adhiambo","Grade 7 B",Female,"Morgopia",5240d3f2-f001-4f04-a3d1-9c1ab148c5c0
mock_5240d3f2_G7B_013,MOCK-5240-G7B-013,"Elvis Odhiambo Odhiambo","Grade 7 B",Male,"Morgopia",5240d3f2-f001-4f04-a3d1-9c1ab148c5c0
mock_5240d3f2_G7B_014,MOCK-5240-G7B-014,"Doreen Owino Adhiambo","Grade 7 B",Female,"Morgopia",5240d3f2-f001-4f04-a3d1-9c1ab148c5c0
mock_5240d3f2_G7B_015,MOCK-5240-G7B-015,"Pauline Mutua Achieng","Grade 7 B",Female,"Morgopia",5240d3f2-f001-4f04-a3d1-9c1ab148c5c0
mock_5240d3f2_G7B_016,MOCK-5240-G7B-016,"Victor Omondi Korir","Grade 7 B",Male,"Morgopia",5240d3f2-f001-4f04-a3d1-9c1ab148c5c0
mock_5240d3f2_G7B_017,MOCK-5240-G7B-017,"Purity Kibet Chepkemoi","Grade 7 B",Female,"Morgopia",5240d3f2-f001-4f04-a3d1-9c1ab148c5c0
mock_5240d3f2_G7B_018,MOCK-5240-G7B-018,"Allan Akinyi Chepkemoi","Grade 7 B",Male,"Morgopia",5240d3f2-f001-4f04-a3d1-9c1ab148c5c0
mock_5240d3f2_G7B_019,MOCK-5240-G7B-019,"Esther Mutiso Cheruiyot","Grade 7 B",Female,"Morgopia",5240d3f2-f001-4f04-a3d1-9c1ab148c5c0
mock_5240d3f2_G7B_020,MOCK-5240-G7B-020,"Mary Maina Korir","Grade 7 B",Female,"Morgopia",5240d3f2-f001-4f04-a3d1-9c1ab148c5c0
mock_5240d3f2_G7B_021,MOCK-5240-G7B-021,"Vincent Karanja Wanjiru","Grade 7 B",Male,"Morgopia",5240d3f2-f001-4f04-a3d1-9c1ab148c5c0
mock_5240d3f2_G7B_022,MOCK-5240-G7B-022,"Janet Achieng Achieng","Grade 7 B",Female,"Morgopia",5240d3f2-f001-4f04-a3d1-9c1ab148c5c0
mock_5240d3f2_G7B_023,MOCK-5240-G7B-023,"Dennis Onyango Otieno","Grade 7 B",Male,"Morgopia",5240d3f2-f001-4f04-a3d1-9c1ab148c5c0
mock_5240d3f2_G7B_024,MOCK-5240-G7B-024,"Martin Chepkemoi Barasa","Grade 7 B",Male,"Morgopia",5240d3f2-f001-4f04-a3d1-9c1ab148c5c0
mock_5240d3f2_G7B_025,MOCK-5240-G7B-025,"Stephen Were Kariuki","Grade 7 B",Male,"Morgopia",5240d3f2-f001-4f04-a3d1-9c1ab148c5c0
mock_5240d3f2_G7B_026,MOCK-5240-G7B-026,"Vincent Owino Adhiambo","Grade 7 B",Male,"Morgopia",5240d3f2-f001-4f04-a3d1-9c1ab148c5c0
mock_5240d3f2_G7B_027,MOCK-5240-G7B-027,"Kelvin Wairimu Chebet","Grade 7 B",Male,"Morgopia",5240d3f2-f001-4f04-a3d1-9c1ab148c5c0
mock_5240d3f2_G7B_028,MOCK-5240-G7B-028,"Janet Ochieng Kiplagat","Grade 7 B",Female,"Morgopia",5240d3f2-f001-4f04-a3d1-9c1ab148c5c0
mock_5240d3f2_G7B_029,MOCK-5240-G7B-029,"Vincent Odhiambo Njeri","Grade 7 B",Male,"Morgopia",5240d3f2-f001-4f04-a3d1-9c1ab148c5c0
mock_5240d3f2_G7B_030,MOCK-5240-G7B-030,"Anthony Kariuki Mwangi","Grade 7 B",Male,"Morgopia",5240d3f2-f001-4f04-a3d1-9c1ab148c5c0
mock_5240d3f2_G7B_031,MOCK-5240-G7B-031,"Stella Nyambura Gitau","Grade 7 B",Female,"Morgopia",5240d3f2-f001-4f04-a3d1-9c1ab148c5c0
mock_5240d3f2_G7B_032,MOCK-5240-G7B-032,"Sharon Otieno Atieno","Grade 7 B",Female,"Morgopia",5240d3f2-f001-4f04-a3d1-9c1ab148c5c0
mock_5240d3f2_G7B_033,MOCK-5240-G7B-033,"Maureen Mbugua Cheruiyot","Grade 7 B",Female,"Morgopia",5240d3f2-f001-4f04-a3d1-9c1ab148c5c0
mock_5240d3f2_G7B_034,MOCK-5240-G7B-034,"Emmanuel Cheruiyot Kibet","Grade 7 B",Male,"Morgopia",5240d3f2-f001-4f04-a3d1-9c1ab148c5c0
mock_5240d3f2_G7B_035,MOCK-5240-G7B-035,"Ian Chebet Nyokabi","Grade 7 B",Male,"Morgopia",5240d3f2-f001-4f04-a3d1-9c1ab148c5c0
mock_5240d3f2_G7B_036,MOCK-5240-G7B-036,"Brayan Nyambura Adhiambo","Grade 7 B",Male,"Morgopia",5240d3f2-f001-4f04-a3d1-9c1ab148c5c0
mock_5240d3f2_G7B_037,MOCK-5240-G7B-037,"Grace Kamau Korir","Grade 7 B",Female,"Morgopia",5240d3f2-f001-4f04-a3d1-9c1ab148c5c0
mock_5240d3f2_G7B_038,MOCK-5240-G7B-038,"Christine Otieno Cheruiyot","Grade 7 B",Female,"Morgopia",5240d3f2-f001-4f04-a3d1-9c1ab148c5c0
mock_5240d3f2_G7B_039,MOCK-5240-G7B-039,"Gideon Mwangi Mwangi","Grade 7 B",Male,"Morgopia",5240d3f2-f001-4f04-a3d1-9c1ab148c5c0
mock_5240d3f2_G7B_040,MOCK-5240-G7B-040,"Duncan Karanja Mwangi","Grade 7 B",Male,"Morgopia",5240d3f2-f001-4f04-a3d1-9c1ab148c5c0
mock_5240d3f2_G7B_041,MOCK-5240-G7B-041,"Ian Wafula Were","Grade 7 B",Male,"Morgopia",5240d3f2-f001-4f04-a3d1-9c1ab148c5c0
mock_5240d3f2_G7B_042,MOCK-5240-G7B-042,"Grace Karanja Mutua","Grade 7 B",Female,"Morgopia",5240d3f2-f001-4f04-a3d1-9c1ab148c5c0
mock_5240d3f2_G7B_043,MOCK-5240-G7B-043,"Linet Kariuki Wambui","Grade 7 B",Female,"Morgopia",5240d3f2-f001-4f04-a3d1-9c1ab148c5c0
mock_5240d3f2_G7B_044,MOCK-5240-G7B-044,"Eric Nyambura Njoroge","Grade 7 B",Male,"Morgopia",5240d3f2-f001-4f04-a3d1-9c1ab148c5c0
mock_5240d3f2_G7B_045,MOCK-5240-G7B-045,"Nicholas Omondi Nyambura","Grade 7 B",Male,"Morgopia",5240d3f2-f001-4f04-a3d1-9c1ab148c5c0
mock_5240d3f2_G7B_046,MOCK-5240-G7B-046,"Diana Owino Mutua","Grade 7 B",Female,"Morgopia",5240d3f2-f001-4f04-a3d1-9c1ab148c5c0
mock_5240d3f2_G7B_047,MOCK-5240-G7B-047,"Brayan Wafula Kamau","Grade 7 B",Male,"Morgopia",5240d3f2-f001-4f04-a3d1-9c1ab148c5c0
mock_5240d3f2_G7B_048,MOCK-5240-G7B-048,"Nicholas Nyambura Korir","Grade 7 B",Male,"Morgopia",5240d3f2-f001-4f04-a3d1-9c1ab148c5c0
mock_5240d3f2_G7B_049,MOCK-5240-G7B-049,"Cynthia Gitau Maina","Grade 7 B",Female,"Morgopia",5240d3f2-f001-4f04-a3d1-9c1ab148c5c0
mock_5240d3f2_G7B_050,MOCK-5240-G7B-050,"Eunice Barasa Njoroge","Grade 7 B",Female,"Morgopia",5240d3f2-f001-4f04-a3d1-9c1ab148c5c0
mock_5240d3f2_G7B_051,MOCK-5240-G7B-051,"Kelvin Chepkemoi Kamau","Grade 7 B",Male,"Morgopia",5240d3f2-f001-4f04-a3d1-9c1ab148c5c0
mock_5240d3f2_G7B_052,MOCK-5240-G7B-052,"Rose Odhiambo Ochieng","Grade 7 B",Female,"Morgopia",5240d3f2-f001-4f04-a3d1-9c1ab148c5c0
mock_5240d3f2_G7B_053,MOCK-5240-G7B-053,"Ian Kamau Cheruiyot","Grade 7 B",Male,"Morgopia",5240d3f2-f001-4f04-a3d1-9c1ab148c5c0
mock_5240d3f2_G7B_054,MOCK-5240-G7B-054,"Kevin Cheruiyot Chepkemoi","Grade 7 B",Male,"Morgopia",5240d3f2-f001-4f04-a3d1-9c1ab148c5c0
mock_5240d3f2_G7B_055,MOCK-5240-G7B-055,"Faith Mutua Cheruiyot","Grade 7 B",Female,"Morgopia",5240d3f2-f001-4f04-a3d1-9c1ab148c5c0
mock_5240d3f2_G7B_056,MOCK-5240-G7B-056,"Diana Juma Otieno","Grade 7 B",Female,"Morgopia",5240d3f2-f001-4f04-a3d1-9c1ab148c5c0
mock_5240d3f2_G7B_057,MOCK-5240-G7B-057,"Cynthia Mutua Ochieng","Grade 7 B",Female,"Morgopia",5240d3f2-f001-4f04-a3d1-9c1ab148c5c0
mock_5240d3f2_G7B_058,MOCK-5240-G7B-058,"Christine Cheruiyot Wairimu","Grade 7 B",Female,"Morgopia",5240d3f2-f001-4f04-a3d1-9c1ab148c5c0
mock_5240d3f2_G7B_059,MOCK-5240-G7B-059,"Daniel Onyango Adhiambo","Grade 7 B",Male,"Morgopia",5240d3f2-f001-4f04-a3d1-9c1ab148c5c0
mock_5240d3f2_G7B_060,MOCK-5240-G7B-060,"Mercy Juma Rotich","Grade 7 B",Female,"Morgopia",5240d3f2-f001-4f04-a3d1-9c1ab148c5c0
mock_5240d3f2_G8A_001,MOCK-5240-G8A-001,"Stella Korir Rotich","Grade 8 A",Female,"Morgopia",5240d3f2-f001-4f04-a3d1-9c1ab148c5c0
mock_5240d3f2_G8A_002,MOCK-5240-G8A-002,"Diana Mbugua Adhiambo","Grade 8 A",Female,"Morgopia",5240d3f2-f001-4f04-a3d1-9c1ab148c5c0
mock_5240d3f2_G8A_003,MOCK-5240-G8A-003,"Brian Adhiambo Mwangi","Grade 8 A",Male,"Morgopia",5240d3f2-f001-4f04-a3d1-9c1ab148c5c0
mock_5240d3f2_G8A_004,MOCK-5240-G8A-004,"Samuel Nyokabi Gitau","Grade 8 A",Male,"Morgopia",5240d3f2-f001-4f04-a3d1-9c1ab148c5c0
mock_5240d3f2_G8A_005,MOCK-5240-G8A-005,"Gideon Kibet Wairimu","Grade 8 A",Male,"Morgopia",5240d3f2-f001-4f04-a3d1-9c1ab148c5c0
mock_5240d3f2_G8A_006,MOCK-5240-G8A-006,"Eric Mwangi Mbugua","Grade 8 A",Male,"Morgopia",5240d3f2-f001-4f04-a3d1-9c1ab148c5c0
mock_5240d3f2_G8A_007,MOCK-5240-G8A-007,"Diana Juma Kiplagat","Grade 8 A",Female,"Morgopia",5240d3f2-f001-4f04-a3d1-9c1ab148c5c0
mock_5240d3f2_G8A_008,MOCK-5240-G8A-008,"Brian Wafula Mutiso","Grade 8 A",Male,"Morgopia",5240d3f2-f001-4f04-a3d1-9c1ab148c5c0
mock_5240d3f2_G8A_009,MOCK-5240-G8A-009,"Stella Atieno Simiyu","Grade 8 A",Female,"Morgopia",5240d3f2-f001-4f04-a3d1-9c1ab148c5c0
mock_5240d3f2_G8A_010,MOCK-5240-G8A-010,"Charles Adhiambo Rotich","Grade 8 A",Male,"Morgopia",5240d3f2-f001-4f04-a3d1-9c1ab148c5c0
mock_5240d3f2_G8A_011,MOCK-5240-G8A-011,"George Onyango Mutiso","Grade 8 A",Male,"Morgopia",5240d3f2-f001-4f04-a3d1-9c1ab148c5c0
mock_5240d3f2_G8A_012,MOCK-5240-G8A-012,"Anthony Kiplagat Kibet","Grade 8 A",Male,"Morgopia",5240d3f2-f001-4f04-a3d1-9c1ab148c5c0
mock_5240d3f2_G8A_013,MOCK-5240-G8A-013,"Ann Gitau Otieno","Grade 8 A",Female,"Morgopia",5240d3f2-f001-4f04-a3d1-9c1ab148c5c0
mock_5240d3f2_G8A_014,MOCK-5240-G8A-014,"Diana Kariuki Maina","Grade 8 A",Female,"Morgopia",5240d3f2-f001-4f04-a3d1-9c1ab148c5c0
mock_5240d3f2_G8A_015,MOCK-5240-G8A-015,"Joseph Akinyi Omondi","Grade 8 A",Male,"Morgopia",5240d3f2-f001-4f04-a3d1-9c1ab148c5c0
mock_5240d3f2_G8A_016,MOCK-5240-G8A-016,"Victor Barasa Nyambura","Grade 8 A",Male,"Morgopia",5240d3f2-f001-4f04-a3d1-9c1ab148c5c0
mock_5240d3f2_G8A_017,MOCK-5240-G8A-017,"Gideon Owino Omondi","Grade 8 A",Male,"Morgopia",5240d3f2-f001-4f04-a3d1-9c1ab148c5c0
mock_5240d3f2_G8A_018,MOCK-5240-G8A-018,"Anthony Kamau Mwangi","Grade 8 A",Male,"Morgopia",5240d3f2-f001-4f04-a3d1-9c1ab148c5c0
mock_5240d3f2_G8A_019,MOCK-5240-G8A-019,"Kelvin Odhiambo Adhiambo","Grade 8 A",Male,"Morgopia",5240d3f2-f001-4f04-a3d1-9c1ab148c5c0
mock_5240d3f2_G8A_020,MOCK-5240-G8A-020,"Grace Wairimu Kamau","Grade 8 A",Female,"Morgopia",5240d3f2-f001-4f04-a3d1-9c1ab148c5c0
mock_5240d3f2_G8A_021,MOCK-5240-G8A-021,"Victor Nyokabi Chepkemoi","Grade 8 A",Male,"Morgopia",5240d3f2-f001-4f04-a3d1-9c1ab148c5c0
mock_5240d3f2_G8A_022,MOCK-5240-G8A-022,"Mary Kibet Odhiambo","Grade 8 A",Female,"Morgopia",5240d3f2-f001-4f04-a3d1-9c1ab148c5c0
mock_5240d3f2_G8A_023,MOCK-5240-G8A-023,"Eunice Mwangi Korir","Grade 8 A",Female,"Morgopia",5240d3f2-f001-4f04-a3d1-9c1ab148c5c0
mock_5240d3f2_G8A_024,MOCK-5240-G8A-024,"Elvis Omondi Odhiambo","Grade 8 A",Male,"Morgopia",5240d3f2-f001-4f04-a3d1-9c1ab148c5c0
mock_5240d3f2_G8A_025,MOCK-5240-G8A-025,"Valentine Kiplagat Kibet","Grade 8 A",Female,"Morgopia",5240d3f2-f001-4f04-a3d1-9c1ab148c5c0
mock_5240d3f2_G8A_026,MOCK-5240-G8A-026,"Vincent Simiyu Owino","Grade 8 A",Male,"Morgopia",5240d3f2-f001-4f04-a3d1-9c1ab148c5c0
mock_5240d3f2_G8A_027,MOCK-5240-G8A-027,"Ian Cheruiyot Ochieng","Grade 8 A",Male,"Morgopia",5240d3f2-f001-4f04-a3d1-9c1ab148c5c0
mock_5240d3f2_G8A_028,MOCK-5240-G8A-028,"Rose Kibet Adhiambo","Grade 8 A",Female,"Morgopia",5240d3f2-f001-4f04-a3d1-9c1ab148c5c0
mock_5240d3f2_G8A_029,MOCK-5240-G8A-029,"Sharon Cheruiyot Auma","Grade 8 A",Female,"Morgopia",5240d3f2-f001-4f04-a3d1-9c1ab148c5c0
mock_5240d3f2_G8A_030,MOCK-5240-G8A-030,"Mercy Kiplagat Wanjiru","Grade 8 A",Female,"Morgopia",5240d3f2-f001-4f04-a3d1-9c1ab148c5c0
mock_5240d3f2_G8A_031,MOCK-5240-G8A-031,"Collins Otieno Otieno","Grade 8 A",Male,"Morgopia",5240d3f2-f001-4f04-a3d1-9c1ab148c5c0
mock_5240d3f2_G8A_032,MOCK-5240-G8A-032,"Christine Adhiambo Wairimu","Grade 8 A",Female,"Morgopia",5240d3f2-f001-4f04-a3d1-9c1ab148c5c0
mock_5240d3f2_G8A_033,MOCK-5240-G8A-033,"Ann Mbugua Wanjiru","Grade 8 A",Female,"Morgopia",5240d3f2-f001-4f04-a3d1-9c1ab148c5c0
mock_5240d3f2_G8A_034,MOCK-5240-G8A-034,"Joseph Kiplagat Mutiso","Grade 8 A",Male,"Morgopia",5240d3f2-f001-4f04-a3d1-9c1ab148c5c0
mock_5240d3f2_G8A_035,MOCK-5240-G8A-035,"Felix Kamau Wambui","Grade 8 A",Male,"Morgopia",5240d3f2-f001-4f04-a3d1-9c1ab148c5c0
mock_5240d3f2_G8A_036,MOCK-5240-G8A-036,"Linet Chebet Wairimu","Grade 8 A",Female,"Morgopia",5240d3f2-f001-4f04-a3d1-9c1ab148c5c0
mock_5240d3f2_G8A_037,MOCK-5240-G8A-037,"Dennis Were Juma","Grade 8 A",Male,"Morgopia",5240d3f2-f001-4f04-a3d1-9c1ab148c5c0
mock_5240d3f2_G8A_038,MOCK-5240-G8A-038,"Kevin Akinyi Akinyi","Grade 8 A",Male,"Morgopia",5240d3f2-f001-4f04-a3d1-9c1ab148c5c0
mock_5240d3f2_G8A_039,MOCK-5240-G8A-039,"Joseph Maina Njoroge","Grade 8 A",Male,"Morgopia",5240d3f2-f001-4f04-a3d1-9c1ab148c5c0
mock_5240d3f2_G8A_040,MOCK-5240-G8A-040,"Maureen Nyambura Wairimu","Grade 8 A",Female,"Morgopia",5240d3f2-f001-4f04-a3d1-9c1ab148c5c0
mock_5240d3f2_G8A_041,MOCK-5240-G8A-041,"Dennis Were Nyambura","Grade 8 A",Male,"Morgopia",5240d3f2-f001-4f04-a3d1-9c1ab148c5c0
mock_5240d3f2_G8A_042,MOCK-5240-G8A-042,"Esther Njoroge Achieng","Grade 8 A",Female,"Morgopia",5240d3f2-f001-4f04-a3d1-9c1ab148c5c0
mock_5240d3f2_G8A_043,MOCK-5240-G8A-043,"Michael Mutua Mutua","Grade 8 A",Male,"Morgopia",5240d3f2-f001-4f04-a3d1-9c1ab148c5c0
mock_5240d3f2_G8A_044,MOCK-5240-G8A-044,"Elvis Nyokabi Rotich","Grade 8 A",Male,"Morgopia",5240d3f2-f001-4f04-a3d1-9c1ab148c5c0
mock_5240d3f2_G8A_045,MOCK-5240-G8A-045,"Mary Rotich Juma","Grade 8 A",Female,"Morgopia",5240d3f2-f001-4f04-a3d1-9c1ab148c5c0
mock_5240d3f2_G8A_046,MOCK-5240-G8A-046,"Emmanuel Mutua Owino","Grade 8 A",Male,"Morgopia",5240d3f2-f001-4f04-a3d1-9c1ab148c5c0
mock_5240d3f2_G8A_047,MOCK-5240-G8A-047,"Stephen Akinyi Otieno","Grade 8 A",Male,"Morgopia",5240d3f2-f001-4f04-a3d1-9c1ab148c5c0
mock_5240d3f2_G8A_048,MOCK-5240-G8A-048,"Samuel Otieno Akinyi","Grade 8 A",Male,"Morgopia",5240d3f2-f001-4f04-a3d1-9c1ab148c5c0
mock_5240d3f2_G8A_049,MOCK-5240-G8A-049,"Purity Kamau Rotich","Grade 8 A",Female,"Morgopia",5240d3f2-f001-4f04-a3d1-9c1ab148c5c0
mock_5240d3f2_G8A_050,MOCK-5240-G8A-050,"Sharon Wanjiru Akinyi","Grade 8 A",Female,"Morgopia",5240d3f2-f001-4f04-a3d1-9c1ab148c5c0
mock_5240d3f2_G8A_051,MOCK-5240-G8A-051,"Allan Chebet Wambui","Grade 8 A",Male,"Morgopia",5240d3f2-f001-4f04-a3d1-9c1ab148c5c0
mock_5240d3f2_G8A_052,MOCK-5240-G8A-052,"George Wambui Kiplagat","Grade 8 A",Male,"Morgopia",5240d3f2-f001-4f04-a3d1-9c1ab148c5c0
mock_5240d3f2_G8A_053,MOCK-5240-G8A-053,"Victor Kariuki Rotich","Grade 8 A",Male,"Morgopia",5240d3f2-f001-4f04-a3d1-9c1ab148c5c0
mock_5240d3f2_G8A_054,MOCK-5240-G8A-054,"Allan Chepkemoi Ochieng","Grade 8 A",Male,"Morgopia",5240d3f2-f001-4f04-a3d1-9c1ab148c5c0
mock_5240d3f2_G8A_055,MOCK-5240-G8A-055,"Emmanuel Otieno Onyango","Grade 8 A",Male,"Morgopia",5240d3f2-f001-4f04-a3d1-9c1ab148c5c0
mock_5240d3f2_G8A_056,MOCK-5240-G8A-056,"Martin Chepkemoi Nyambura","Grade 8 A",Male,"Morgopia",5240d3f2-f001-4f04-a3d1-9c1ab148c5c0
mock_5240d3f2_G8A_057,MOCK-5240-G8A-057,"Felix Otieno Ochieng","Grade 8 A",Male,"Morgopia",5240d3f2-f001-4f04-a3d1-9c1ab148c5c0
mock_5240d3f2_G8A_058,MOCK-5240-G8A-058,"Michael Mutiso Odhiambo","Grade 8 A",Male,"Morgopia",5240d3f2-f001-4f04-a3d1-9c1ab148c5c0
mock_5240d3f2_G8A_059,MOCK-5240-G8A-059,"Gideon Chebet Onyango","Grade 8 A",Male,"Morgopia",5240d3f2-f001-4f04-a3d1-9c1ab148c5c0
mock_5240d3f2_G8A_060,MOCK-5240-G8A-060,"Mitchelle Nyambura Juma","Grade 8 A",Female,"Morgopia",5240d3f2-f001-4f04-a3d1-9c1ab148c5c0
mock_5240d3f2_G8B_001,MOCK-5240-G8B-001,"Dennis Auma Auma","Grade 8 B",Male,"Morgopia",5240d3f2-f001-4f04-a3d1-9c1ab148c5c0
mock_5240d3f2_G8B_002,MOCK-5240-G8B-002,"Samuel Atieno Nyokabi","Grade 8 B",Male,"Morgopia",5240d3f2-f001-4f04-a3d1-9c1ab148c5c0
mock_5240d3f2_G8B_003,MOCK-5240-G8B-003,"Nicholas Wairimu Atieno","Grade 8 B",Male,"Morgopia",5240d3f2-f001-4f04-a3d1-9c1ab148c5c0
mock_5240d3f2_G8B_004,MOCK-5240-G8B-004,"Mercy Were Njeri","Grade 8 B",Female,"Morgopia",5240d3f2-f001-4f04-a3d1-9c1ab148c5c0
mock_5240d3f2_G8B_005,MOCK-5240-G8B-005,"Kevin Odhiambo Mbugua","Grade 8 B",Male,"Morgopia",5240d3f2-f001-4f04-a3d1-9c1ab148c5c0
mock_5240d3f2_G8B_006,MOCK-5240-G8B-006,"Michael Nyokabi Achieng","Grade 8 B",Male,"Morgopia",5240d3f2-f001-4f04-a3d1-9c1ab148c5c0
mock_5240d3f2_G8B_007,MOCK-5240-G8B-007,"Nancy Otieno Wafula","Grade 8 B",Female,"Morgopia",5240d3f2-f001-4f04-a3d1-9c1ab148c5c0
mock_5240d3f2_G8B_008,MOCK-5240-G8B-008,"Vincent Nyokabi Maina","Grade 8 B",Male,"Morgopia",5240d3f2-f001-4f04-a3d1-9c1ab148c5c0
mock_5240d3f2_G8B_009,MOCK-5240-G8B-009,"Eunice Wanjiru Juma","Grade 8 B",Female,"Morgopia",5240d3f2-f001-4f04-a3d1-9c1ab148c5c0
mock_5240d3f2_G8B_010,MOCK-5240-G8B-010,"Anthony Barasa Njeri","Grade 8 B",Male,"Morgopia",5240d3f2-f001-4f04-a3d1-9c1ab148c5c0
mock_5240d3f2_G8B_011,MOCK-5240-G8B-011,"Stella Onyango Wanjiru","Grade 8 B",Female,"Morgopia",5240d3f2-f001-4f04-a3d1-9c1ab148c5c0
mock_5240d3f2_G8B_012,MOCK-5240-G8B-012,"Martin Rotich Rotich","Grade 8 B",Male,"Morgopia",5240d3f2-f001-4f04-a3d1-9c1ab148c5c0
mock_5240d3f2_G8B_013,MOCK-5240-G8B-013,"Felix Kiplagat Nyambura","Grade 8 B",Male,"Morgopia",5240d3f2-f001-4f04-a3d1-9c1ab148c5c0
mock_5240d3f2_G8B_014,MOCK-5240-G8B-014,"Stephen Mutiso Achieng","Grade 8 B",Male,"Morgopia",5240d3f2-f001-4f04-a3d1-9c1ab148c5c0
mock_5240d3f2_G8B_015,MOCK-5240-G8B-015,"Elvis Otieno Rotich","Grade 8 B",Male,"Morgopia",5240d3f2-f001-4f04-a3d1-9c1ab148c5c0
mock_5240d3f2_G8B_016,MOCK-5240-G8B-016,"George Karanja Were","Grade 8 B",Male,"Morgopia",5240d3f2-f001-4f04-a3d1-9c1ab148c5c0
mock_5240d3f2_G8B_017,MOCK-5240-G8B-017,"Caroline Mutua Kariuki","Grade 8 B",Female,"Morgopia",5240d3f2-f001-4f04-a3d1-9c1ab148c5c0
mock_5240d3f2_G8B_018,MOCK-5240-G8B-018,"Nicholas Were Odhiambo","Grade 8 B",Male,"Morgopia",5240d3f2-f001-4f04-a3d1-9c1ab148c5c0
mock_5240d3f2_G8B_019,MOCK-5240-G8B-019,"Brayan Were Mbugua","Grade 8 B",Male,"Morgopia",5240d3f2-f001-4f04-a3d1-9c1ab148c5c0
mock_5240d3f2_G8B_020,MOCK-5240-G8B-020,"Cynthia Wafula Kipchoge","Grade 8 B",Female,"Morgopia",5240d3f2-f001-4f04-a3d1-9c1ab148c5c0
mock_5240d3f2_G8B_021,MOCK-5240-G8B-021,"Doreen Ochieng Juma","Grade 8 B",Female,"Morgopia",5240d3f2-f001-4f04-a3d1-9c1ab148c5c0
mock_5240d3f2_G8B_022,MOCK-5240-G8B-022,"Grace Karanja Achieng","Grade 8 B",Female,"Morgopia",5240d3f2-f001-4f04-a3d1-9c1ab148c5c0
mock_5240d3f2_G8B_023,MOCK-5240-G8B-023,"Janet Auma Odhiambo","Grade 8 B",Female,"Morgopia",5240d3f2-f001-4f04-a3d1-9c1ab148c5c0
mock_5240d3f2_G8B_024,MOCK-5240-G8B-024,"Purity Wanjiru Gitau","Grade 8 B",Female,"Morgopia",5240d3f2-f001-4f04-a3d1-9c1ab148c5c0
mock_5240d3f2_G8B_025,MOCK-5240-G8B-025,"Stephen Mutua Korir","Grade 8 B",Male,"Morgopia",5240d3f2-f001-4f04-a3d1-9c1ab148c5c0
mock_5240d3f2_G8B_026,MOCK-5240-G8B-026,"Brian Ochieng Wambui","Grade 8 B",Male,"Morgopia",5240d3f2-f001-4f04-a3d1-9c1ab148c5c0
mock_5240d3f2_G8B_027,MOCK-5240-G8B-027,"Fredrick Auma Kipchoge","Grade 8 B",Male,"Morgopia",5240d3f2-f001-4f04-a3d1-9c1ab148c5c0
mock_5240d3f2_G8B_028,MOCK-5240-G8B-028,"Lucy Akinyi Mutiso","Grade 8 B",Female,"Morgopia",5240d3f2-f001-4f04-a3d1-9c1ab148c5c0
mock_5240d3f2_G8B_029,MOCK-5240-G8B-029,"Anthony Were Kibet","Grade 8 B",Male,"Morgopia",5240d3f2-f001-4f04-a3d1-9c1ab148c5c0
mock_5240d3f2_G8B_030,MOCK-5240-G8B-030,"Sylvia Njoroge Gitau","Grade 8 B",Female,"Morgopia",5240d3f2-f001-4f04-a3d1-9c1ab148c5c0
mock_5240d3f2_G8B_031,MOCK-5240-G8B-031,"Christine Nyokabi Nyokabi","Grade 8 B",Female,"Morgopia",5240d3f2-f001-4f04-a3d1-9c1ab148c5c0
mock_5240d3f2_G8B_032,MOCK-5240-G8B-032,"Charles Wairimu Atieno","Grade 8 B",Male,"Morgopia",5240d3f2-f001-4f04-a3d1-9c1ab148c5c0
mock_5240d3f2_G8B_033,MOCK-5240-G8B-033,"Doreen Odhiambo Adhiambo","Grade 8 B",Female,"Morgopia",5240d3f2-f001-4f04-a3d1-9c1ab148c5c0
mock_5240d3f2_G8B_034,MOCK-5240-G8B-034,"George Cheruiyot Rotich","Grade 8 B",Male,"Morgopia",5240d3f2-f001-4f04-a3d1-9c1ab148c5c0
mock_5240d3f2_G8B_035,MOCK-5240-G8B-035,"Ann Kipchoge Simiyu","Grade 8 B",Female,"Morgopia",5240d3f2-f001-4f04-a3d1-9c1ab148c5c0
mock_5240d3f2_G8B_036,MOCK-5240-G8B-036,"Brenda Juma Omondi","Grade 8 B",Female,"Morgopia",5240d3f2-f001-4f04-a3d1-9c1ab148c5c0
mock_5240d3f2_G8B_037,MOCK-5240-G8B-037,"Rose Auma Onyango","Grade 8 B",Female,"Morgopia",5240d3f2-f001-4f04-a3d1-9c1ab148c5c0
mock_5240d3f2_G8B_038,MOCK-5240-G8B-038,"Peter Onyango Odhiambo","Grade 8 B",Male,"Morgopia",5240d3f2-f001-4f04-a3d1-9c1ab148c5c0
mock_5240d3f2_G8B_039,MOCK-5240-G8B-039,"Janet Odhiambo Karanja","Grade 8 B",Female,"Morgopia",5240d3f2-f001-4f04-a3d1-9c1ab148c5c0
mock_5240d3f2_G8B_040,MOCK-5240-G8B-040,"Nicholas Kipchoge Simiyu","Grade 8 B",Male,"Morgopia",5240d3f2-f001-4f04-a3d1-9c1ab148c5c0
mock_5240d3f2_G8B_041,MOCK-5240-G8B-041,"Lucy Kipchoge Nyambura","Grade 8 B",Female,"Morgopia",5240d3f2-f001-4f04-a3d1-9c1ab148c5c0
mock_5240d3f2_G8B_042,MOCK-5240-G8B-042,"Lydia Atieno Juma","Grade 8 B",Female,"Morgopia",5240d3f2-f001-4f04-a3d1-9c1ab148c5c0
mock_5240d3f2_G8B_043,MOCK-5240-G8B-043,"Rose Nyambura Owino","Grade 8 B",Female,"Morgopia",5240d3f2-f001-4f04-a3d1-9c1ab148c5c0
mock_5240d3f2_G8B_044,MOCK-5240-G8B-044,"Dennis Wambui Mutiso","Grade 8 B",Male,"Morgopia",5240d3f2-f001-4f04-a3d1-9c1ab148c5c0
mock_5240d3f2_G8B_045,MOCK-5240-G8B-045,"Joseph Juma Omondi","Grade 8 B",Male,"Morgopia",5240d3f2-f001-4f04-a3d1-9c1ab148c5c0
mock_5240d3f2_G8B_046,MOCK-5240-G8B-046,"Doreen Rotich Karanja","Grade 8 B",Female,"Morgopia",5240d3f2-f001-4f04-a3d1-9c1ab148c5c0
mock_5240d3f2_G8B_047,MOCK-5240-G8B-047,"Sylvia Rotich Wambui","Grade 8 B",Female,"Morgopia",5240d3f2-f001-4f04-a3d1-9c1ab148c5c0
mock_5240d3f2_G8B_048,MOCK-5240-G8B-048,"Mitchelle Gitau Wairimu","Grade 8 B",Female,"Morgopia",5240d3f2-f001-4f04-a3d1-9c1ab148c5c0
mock_5240d3f2_G8B_049,MOCK-5240-G8B-049,"Charles Simiyu Ochieng","Grade 8 B",Male,"Morgopia",5240d3f2-f001-4f04-a3d1-9c1ab148c5c0
mock_5240d3f2_G8B_050,MOCK-5240-G8B-050,"Felix Juma Adhiambo","Grade 8 B",Male,"Morgopia",5240d3f2-f001-4f04-a3d1-9c1ab148c5c0
mock_5240d3f2_G8B_051,MOCK-5240-G8B-051,"Brayan Njeri Auma","Grade 8 B",Male,"Morgopia",5240d3f2-f001-4f04-a3d1-9c1ab148c5c0
mock_5240d3f2_G8B_052,MOCK-5240-G8B-052,"Janet Juma Achieng","Grade 8 B",Female,"Morgopia",5240d3f2-f001-4f04-a3d1-9c1ab148c5c0
mock_5240d3f2_G8B_053,MOCK-5240-G8B-053,"Mitchelle Chebet Wafula","Grade 8 B",Female,"Morgopia",5240d3f2-f001-4f04-a3d1-9c1ab148c5c0
mock_5240d3f2_G8B_054,MOCK-5240-G8B-054,"Daniel Barasa Wanjiru","Grade 8 B",Male,"Morgopia",5240d3f2-f001-4f04-a3d1-9c1ab148c5c0
mock_5240d3f2_G8B_055,MOCK-5240-G8B-055,"Brian Cheruiyot Mutua","Grade 8 B",Male,"Morgopia",5240d3f2-f001-4f04-a3d1-9c1ab148c5c0
mock_5240d3f2_G8B_056,MOCK-5240-G8B-056,"Caroline Wairimu Ochieng","Grade 8 B",Female,"Morgopia",5240d3f2-f001-4f04-a3d1-9c1ab148c5c0
mock_5240d3f2_G8B_057,MOCK-5240-G8B-057,"Fredrick Nyokabi Kariuki","Grade 8 B",Male,"Morgopia",5240d3f2-f001-4f04-a3d1-9c1ab148c5c0
mock_5240d3f2_G8B_058,MOCK-5240-G8B-058,"Beatrice Were Kariuki","Grade 8 B",Female,"Morgopia",5240d3f2-f001-4f04-a3d1-9c1ab148c5c0
mock_5240d3f2_G8B_059,MOCK-5240-G8B-059,"Gideon Korir Wanjiru","Grade 8 B",Male,"Morgopia",5240d3f2-f001-4f04-a3d1-9c1ab148c5c0
mock_5240d3f2_G8B_060,MOCK-5240-G8B-060,"Collins Wafula Cheruiyot","Grade 8 B",Male,"Morgopia",5240d3f2-f001-4f04-a3d1-9c1ab148c5c0
mock_5240d3f2_G9A_001,MOCK-5240-G9A-001,"Dennis Kamau Wambui","Grade 9 A",Male,"Morgopia",5240d3f2-f001-4f04-a3d1-9c1ab148c5c0
mock_5240d3f2_G9A_002,MOCK-5240-G9A-002,"Esther Mbugua Kamau","Grade 9 A",Female,"Morgopia",5240d3f2-f001-4f04-a3d1-9c1ab148c5c0
mock_5240d3f2_G9A_003,MOCK-5240-G9A-003,"Maureen Kibet Cheruiyot","Grade 9 A",Female,"Morgopia",5240d3f2-f001-4f04-a3d1-9c1ab148c5c0
mock_5240d3f2_G9A_004,MOCK-5240-G9A-004,"Fredrick Korir Korir","Grade 9 A",Male,"Morgopia",5240d3f2-f001-4f04-a3d1-9c1ab148c5c0
mock_5240d3f2_G9A_005,MOCK-5240-G9A-005,"Nicholas Korir Odhiambo","Grade 9 A",Male,"Morgopia",5240d3f2-f001-4f04-a3d1-9c1ab148c5c0
mock_5240d3f2_G9A_006,MOCK-5240-G9A-006,"Eric Mbugua Wambui","Grade 9 A",Male,"Morgopia",5240d3f2-f001-4f04-a3d1-9c1ab148c5c0
mock_5240d3f2_G9A_007,MOCK-5240-G9A-007,"Mercy Barasa Wafula","Grade 9 A",Female,"Morgopia",5240d3f2-f001-4f04-a3d1-9c1ab148c5c0
mock_5240d3f2_G9A_008,MOCK-5240-G9A-008,"Sylvia Nyambura Kariuki","Grade 9 A",Female,"Morgopia",5240d3f2-f001-4f04-a3d1-9c1ab148c5c0
mock_5240d3f2_G9A_009,MOCK-5240-G9A-009,"Grace Simiyu Cheruiyot","Grade 9 A",Female,"Morgopia",5240d3f2-f001-4f04-a3d1-9c1ab148c5c0
mock_5240d3f2_G9A_010,MOCK-5240-G9A-010,"Maureen Mbugua Odhiambo","Grade 9 A",Female,"Morgopia",5240d3f2-f001-4f04-a3d1-9c1ab148c5c0
mock_5240d3f2_G9A_011,MOCK-5240-G9A-011,"Joy Otieno Njeri","Grade 9 A",Female,"Morgopia",5240d3f2-f001-4f04-a3d1-9c1ab148c5c0
mock_5240d3f2_G9A_012,MOCK-5240-G9A-012,"Joy Adhiambo Kibet","Grade 9 A",Female,"Morgopia",5240d3f2-f001-4f04-a3d1-9c1ab148c5c0
mock_5240d3f2_G9A_013,MOCK-5240-G9A-013,"Charles Maina Chepkemoi","Grade 9 A",Male,"Morgopia",5240d3f2-f001-4f04-a3d1-9c1ab148c5c0
mock_5240d3f2_G9A_014,MOCK-5240-G9A-014,"Vincent Kariuki Achieng","Grade 9 A",Male,"Morgopia",5240d3f2-f001-4f04-a3d1-9c1ab148c5c0
mock_5240d3f2_G9A_015,MOCK-5240-G9A-015,"Elvis Auma Maina","Grade 9 A",Male,"Morgopia",5240d3f2-f001-4f04-a3d1-9c1ab148c5c0
mock_5240d3f2_G9A_016,MOCK-5240-G9A-016,"Mitchelle Nyokabi Njoroge","Grade 9 A",Female,"Morgopia",5240d3f2-f001-4f04-a3d1-9c1ab148c5c0
mock_5240d3f2_G9A_017,MOCK-5240-G9A-017,"Fredrick Odhiambo Mutiso","Grade 9 A",Male,"Morgopia",5240d3f2-f001-4f04-a3d1-9c1ab148c5c0
mock_5240d3f2_G9A_018,MOCK-5240-G9A-018,"Sylvia Rotich Wanjiru","Grade 9 A",Female,"Morgopia",5240d3f2-f001-4f04-a3d1-9c1ab148c5c0
mock_5240d3f2_G9A_019,MOCK-5240-G9A-019,"Cynthia Onyango Were","Grade 9 A",Female,"Morgopia",5240d3f2-f001-4f04-a3d1-9c1ab148c5c0
mock_5240d3f2_G9A_020,MOCK-5240-G9A-020,"Nancy Juma Adhiambo","Grade 9 A",Female,"Morgopia",5240d3f2-f001-4f04-a3d1-9c1ab148c5c0
mock_5240d3f2_G9A_021,MOCK-5240-G9A-021,"Rose Kipchoge Were","Grade 9 A",Female,"Morgopia",5240d3f2-f001-4f04-a3d1-9c1ab148c5c0
mock_5240d3f2_G9A_022,MOCK-5240-G9A-022,"Michael Achieng Gitau","Grade 9 A",Male,"Morgopia",5240d3f2-f001-4f04-a3d1-9c1ab148c5c0
mock_5240d3f2_G9A_023,MOCK-5240-G9A-023,"Eunice Onyango Gitau","Grade 9 A",Female,"Morgopia",5240d3f2-f001-4f04-a3d1-9c1ab148c5c0
mock_5240d3f2_G9A_024,MOCK-5240-G9A-024,"Elvis Nyokabi Were","Grade 9 A",Male,"Morgopia",5240d3f2-f001-4f04-a3d1-9c1ab148c5c0
mock_5240d3f2_G9A_025,MOCK-5240-G9A-025,"Janet Karanja Onyango","Grade 9 A",Female,"Morgopia",5240d3f2-f001-4f04-a3d1-9c1ab148c5c0
mock_5240d3f2_G9A_026,MOCK-5240-G9A-026,"Allan Maina Nyokabi","Grade 9 A",Male,"Morgopia",5240d3f2-f001-4f04-a3d1-9c1ab148c5c0
mock_5240d3f2_G9A_027,MOCK-5240-G9A-027,"Peter Owino Wanjiru","Grade 9 A",Male,"Morgopia",5240d3f2-f001-4f04-a3d1-9c1ab148c5c0
mock_5240d3f2_G9A_028,MOCK-5240-G9A-028,"Ian Onyango Nyokabi","Grade 9 A",Male,"Morgopia",5240d3f2-f001-4f04-a3d1-9c1ab148c5c0
mock_5240d3f2_G9A_029,MOCK-5240-G9A-029,"Ann Kamau Maina","Grade 9 A",Female,"Morgopia",5240d3f2-f001-4f04-a3d1-9c1ab148c5c0
mock_5240d3f2_G9A_030,MOCK-5240-G9A-030,"Beatrice Mutua Nyokabi","Grade 9 A",Female,"Morgopia",5240d3f2-f001-4f04-a3d1-9c1ab148c5c0
mock_5240d3f2_G9A_031,MOCK-5240-G9A-031,"George Akinyi Wanjiru","Grade 9 A",Male,"Morgopia",5240d3f2-f001-4f04-a3d1-9c1ab148c5c0
mock_5240d3f2_G9A_032,MOCK-5240-G9A-032,"Joy Kipchoge Nyambura","Grade 9 A",Female,"Morgopia",5240d3f2-f001-4f04-a3d1-9c1ab148c5c0
mock_5240d3f2_G9A_033,MOCK-5240-G9A-033,"Eric Chebet Kamau","Grade 9 A",Male,"Morgopia",5240d3f2-f001-4f04-a3d1-9c1ab148c5c0
mock_5240d3f2_G9A_034,MOCK-5240-G9A-034,"Purity Gitau Mbugua","Grade 9 A",Female,"Morgopia",5240d3f2-f001-4f04-a3d1-9c1ab148c5c0
mock_5240d3f2_G9A_035,MOCK-5240-G9A-035,"Anthony Wanjiru Njeri","Grade 9 A",Male,"Morgopia",5240d3f2-f001-4f04-a3d1-9c1ab148c5c0
mock_5240d3f2_G9A_036,MOCK-5240-G9A-036,"Nicholas Wanjiru Achieng","Grade 9 A",Male,"Morgopia",5240d3f2-f001-4f04-a3d1-9c1ab148c5c0
mock_5240d3f2_G9A_037,MOCK-5240-G9A-037,"Purity Karanja Barasa","Grade 9 A",Female,"Morgopia",5240d3f2-f001-4f04-a3d1-9c1ab148c5c0
mock_5240d3f2_G9A_038,MOCK-5240-G9A-038,"Kelvin Owino Nyambura","Grade 9 A",Male,"Morgopia",5240d3f2-f001-4f04-a3d1-9c1ab148c5c0
mock_5240d3f2_G9A_039,MOCK-5240-G9A-039,"Daniel Chepkemoi Korir","Grade 9 A",Male,"Morgopia",5240d3f2-f001-4f04-a3d1-9c1ab148c5c0
mock_5240d3f2_G9A_040,MOCK-5240-G9A-040,"Dennis Wairimu Chepkemoi","Grade 9 A",Male,"Morgopia",5240d3f2-f001-4f04-a3d1-9c1ab148c5c0
mock_5240d3f2_G9A_041,MOCK-5240-G9A-041,"Valentine Cheruiyot Wafula","Grade 9 A",Female,"Morgopia",5240d3f2-f001-4f04-a3d1-9c1ab148c5c0
mock_5240d3f2_G9A_042,MOCK-5240-G9A-042,"Pauline Adhiambo Akinyi","Grade 9 A",Female,"Morgopia",5240d3f2-f001-4f04-a3d1-9c1ab148c5c0
mock_5240d3f2_G9A_043,MOCK-5240-G9A-043,"Kelvin Achieng Mwangi","Grade 9 A",Male,"Morgopia",5240d3f2-f001-4f04-a3d1-9c1ab148c5c0
mock_5240d3f2_G9A_044,MOCK-5240-G9A-044,"Martin Otieno Wambui","Grade 9 A",Male,"Morgopia",5240d3f2-f001-4f04-a3d1-9c1ab148c5c0
mock_5240d3f2_G9A_045,MOCK-5240-G9A-045,"Maureen Otieno Wafula","Grade 9 A",Female,"Morgopia",5240d3f2-f001-4f04-a3d1-9c1ab148c5c0
mock_5240d3f2_G9A_046,MOCK-5240-G9A-046,"Kelvin Nyokabi Nyokabi","Grade 9 A",Male,"Morgopia",5240d3f2-f001-4f04-a3d1-9c1ab148c5c0
mock_5240d3f2_G9A_047,MOCK-5240-G9A-047,"Lydia Kipchoge Mbugua","Grade 9 A",Female,"Morgopia",5240d3f2-f001-4f04-a3d1-9c1ab148c5c0
mock_5240d3f2_G9A_048,MOCK-5240-G9A-048,"Valentine Nyokabi Wambui","Grade 9 A",Female,"Morgopia",5240d3f2-f001-4f04-a3d1-9c1ab148c5c0
mock_5240d3f2_G9A_049,MOCK-5240-G9A-049,"Stella Kipchoge Njeri","Grade 9 A",Female,"Morgopia",5240d3f2-f001-4f04-a3d1-9c1ab148c5c0
mock_5240d3f2_G9A_050,MOCK-5240-G9A-050,"Maureen Omondi Kibet","Grade 9 A",Female,"Morgopia",5240d3f2-f001-4f04-a3d1-9c1ab148c5c0
mock_5240d3f2_G9A_051,MOCK-5240-G9A-051,"Doreen Chebet Odhiambo","Grade 9 A",Female,"Morgopia",5240d3f2-f001-4f04-a3d1-9c1ab148c5c0
mock_5240d3f2_G9A_052,MOCK-5240-G9A-052,"Joy Cheruiyot Njeri","Grade 9 A",Female,"Morgopia",5240d3f2-f001-4f04-a3d1-9c1ab148c5c0
mock_5240d3f2_G9A_053,MOCK-5240-G9A-053,"Collins Gitau Otieno","Grade 9 A",Male,"Morgopia",5240d3f2-f001-4f04-a3d1-9c1ab148c5c0
mock_5240d3f2_G9A_054,MOCK-5240-G9A-054,"Winnie Otieno Mutua","Grade 9 A",Female,"Morgopia",5240d3f2-f001-4f04-a3d1-9c1ab148c5c0
mock_5240d3f2_G9A_055,MOCK-5240-G9A-055,"Cynthia Onyango Onyango","Grade 9 A",Female,"Morgopia",5240d3f2-f001-4f04-a3d1-9c1ab148c5c0
mock_5240d3f2_G9A_056,MOCK-5240-G9A-056,"Mitchelle Njeri Gitau","Grade 9 A",Female,"Morgopia",5240d3f2-f001-4f04-a3d1-9c1ab148c5c0
mock_5240d3f2_G9A_057,MOCK-5240-G9A-057,"Diana Omondi Simiyu","Grade 9 A",Female,"Morgopia",5240d3f2-f001-4f04-a3d1-9c1ab148c5c0
mock_5240d3f2_G9A_058,MOCK-5240-G9A-058,"Grace Chepkemoi Kamau","Grade 9 A",Female,"Morgopia",5240d3f2-f001-4f04-a3d1-9c1ab148c5c0
mock_5240d3f2_G9A_059,MOCK-5240-G9A-059,"Ann Mutiso Odhiambo","Grade 9 A",Female,"Morgopia",5240d3f2-f001-4f04-a3d1-9c1ab148c5c0
mock_5240d3f2_G9A_060,MOCK-5240-G9A-060,"Stephen Onyango Juma","Grade 9 A",Male,"Morgopia",5240d3f2-f001-4f04-a3d1-9c1ab148c5c0
mock_5240d3f2_G9B_001,MOCK-5240-G9B-001,"Martin Otieno Mutua","Grade 9 B",Male,"Morgopia",5240d3f2-f001-4f04-a3d1-9c1ab148c5c0
mock_5240d3f2_G9B_002,MOCK-5240-G9B-002,"Cynthia Owino Were","Grade 9 B",Female,"Morgopia",5240d3f2-f001-4f04-a3d1-9c1ab148c5c0
mock_5240d3f2_G9B_003,MOCK-5240-G9B-003,"Charles Achieng Mutua","Grade 9 B",Male,"Morgopia",5240d3f2-f001-4f04-a3d1-9c1ab148c5c0
mock_5240d3f2_G9B_004,MOCK-5240-G9B-004,"Cynthia Kiplagat Kiplagat","Grade 9 B",Female,"Morgopia",5240d3f2-f001-4f04-a3d1-9c1ab148c5c0
mock_5240d3f2_G9B_005,MOCK-5240-G9B-005,"Faith Auma Mutua","Grade 9 B",Female,"Morgopia",5240d3f2-f001-4f04-a3d1-9c1ab148c5c0
mock_5240d3f2_G9B_006,MOCK-5240-G9B-006,"Joseph Were Chepkemoi","Grade 9 B",Male,"Morgopia",5240d3f2-f001-4f04-a3d1-9c1ab148c5c0
mock_5240d3f2_G9B_007,MOCK-5240-G9B-007,"Cornelius Wafula Kibet","Grade 9 B",Male,"Morgopia",5240d3f2-f001-4f04-a3d1-9c1ab148c5c0
mock_5240d3f2_G9B_008,MOCK-5240-G9B-008,"Linet Owino Mutiso","Grade 9 B",Female,"Morgopia",5240d3f2-f001-4f04-a3d1-9c1ab148c5c0
mock_5240d3f2_G9B_009,MOCK-5240-G9B-009,"Christine Odhiambo Kipchoge","Grade 9 B",Female,"Morgopia",5240d3f2-f001-4f04-a3d1-9c1ab148c5c0
mock_5240d3f2_G9B_010,MOCK-5240-G9B-010,"Pauline Barasa Nyokabi","Grade 9 B",Female,"Morgopia",5240d3f2-f001-4f04-a3d1-9c1ab148c5c0
mock_5240d3f2_G9B_011,MOCK-5240-G9B-011,"Vincent Adhiambo Nyokabi","Grade 9 B",Male,"Morgopia",5240d3f2-f001-4f04-a3d1-9c1ab148c5c0
mock_5240d3f2_G9B_012,MOCK-5240-G9B-012,"Esther Owino Omondi","Grade 9 B",Female,"Morgopia",5240d3f2-f001-4f04-a3d1-9c1ab148c5c0
mock_5240d3f2_G9B_013,MOCK-5240-G9B-013,"Samuel Ochieng Were","Grade 9 B",Male,"Morgopia",5240d3f2-f001-4f04-a3d1-9c1ab148c5c0
mock_5240d3f2_G9B_014,MOCK-5240-G9B-014,"Fredrick Chebet Simiyu","Grade 9 B",Male,"Morgopia",5240d3f2-f001-4f04-a3d1-9c1ab148c5c0
mock_5240d3f2_G9B_015,MOCK-5240-G9B-015,"Dennis Korir Kipchoge","Grade 9 B",Male,"Morgopia",5240d3f2-f001-4f04-a3d1-9c1ab148c5c0
mock_5240d3f2_G9B_016,MOCK-5240-G9B-016,"Kelvin Akinyi Karanja","Grade 9 B",Male,"Morgopia",5240d3f2-f001-4f04-a3d1-9c1ab148c5c0
mock_5240d3f2_G9B_017,MOCK-5240-G9B-017,"Peter Korir Owino","Grade 9 B",Male,"Morgopia",5240d3f2-f001-4f04-a3d1-9c1ab148c5c0
mock_5240d3f2_G9B_018,MOCK-5240-G9B-018,"Brian Barasa Odhiambo","Grade 9 B",Male,"Morgopia",5240d3f2-f001-4f04-a3d1-9c1ab148c5c0
mock_5240d3f2_G9B_019,MOCK-5240-G9B-019,"Maureen Njeri Barasa","Grade 9 B",Female,"Morgopia",5240d3f2-f001-4f04-a3d1-9c1ab148c5c0
mock_5240d3f2_G9B_020,MOCK-5240-G9B-020,"George Rotich Mutua","Grade 9 B",Male,"Morgopia",5240d3f2-f001-4f04-a3d1-9c1ab148c5c0
mock_5240d3f2_G9B_021,MOCK-5240-G9B-021,"Ann Kipchoge Kipchoge","Grade 9 B",Female,"Morgopia",5240d3f2-f001-4f04-a3d1-9c1ab148c5c0
mock_5240d3f2_G9B_022,MOCK-5240-G9B-022,"Elvis Njeri Wambui","Grade 9 B",Male,"Morgopia",5240d3f2-f001-4f04-a3d1-9c1ab148c5c0
mock_5240d3f2_G9B_023,MOCK-5240-G9B-023,"Martin Njeri Wambui","Grade 9 B",Male,"Morgopia",5240d3f2-f001-4f04-a3d1-9c1ab148c5c0
mock_5240d3f2_G9B_024,MOCK-5240-G9B-024,"Valentine Barasa Barasa","Grade 9 B",Female,"Morgopia",5240d3f2-f001-4f04-a3d1-9c1ab148c5c0
mock_5240d3f2_G9B_025,MOCK-5240-G9B-025,"Faith Adhiambo Mutiso","Grade 9 B",Female,"Morgopia",5240d3f2-f001-4f04-a3d1-9c1ab148c5c0
mock_5240d3f2_G9B_026,MOCK-5240-G9B-026,"Sylvia Kibet Mwangi","Grade 9 B",Female,"Morgopia",5240d3f2-f001-4f04-a3d1-9c1ab148c5c0
mock_5240d3f2_G9B_027,MOCK-5240-G9B-027,"Brenda Wanjiru Wanjiru","Grade 9 B",Female,"Morgopia",5240d3f2-f001-4f04-a3d1-9c1ab148c5c0
mock_5240d3f2_G9B_028,MOCK-5240-G9B-028,"Stephen Njoroge Omondi","Grade 9 B",Male,"Morgopia",5240d3f2-f001-4f04-a3d1-9c1ab148c5c0
mock_5240d3f2_G9B_029,MOCK-5240-G9B-029,"Winnie Akinyi Maina","Grade 9 B",Female,"Morgopia",5240d3f2-f001-4f04-a3d1-9c1ab148c5c0
mock_5240d3f2_G9B_030,MOCK-5240-G9B-030,"Esther Wafula Wairimu","Grade 9 B",Female,"Morgopia",5240d3f2-f001-4f04-a3d1-9c1ab148c5c0
mock_5240d3f2_G9B_031,MOCK-5240-G9B-031,"Eunice Gitau Odhiambo","Grade 9 B",Female,"Morgopia",5240d3f2-f001-4f04-a3d1-9c1ab148c5c0
mock_5240d3f2_G9B_032,MOCK-5240-G9B-032,"Winnie Auma Maina","Grade 9 B",Female,"Morgopia",5240d3f2-f001-4f04-a3d1-9c1ab148c5c0
mock_5240d3f2_G9B_033,MOCK-5240-G9B-033,"Stephen Odhiambo Chepkemoi","Grade 9 B",Male,"Morgopia",5240d3f2-f001-4f04-a3d1-9c1ab148c5c0
mock_5240d3f2_G9B_034,MOCK-5240-G9B-034,"Doreen Gitau Mbugua","Grade 9 B",Female,"Morgopia",5240d3f2-f001-4f04-a3d1-9c1ab148c5c0
mock_5240d3f2_G9B_035,MOCK-5240-G9B-035,"Allan Nyambura Were","Grade 9 B",Male,"Morgopia",5240d3f2-f001-4f04-a3d1-9c1ab148c5c0
mock_5240d3f2_G9B_036,MOCK-5240-G9B-036,"Winnie Mbugua Kibet","Grade 9 B",Female,"Morgopia",5240d3f2-f001-4f04-a3d1-9c1ab148c5c0
mock_5240d3f2_G9B_037,MOCK-5240-G9B-037,"Allan Mutua Njoroge","Grade 9 B",Male,"Morgopia",5240d3f2-f001-4f04-a3d1-9c1ab148c5c0
mock_5240d3f2_G9B_038,MOCK-5240-G9B-038,"Rose Wafula Achieng","Grade 9 B",Female,"Morgopia",5240d3f2-f001-4f04-a3d1-9c1ab148c5c0
mock_5240d3f2_G9B_039,MOCK-5240-G9B-039,"Anthony Auma Mutua","Grade 9 B",Male,"Morgopia",5240d3f2-f001-4f04-a3d1-9c1ab148c5c0
mock_5240d3f2_G9B_040,MOCK-5240-G9B-040,"Nicholas Auma Wairimu","Grade 9 B",Male,"Morgopia",5240d3f2-f001-4f04-a3d1-9c1ab148c5c0
mock_5240d3f2_G9B_041,MOCK-5240-G9B-041,"Vincent Achieng Chebet","Grade 9 B",Male,"Morgopia",5240d3f2-f001-4f04-a3d1-9c1ab148c5c0
mock_5240d3f2_G9B_042,MOCK-5240-G9B-042,"Vincent Gitau Chebet","Grade 9 B",Male,"Morgopia",5240d3f2-f001-4f04-a3d1-9c1ab148c5c0
mock_5240d3f2_G9B_043,MOCK-5240-G9B-043,"Doreen Odhiambo Mutiso","Grade 9 B",Female,"Morgopia",5240d3f2-f001-4f04-a3d1-9c1ab148c5c0
mock_5240d3f2_G9B_044,MOCK-5240-G9B-044,"Rose Barasa Njeri","Grade 9 B",Female,"Morgopia",5240d3f2-f001-4f04-a3d1-9c1ab148c5c0
mock_5240d3f2_G9B_045,MOCK-5240-G9B-045,"Emmanuel Onyango Kariuki","Grade 9 B",Male,"Morgopia",5240d3f2-f001-4f04-a3d1-9c1ab148c5c0
mock_5240d3f2_G9B_046,MOCK-5240-G9B-046,"Gideon Wafula Mbugua","Grade 9 B",Male,"Morgopia",5240d3f2-f001-4f04-a3d1-9c1ab148c5c0
mock_5240d3f2_G9B_047,MOCK-5240-G9B-047,"Eunice Were Owino","Grade 9 B",Female,"Morgopia",5240d3f2-f001-4f04-a3d1-9c1ab148c5c0
mock_5240d3f2_G9B_048,MOCK-5240-G9B-048,"Gideon Maina Njoroge","Grade 9 B",Male,"Morgopia",5240d3f2-f001-4f04-a3d1-9c1ab148c5c0
mock_5240d3f2_G9B_049,MOCK-5240-G9B-049,"Doreen Kibet Otieno","Grade 9 B",Female,"Morgopia",5240d3f2-f001-4f04-a3d1-9c1ab148c5c0
mock_5240d3f2_G9B_050,MOCK-5240-G9B-050,"Stella Mbugua Kibet","Grade 9 B",Female,"Morgopia",5240d3f2-f001-4f04-a3d1-9c1ab148c5c0
mock_5240d3f2_G9B_051,MOCK-5240-G9B-051,"Stella Kiplagat Onyango","Grade 9 B",Female,"Morgopia",5240d3f2-f001-4f04-a3d1-9c1ab148c5c0
mock_5240d3f2_G9B_052,MOCK-5240-G9B-052,"Ann Korir Onyango","Grade 9 B",Female,"Morgopia",5240d3f2-f001-4f04-a3d1-9c1ab148c5c0
mock_5240d3f2_G9B_053,MOCK-5240-G9B-053,"Mitchelle Chebet Kibet","Grade 9 B",Female,"Morgopia",5240d3f2-f001-4f04-a3d1-9c1ab148c5c0
mock_5240d3f2_G9B_054,MOCK-5240-G9B-054,"Stephen Chepkemoi Achieng","Grade 9 B",Male,"Morgopia",5240d3f2-f001-4f04-a3d1-9c1ab148c5c0
mock_5240d3f2_G9B_055,MOCK-5240-G9B-055,"Elvis Simiyu Akinyi","Grade 9 B",Male,"Morgopia",5240d3f2-f001-4f04-a3d1-9c1ab148c5c0
mock_5240d3f2_G9B_056,MOCK-5240-G9B-056,"Fredrick Cheruiyot Mbugua","Grade 9 B",Male,"Morgopia",5240d3f2-f001-4f04-a3d1-9c1ab148c5c0
mock_5240d3f2_G9B_057,MOCK-5240-G9B-057,"Mercy Mutua Adhiambo","Grade 9 B",Female,"Morgopia",5240d3f2-f001-4f04-a3d1-9c1ab148c5c0
mock_5240d3f2_G9B_058,MOCK-5240-G9B-058,"Mercy Mutua Achieng","Grade 9 B",Female,"Morgopia",5240d3f2-f001-4f04-a3d1-9c1ab148c5c0
mock_5240d3f2_G9B_059,MOCK-5240-G9B-059,"Michael Njoroge Kamau","Grade 9 B",Male,"Morgopia",5240d3f2-f001-4f04-a3d1-9c1ab148c5c0
mock_5240d3f2_G9B_060,MOCK-5240-G9B-060,"Winnie Ochieng Gitau","Grade 9 B",Female,"Morgopia",5240d3f2-f001-4f04-a3d1-9c1ab148c5c0
mock_5240d3f2_G10A_001,MOCK-5240-G10A-001,"Charles Nyokabi Chepkemoi","Grade 10 A",Male,"Morgopia",5240d3f2-f001-4f04-a3d1-9c1ab148c5c0
mock_5240d3f2_G10A_002,MOCK-5240-G10A-002,"Mary Njoroge Cheruiyot","Grade 10 A",Female,"Morgopia",5240d3f2-f001-4f04-a3d1-9c1ab148c5c0
mock_5240d3f2_G10A_003,MOCK-5240-G10A-003,"Lucy Wambui Nyambura","Grade 10 A",Female,"Morgopia",5240d3f2-f001-4f04-a3d1-9c1ab148c5c0
mock_5240d3f2_G10A_004,MOCK-5240-G10A-004,"Duncan Juma Rotich","Grade 10 A",Male,"Morgopia",5240d3f2-f001-4f04-a3d1-9c1ab148c5c0
mock_5240d3f2_G10A_005,MOCK-5240-G10A-005,"Felix Chepkemoi Chepkemoi","Grade 10 A",Male,"Morgopia",5240d3f2-f001-4f04-a3d1-9c1ab148c5c0
mock_5240d3f2_G10A_006,MOCK-5240-G10A-006,"Mercy Nyokabi Adhiambo","Grade 10 A",Female,"Morgopia",5240d3f2-f001-4f04-a3d1-9c1ab148c5c0
mock_5240d3f2_G10A_007,MOCK-5240-G10A-007,"Diana Mutiso Owino","Grade 10 A",Female,"Morgopia",5240d3f2-f001-4f04-a3d1-9c1ab148c5c0
mock_5240d3f2_G10A_008,MOCK-5240-G10A-008,"Michael Wairimu Adhiambo","Grade 10 A",Male,"Morgopia",5240d3f2-f001-4f04-a3d1-9c1ab148c5c0
mock_5240d3f2_G10A_009,MOCK-5240-G10A-009,"Stephen Onyango Gitau","Grade 10 A",Male,"Morgopia",5240d3f2-f001-4f04-a3d1-9c1ab148c5c0
mock_5240d3f2_G10A_010,MOCK-5240-G10A-010,"Collins Owino Chepkemoi","Grade 10 A",Male,"Morgopia",5240d3f2-f001-4f04-a3d1-9c1ab148c5c0
mock_5240d3f2_G10A_011,MOCK-5240-G10A-011,"Pauline Nyokabi Cheruiyot","Grade 10 A",Female,"Morgopia",5240d3f2-f001-4f04-a3d1-9c1ab148c5c0
mock_5240d3f2_G10A_012,MOCK-5240-G10A-012,"Elvis Chepkemoi Maina","Grade 10 A",Male,"Morgopia",5240d3f2-f001-4f04-a3d1-9c1ab148c5c0
mock_5240d3f2_G10A_013,MOCK-5240-G10A-013,"Brian Maina Akinyi","Grade 10 A",Male,"Morgopia",5240d3f2-f001-4f04-a3d1-9c1ab148c5c0
mock_5240d3f2_G10A_014,MOCK-5240-G10A-014,"Doreen Nyambura Mbugua","Grade 10 A",Female,"Morgopia",5240d3f2-f001-4f04-a3d1-9c1ab148c5c0
mock_5240d3f2_G10A_015,MOCK-5240-G10A-015,"Charles Mutua Rotich","Grade 10 A",Male,"Morgopia",5240d3f2-f001-4f04-a3d1-9c1ab148c5c0
mock_5240d3f2_G10A_016,MOCK-5240-G10A-016,"Lydia Otieno Omondi","Grade 10 A",Female,"Morgopia",5240d3f2-f001-4f04-a3d1-9c1ab148c5c0
mock_5240d3f2_G10A_017,MOCK-5240-G10A-017,"Emmanuel Simiyu Karanja","Grade 10 A",Male,"Morgopia",5240d3f2-f001-4f04-a3d1-9c1ab148c5c0
mock_5240d3f2_G10A_018,MOCK-5240-G10A-018,"Allan Kariuki Wambui","Grade 10 A",Male,"Morgopia",5240d3f2-f001-4f04-a3d1-9c1ab148c5c0
mock_5240d3f2_G10A_019,MOCK-5240-G10A-019,"Victor Wanjiru Odhiambo","Grade 10 A",Male,"Morgopia",5240d3f2-f001-4f04-a3d1-9c1ab148c5c0
mock_5240d3f2_G10A_020,MOCK-5240-G10A-020,"Collins Adhiambo Kamau","Grade 10 A",Male,"Morgopia",5240d3f2-f001-4f04-a3d1-9c1ab148c5c0
mock_5240d3f2_G10A_021,MOCK-5240-G10A-021,"Joy Karanja Wafula","Grade 10 A",Female,"Morgopia",5240d3f2-f001-4f04-a3d1-9c1ab148c5c0
mock_5240d3f2_G10A_022,MOCK-5240-G10A-022,"Peter Rotich Kamau","Grade 10 A",Male,"Morgopia",5240d3f2-f001-4f04-a3d1-9c1ab148c5c0
mock_5240d3f2_G10A_023,MOCK-5240-G10A-023,"Cynthia Nyokabi Korir","Grade 10 A",Female,"Morgopia",5240d3f2-f001-4f04-a3d1-9c1ab148c5c0
mock_5240d3f2_G10A_024,MOCK-5240-G10A-024,"Kevin Wambui Chebet","Grade 10 A",Male,"Morgopia",5240d3f2-f001-4f04-a3d1-9c1ab148c5c0
mock_5240d3f2_G10A_025,MOCK-5240-G10A-025,"Duncan Cheruiyot Gitau","Grade 10 A",Male,"Morgopia",5240d3f2-f001-4f04-a3d1-9c1ab148c5c0
mock_5240d3f2_G10A_026,MOCK-5240-G10A-026,"Eric Owino Auma","Grade 10 A",Male,"Morgopia",5240d3f2-f001-4f04-a3d1-9c1ab148c5c0
mock_5240d3f2_G10A_027,MOCK-5240-G10A-027,"Cynthia Otieno Karanja","Grade 10 A",Female,"Morgopia",5240d3f2-f001-4f04-a3d1-9c1ab148c5c0
mock_5240d3f2_G10A_028,MOCK-5240-G10A-028,"Felix Kipchoge Wanjiru","Grade 10 A",Male,"Morgopia",5240d3f2-f001-4f04-a3d1-9c1ab148c5c0
mock_5240d3f2_G10A_029,MOCK-5240-G10A-029,"Peter Kiplagat Korir","Grade 10 A",Male,"Morgopia",5240d3f2-f001-4f04-a3d1-9c1ab148c5c0
mock_5240d3f2_G10A_030,MOCK-5240-G10A-030,"Victor Nyokabi Juma","Grade 10 A",Male,"Morgopia",5240d3f2-f001-4f04-a3d1-9c1ab148c5c0
mock_5240d3f2_G10A_031,MOCK-5240-G10A-031,"Grace Cheruiyot Onyango","Grade 10 A",Female,"Morgopia",5240d3f2-f001-4f04-a3d1-9c1ab148c5c0
mock_5240d3f2_G10A_032,MOCK-5240-G10A-032,"Winnie Chebet Owino","Grade 10 A",Female,"Morgopia",5240d3f2-f001-4f04-a3d1-9c1ab148c5c0
mock_5240d3f2_G10A_033,MOCK-5240-G10A-033,"Joseph Odhiambo Rotich","Grade 10 A",Male,"Morgopia",5240d3f2-f001-4f04-a3d1-9c1ab148c5c0
mock_5240d3f2_G10A_034,MOCK-5240-G10A-034,"Joseph Otieno Rotich","Grade 10 A",Male,"Morgopia",5240d3f2-f001-4f04-a3d1-9c1ab148c5c0
mock_5240d3f2_G10A_035,MOCK-5240-G10A-035,"Stella Rotich Barasa","Grade 10 A",Female,"Morgopia",5240d3f2-f001-4f04-a3d1-9c1ab148c5c0
mock_5240d3f2_G10A_036,MOCK-5240-G10A-036,"Victor Gitau Mwangi","Grade 10 A",Male,"Morgopia",5240d3f2-f001-4f04-a3d1-9c1ab148c5c0
mock_5240d3f2_G10A_037,MOCK-5240-G10A-037,"Stephen Mutiso Chepkemoi","Grade 10 A",Male,"Morgopia",5240d3f2-f001-4f04-a3d1-9c1ab148c5c0
mock_5240d3f2_G10A_038,MOCK-5240-G10A-038,"Eric Akinyi Ochieng","Grade 10 A",Male,"Morgopia",5240d3f2-f001-4f04-a3d1-9c1ab148c5c0
mock_5240d3f2_G10A_039,MOCK-5240-G10A-039,"Brian Gitau Achieng","Grade 10 A",Male,"Morgopia",5240d3f2-f001-4f04-a3d1-9c1ab148c5c0
mock_5240d3f2_G10A_040,MOCK-5240-G10A-040,"Duncan Barasa Kipchoge","Grade 10 A",Male,"Morgopia",5240d3f2-f001-4f04-a3d1-9c1ab148c5c0
mock_5240d3f2_G10A_041,MOCK-5240-G10A-041,"Doreen Gitau Ochieng","Grade 10 A",Female,"Morgopia",5240d3f2-f001-4f04-a3d1-9c1ab148c5c0
mock_5240d3f2_G10A_042,MOCK-5240-G10A-042,"Allan Karanja Simiyu","Grade 10 A",Male,"Morgopia",5240d3f2-f001-4f04-a3d1-9c1ab148c5c0
mock_5240d3f2_G10A_043,MOCK-5240-G10A-043,"Linet Auma Nyambura","Grade 10 A",Female,"Morgopia",5240d3f2-f001-4f04-a3d1-9c1ab148c5c0
mock_5240d3f2_G10A_044,MOCK-5240-G10A-044,"Eric Owino Juma","Grade 10 A",Male,"Morgopia",5240d3f2-f001-4f04-a3d1-9c1ab148c5c0
mock_5240d3f2_G10A_045,MOCK-5240-G10A-045,"Ann Cheruiyot Onyango","Grade 10 A",Female,"Morgopia",5240d3f2-f001-4f04-a3d1-9c1ab148c5c0
mock_5240d3f2_G10A_046,MOCK-5240-G10A-046,"Joseph Njeri Kariuki","Grade 10 A",Male,"Morgopia",5240d3f2-f001-4f04-a3d1-9c1ab148c5c0
mock_5240d3f2_G10A_047,MOCK-5240-G10A-047,"Vincent Atieno Mbugua","Grade 10 A",Male,"Morgopia",5240d3f2-f001-4f04-a3d1-9c1ab148c5c0
mock_5240d3f2_G10A_048,MOCK-5240-G10A-048,"Valentine Wairimu Otieno","Grade 10 A",Female,"Morgopia",5240d3f2-f001-4f04-a3d1-9c1ab148c5c0
mock_5240d3f2_G10A_049,MOCK-5240-G10A-049,"Felix Nyambura Mutiso","Grade 10 A",Male,"Morgopia",5240d3f2-f001-4f04-a3d1-9c1ab148c5c0
mock_5240d3f2_G10A_050,MOCK-5240-G10A-050,"Mitchelle Akinyi Odhiambo","Grade 10 A",Female,"Morgopia",5240d3f2-f001-4f04-a3d1-9c1ab148c5c0
mock_5240d3f2_G10A_051,MOCK-5240-G10A-051,"Caroline Auma Gitau","Grade 10 A",Female,"Morgopia",5240d3f2-f001-4f04-a3d1-9c1ab148c5c0
mock_5240d3f2_G10A_052,MOCK-5240-G10A-052,"Lucy Otieno Mutiso","Grade 10 A",Female,"Morgopia",5240d3f2-f001-4f04-a3d1-9c1ab148c5c0
mock_5240d3f2_G10A_053,MOCK-5240-G10A-053,"Peter Odhiambo Wanjiru","Grade 10 A",Male,"Morgopia",5240d3f2-f001-4f04-a3d1-9c1ab148c5c0
mock_5240d3f2_G10A_054,MOCK-5240-G10A-054,"Cynthia Mutiso Simiyu","Grade 10 A",Female,"Morgopia",5240d3f2-f001-4f04-a3d1-9c1ab148c5c0
mock_5240d3f2_G10A_055,MOCK-5240-G10A-055,"Esther Otieno Auma","Grade 10 A",Female,"Morgopia",5240d3f2-f001-4f04-a3d1-9c1ab148c5c0
mock_5240d3f2_G10A_056,MOCK-5240-G10A-056,"Allan Otieno Mwangi","Grade 10 A",Male,"Morgopia",5240d3f2-f001-4f04-a3d1-9c1ab148c5c0
mock_5240d3f2_G10A_057,MOCK-5240-G10A-057,"Lydia Korir Mwangi","Grade 10 A",Female,"Morgopia",5240d3f2-f001-4f04-a3d1-9c1ab148c5c0
mock_5240d3f2_G10A_058,MOCK-5240-G10A-058,"Allan Karanja Kibet","Grade 10 A",Male,"Morgopia",5240d3f2-f001-4f04-a3d1-9c1ab148c5c0
mock_5240d3f2_G10A_059,MOCK-5240-G10A-059,"Mitchelle Kibet Mbugua","Grade 10 A",Female,"Morgopia",5240d3f2-f001-4f04-a3d1-9c1ab148c5c0
mock_5240d3f2_G10A_060,MOCK-5240-G10A-060,"George Kariuki Mwangi","Grade 10 A",Male,"Morgopia",5240d3f2-f001-4f04-a3d1-9c1ab148c5c0
mock_5240d3f2_G10B_001,MOCK-5240-G10B-001,"Beatrice Karanja Ochieng","Grade 10 B",Female,"Morgopia",5240d3f2-f001-4f04-a3d1-9c1ab148c5c0
mock_5240d3f2_G10B_002,MOCK-5240-G10B-002,"Peter Wafula Mbugua","Grade 10 B",Male,"Morgopia",5240d3f2-f001-4f04-a3d1-9c1ab148c5c0
mock_5240d3f2_G10B_003,MOCK-5240-G10B-003,"Ian Wairimu Mutiso","Grade 10 B",Male,"Morgopia",5240d3f2-f001-4f04-a3d1-9c1ab148c5c0
mock_5240d3f2_G10B_004,MOCK-5240-G10B-004,"Vincent Wairimu Kibet","Grade 10 B",Male,"Morgopia",5240d3f2-f001-4f04-a3d1-9c1ab148c5c0
mock_5240d3f2_G10B_005,MOCK-5240-G10B-005,"Anthony Kipchoge Wambui","Grade 10 B",Male,"Morgopia",5240d3f2-f001-4f04-a3d1-9c1ab148c5c0
mock_5240d3f2_G10B_006,MOCK-5240-G10B-006,"Gideon Mbugua Onyango","Grade 10 B",Male,"Morgopia",5240d3f2-f001-4f04-a3d1-9c1ab148c5c0
mock_5240d3f2_G10B_007,MOCK-5240-G10B-007,"Kelvin Gitau Atieno","Grade 10 B",Male,"Morgopia",5240d3f2-f001-4f04-a3d1-9c1ab148c5c0
mock_5240d3f2_G10B_008,MOCK-5240-G10B-008,"Stella Akinyi Otieno","Grade 10 B",Female,"Morgopia",5240d3f2-f001-4f04-a3d1-9c1ab148c5c0
mock_5240d3f2_G10B_009,MOCK-5240-G10B-009,"Allan Njeri Mbugua","Grade 10 B",Male,"Morgopia",5240d3f2-f001-4f04-a3d1-9c1ab148c5c0
mock_5240d3f2_G10B_010,MOCK-5240-G10B-010,"Esther Cheruiyot Wanjiru","Grade 10 B",Female,"Morgopia",5240d3f2-f001-4f04-a3d1-9c1ab148c5c0
mock_5240d3f2_G10B_011,MOCK-5240-G10B-011,"Brian Odhiambo Odhiambo","Grade 10 B",Male,"Morgopia",5240d3f2-f001-4f04-a3d1-9c1ab148c5c0
mock_5240d3f2_G10B_012,MOCK-5240-G10B-012,"Janet Kipchoge Korir","Grade 10 B",Female,"Morgopia",5240d3f2-f001-4f04-a3d1-9c1ab148c5c0
mock_5240d3f2_G10B_013,MOCK-5240-G10B-013,"Kevin Barasa Auma","Grade 10 B",Male,"Morgopia",5240d3f2-f001-4f04-a3d1-9c1ab148c5c0
mock_5240d3f2_G10B_014,MOCK-5240-G10B-014,"Ian Cheruiyot Simiyu","Grade 10 B",Male,"Morgopia",5240d3f2-f001-4f04-a3d1-9c1ab148c5c0
mock_5240d3f2_G10B_015,MOCK-5240-G10B-015,"Sylvia Simiyu Barasa","Grade 10 B",Female,"Morgopia",5240d3f2-f001-4f04-a3d1-9c1ab148c5c0
mock_5240d3f2_G10B_016,MOCK-5240-G10B-016,"Brenda Achieng Owino","Grade 10 B",Female,"Morgopia",5240d3f2-f001-4f04-a3d1-9c1ab148c5c0
mock_5240d3f2_G10B_017,MOCK-5240-G10B-017,"Felix Kipchoge Wanjiru","Grade 10 B",Male,"Morgopia",5240d3f2-f001-4f04-a3d1-9c1ab148c5c0
mock_5240d3f2_G10B_018,MOCK-5240-G10B-018,"Charles Cheruiyot Mutiso","Grade 10 B",Male,"Morgopia",5240d3f2-f001-4f04-a3d1-9c1ab148c5c0
mock_5240d3f2_G10B_019,MOCK-5240-G10B-019,"Charles Mbugua Mwangi","Grade 10 B",Male,"Morgopia",5240d3f2-f001-4f04-a3d1-9c1ab148c5c0
mock_5240d3f2_G10B_020,MOCK-5240-G10B-020,"Janet Wafula Atieno","Grade 10 B",Female,"Morgopia",5240d3f2-f001-4f04-a3d1-9c1ab148c5c0
mock_5240d3f2_G10B_021,MOCK-5240-G10B-021,"Michael Karanja Nyokabi","Grade 10 B",Male,"Morgopia",5240d3f2-f001-4f04-a3d1-9c1ab148c5c0
mock_5240d3f2_G10B_022,MOCK-5240-G10B-022,"Joseph Wambui Wambui","Grade 10 B",Male,"Morgopia",5240d3f2-f001-4f04-a3d1-9c1ab148c5c0
mock_5240d3f2_G10B_023,MOCK-5240-G10B-023,"Joseph Akinyi Kiplagat","Grade 10 B",Male,"Morgopia",5240d3f2-f001-4f04-a3d1-9c1ab148c5c0
mock_5240d3f2_G10B_024,MOCK-5240-G10B-024,"Caroline Njoroge Auma","Grade 10 B",Female,"Morgopia",5240d3f2-f001-4f04-a3d1-9c1ab148c5c0
mock_5240d3f2_G10B_025,MOCK-5240-G10B-025,"Brayan Mbugua Cheruiyot","Grade 10 B",Male,"Morgopia",5240d3f2-f001-4f04-a3d1-9c1ab148c5c0
mock_5240d3f2_G10B_026,MOCK-5240-G10B-026,"Linet Adhiambo Chebet","Grade 10 B",Female,"Morgopia",5240d3f2-f001-4f04-a3d1-9c1ab148c5c0
mock_5240d3f2_G10B_027,MOCK-5240-G10B-027,"Stephen Mwangi Onyango","Grade 10 B",Male,"Morgopia",5240d3f2-f001-4f04-a3d1-9c1ab148c5c0
mock_5240d3f2_G10B_028,MOCK-5240-G10B-028,"Cynthia Njeri Korir","Grade 10 B",Female,"Morgopia",5240d3f2-f001-4f04-a3d1-9c1ab148c5c0
mock_5240d3f2_G10B_029,MOCK-5240-G10B-029,"Lucy Gitau Achieng","Grade 10 B",Female,"Morgopia",5240d3f2-f001-4f04-a3d1-9c1ab148c5c0
mock_5240d3f2_G10B_030,MOCK-5240-G10B-030,"Emmanuel Nyokabi Mutiso","Grade 10 B",Male,"Morgopia",5240d3f2-f001-4f04-a3d1-9c1ab148c5c0
mock_5240d3f2_G10B_031,MOCK-5240-G10B-031,"Stephen Kiplagat Were","Grade 10 B",Male,"Morgopia",5240d3f2-f001-4f04-a3d1-9c1ab148c5c0
mock_5240d3f2_G10B_032,MOCK-5240-G10B-032,"Nicholas Mwangi Akinyi","Grade 10 B",Male,"Morgopia",5240d3f2-f001-4f04-a3d1-9c1ab148c5c0
mock_5240d3f2_G10B_033,MOCK-5240-G10B-033,"Nancy Juma Atieno","Grade 10 B",Female,"Morgopia",5240d3f2-f001-4f04-a3d1-9c1ab148c5c0
mock_5240d3f2_G10B_034,MOCK-5240-G10B-034,"Kevin Rotich Korir","Grade 10 B",Male,"Morgopia",5240d3f2-f001-4f04-a3d1-9c1ab148c5c0
mock_5240d3f2_G10B_035,MOCK-5240-G10B-035,"George Were Auma","Grade 10 B",Male,"Morgopia",5240d3f2-f001-4f04-a3d1-9c1ab148c5c0
mock_5240d3f2_G10B_036,MOCK-5240-G10B-036,"Ann Chebet Njeri","Grade 10 B",Female,"Morgopia",5240d3f2-f001-4f04-a3d1-9c1ab148c5c0
mock_5240d3f2_G10B_037,MOCK-5240-G10B-037,"Faith Wambui Achieng","Grade 10 B",Female,"Morgopia",5240d3f2-f001-4f04-a3d1-9c1ab148c5c0
mock_5240d3f2_G10B_038,MOCK-5240-G10B-038,"Sylvia Nyambura Mutiso","Grade 10 B",Female,"Morgopia",5240d3f2-f001-4f04-a3d1-9c1ab148c5c0
mock_5240d3f2_G10B_039,MOCK-5240-G10B-039,"George Otieno Njeri","Grade 10 B",Male,"Morgopia",5240d3f2-f001-4f04-a3d1-9c1ab148c5c0
mock_5240d3f2_G10B_040,MOCK-5240-G10B-040,"Caroline Karanja Wafula","Grade 10 B",Female,"Morgopia",5240d3f2-f001-4f04-a3d1-9c1ab148c5c0
mock_5240d3f2_G10B_041,MOCK-5240-G10B-041,"Linet Njoroge Wafula","Grade 10 B",Female,"Morgopia",5240d3f2-f001-4f04-a3d1-9c1ab148c5c0
mock_5240d3f2_G10B_042,MOCK-5240-G10B-042,"Samuel Auma Barasa","Grade 10 B",Male,"Morgopia",5240d3f2-f001-4f04-a3d1-9c1ab148c5c0
mock_5240d3f2_G10B_043,MOCK-5240-G10B-043,"Eunice Kariuki Kamau","Grade 10 B",Female,"Morgopia",5240d3f2-f001-4f04-a3d1-9c1ab148c5c0
mock_5240d3f2_G10B_044,MOCK-5240-G10B-044,"Mitchelle Nyokabi Achieng","Grade 10 B",Female,"Morgopia",5240d3f2-f001-4f04-a3d1-9c1ab148c5c0
mock_5240d3f2_G10B_045,MOCK-5240-G10B-045,"Stella Mutiso Maina","Grade 10 B",Female,"Morgopia",5240d3f2-f001-4f04-a3d1-9c1ab148c5c0
mock_5240d3f2_G10B_046,MOCK-5240-G10B-046,"Cynthia Mutiso Akinyi","Grade 10 B",Female,"Morgopia",5240d3f2-f001-4f04-a3d1-9c1ab148c5c0
mock_5240d3f2_G10B_047,MOCK-5240-G10B-047,"Dennis Owino Mutiso","Grade 10 B",Male,"Morgopia",5240d3f2-f001-4f04-a3d1-9c1ab148c5c0
mock_5240d3f2_G10B_048,MOCK-5240-G10B-048,"Valentine Gitau Owino","Grade 10 B",Female,"Morgopia",5240d3f2-f001-4f04-a3d1-9c1ab148c5c0
mock_5240d3f2_G10B_049,MOCK-5240-G10B-049,"Emmanuel Wafula Were","Grade 10 B",Male,"Morgopia",5240d3f2-f001-4f04-a3d1-9c1ab148c5c0
mock_5240d3f2_G10B_050,MOCK-5240-G10B-050,"Janet Njeri Wanjiru","Grade 10 B",Female,"Morgopia",5240d3f2-f001-4f04-a3d1-9c1ab148c5c0
mock_5240d3f2_G10B_051,MOCK-5240-G10B-051,"Patrick Were Wambui","Grade 10 B",Male,"Morgopia",5240d3f2-f001-4f04-a3d1-9c1ab148c5c0
mock_5240d3f2_G10B_052,MOCK-5240-G10B-052,"Victor Wanjiru Cheruiyot","Grade 10 B",Male,"Morgopia",5240d3f2-f001-4f04-a3d1-9c1ab148c5c0
mock_5240d3f2_G10B_053,MOCK-5240-G10B-053,"Lucy Kipchoge Korir","Grade 10 B",Female,"Morgopia",5240d3f2-f001-4f04-a3d1-9c1ab148c5c0
mock_5240d3f2_G10B_054,MOCK-5240-G10B-054,"Ann Korir Ochieng","Grade 10 B",Female,"Morgopia",5240d3f2-f001-4f04-a3d1-9c1ab148c5c0
mock_5240d3f2_G10B_055,MOCK-5240-G10B-055,"Stephen Otieno Korir","Grade 10 B",Male,"Morgopia",5240d3f2-f001-4f04-a3d1-9c1ab148c5c0
mock_5240d3f2_G10B_056,MOCK-5240-G10B-056,"Lydia Odhiambo Simiyu","Grade 10 B",Female,"Morgopia",5240d3f2-f001-4f04-a3d1-9c1ab148c5c0
mock_5240d3f2_G10B_057,MOCK-5240-G10B-057,"Martin Owino Mutua","Grade 10 B",Male,"Morgopia",5240d3f2-f001-4f04-a3d1-9c1ab148c5c0
mock_5240d3f2_G10B_058,MOCK-5240-G10B-058,"Esther Kariuki Nyambura","Grade 10 B",Female,"Morgopia",5240d3f2-f001-4f04-a3d1-9c1ab148c5c0
mock_5240d3f2_G10B_059,MOCK-5240-G10B-059,"Winnie Kamau Rotich","Grade 10 B",Female,"Morgopia",5240d3f2-f001-4f04-a3d1-9c1ab148c5c0
mock_5240d3f2_G10B_060,MOCK-5240-G10B-060,"Collins Mutiso Akinyi","Grade 10 B",Male,"Morgopia",5240d3f2-f001-4f04-a3d1-9c1ab148c5c0
mock_5240d3f2_G11A_001,MOCK-5240-G11A-001,"Esther Cheruiyot Njeri","Grade 11 A",Female,"Morgopia",5240d3f2-f001-4f04-a3d1-9c1ab148c5c0
mock_5240d3f2_G11A_002,MOCK-5240-G11A-002,"Grace Korir Mutiso","Grade 11 A",Female,"Morgopia",5240d3f2-f001-4f04-a3d1-9c1ab148c5c0
mock_5240d3f2_G11A_003,MOCK-5240-G11A-003,"Martin Atieno Mbugua","Grade 11 A",Male,"Morgopia",5240d3f2-f001-4f04-a3d1-9c1ab148c5c0
mock_5240d3f2_G11A_004,MOCK-5240-G11A-004,"Brayan Gitau Karanja","Grade 11 A",Male,"Morgopia",5240d3f2-f001-4f04-a3d1-9c1ab148c5c0
mock_5240d3f2_G11A_005,MOCK-5240-G11A-005,"Caroline Otieno Cheruiyot","Grade 11 A",Female,"Morgopia",5240d3f2-f001-4f04-a3d1-9c1ab148c5c0
mock_5240d3f2_G11A_006,MOCK-5240-G11A-006,"Martin Barasa Gitau","Grade 11 A",Male,"Morgopia",5240d3f2-f001-4f04-a3d1-9c1ab148c5c0
mock_5240d3f2_G11A_007,MOCK-5240-G11A-007,"Mary Wairimu Kariuki","Grade 11 A",Female,"Morgopia",5240d3f2-f001-4f04-a3d1-9c1ab148c5c0
mock_5240d3f2_G11A_008,MOCK-5240-G11A-008,"Victor Karanja Mwangi","Grade 11 A",Male,"Morgopia",5240d3f2-f001-4f04-a3d1-9c1ab148c5c0
mock_5240d3f2_G11A_009,MOCK-5240-G11A-009,"Mary Wafula Mbugua","Grade 11 A",Female,"Morgopia",5240d3f2-f001-4f04-a3d1-9c1ab148c5c0
mock_5240d3f2_G11A_010,MOCK-5240-G11A-010,"Purity Nyambura Chebet","Grade 11 A",Female,"Morgopia",5240d3f2-f001-4f04-a3d1-9c1ab148c5c0
mock_5240d3f2_G11A_011,MOCK-5240-G11A-011,"Anthony Kipchoge Rotich","Grade 11 A",Male,"Morgopia",5240d3f2-f001-4f04-a3d1-9c1ab148c5c0
mock_5240d3f2_G11A_012,MOCK-5240-G11A-012,"Stella Were Onyango","Grade 11 A",Female,"Morgopia",5240d3f2-f001-4f04-a3d1-9c1ab148c5c0
mock_5240d3f2_G11A_013,MOCK-5240-G11A-013,"Diana Cheruiyot Adhiambo","Grade 11 A",Female,"Morgopia",5240d3f2-f001-4f04-a3d1-9c1ab148c5c0
mock_5240d3f2_G11A_014,MOCK-5240-G11A-014,"Brayan Otieno Wafula","Grade 11 A",Male,"Morgopia",5240d3f2-f001-4f04-a3d1-9c1ab148c5c0
mock_5240d3f2_G11A_015,MOCK-5240-G11A-015,"Vincent Atieno Onyango","Grade 11 A",Male,"Morgopia",5240d3f2-f001-4f04-a3d1-9c1ab148c5c0
mock_5240d3f2_G11A_016,MOCK-5240-G11A-016,"Valentine Atieno Auma","Grade 11 A",Female,"Morgopia",5240d3f2-f001-4f04-a3d1-9c1ab148c5c0
mock_5240d3f2_G11A_017,MOCK-5240-G11A-017,"Samuel Mwangi Adhiambo","Grade 11 A",Male,"Morgopia",5240d3f2-f001-4f04-a3d1-9c1ab148c5c0
mock_5240d3f2_G11A_018,MOCK-5240-G11A-018,"Mercy Owino Chebet","Grade 11 A",Female,"Morgopia",5240d3f2-f001-4f04-a3d1-9c1ab148c5c0
mock_5240d3f2_G11A_019,MOCK-5240-G11A-019,"Esther Wairimu Kariuki","Grade 11 A",Female,"Morgopia",5240d3f2-f001-4f04-a3d1-9c1ab148c5c0
mock_5240d3f2_G11A_020,MOCK-5240-G11A-020,"Vincent Kiplagat Kibet","Grade 11 A",Male,"Morgopia",5240d3f2-f001-4f04-a3d1-9c1ab148c5c0
mock_5240d3f2_G11A_021,MOCK-5240-G11A-021,"Janet Njoroge Onyango","Grade 11 A",Female,"Morgopia",5240d3f2-f001-4f04-a3d1-9c1ab148c5c0
mock_5240d3f2_G11A_022,MOCK-5240-G11A-022,"Charles Kiplagat Gitau","Grade 11 A",Male,"Morgopia",5240d3f2-f001-4f04-a3d1-9c1ab148c5c0
mock_5240d3f2_G11A_023,MOCK-5240-G11A-023,"Janet Cheruiyot Gitau","Grade 11 A",Female,"Morgopia",5240d3f2-f001-4f04-a3d1-9c1ab148c5c0
mock_5240d3f2_G11A_024,MOCK-5240-G11A-024,"Linet Kipchoge Onyango","Grade 11 A",Female,"Morgopia",5240d3f2-f001-4f04-a3d1-9c1ab148c5c0
mock_5240d3f2_G11A_025,MOCK-5240-G11A-025,"Brenda Kiplagat Njoroge","Grade 11 A",Female,"Morgopia",5240d3f2-f001-4f04-a3d1-9c1ab148c5c0
mock_5240d3f2_G11A_026,MOCK-5240-G11A-026,"Linet Adhiambo Mwangi","Grade 11 A",Female,"Morgopia",5240d3f2-f001-4f04-a3d1-9c1ab148c5c0
mock_5240d3f2_G11A_027,MOCK-5240-G11A-027,"Ian Onyango Odhiambo","Grade 11 A",Male,"Morgopia",5240d3f2-f001-4f04-a3d1-9c1ab148c5c0
mock_5240d3f2_G11A_028,MOCK-5240-G11A-028,"Felix Maina Cheruiyot","Grade 11 A",Male,"Morgopia",5240d3f2-f001-4f04-a3d1-9c1ab148c5c0
mock_5240d3f2_G11A_029,MOCK-5240-G11A-029,"Pauline Karanja Wafula","Grade 11 A",Female,"Morgopia",5240d3f2-f001-4f04-a3d1-9c1ab148c5c0
mock_5240d3f2_G11A_030,MOCK-5240-G11A-030,"Joy Wafula Wairimu","Grade 11 A",Female,"Morgopia",5240d3f2-f001-4f04-a3d1-9c1ab148c5c0
mock_5240d3f2_G11A_031,MOCK-5240-G11A-031,"Stella Were Chepkemoi","Grade 11 A",Female,"Morgopia",5240d3f2-f001-4f04-a3d1-9c1ab148c5c0
mock_5240d3f2_G11A_032,MOCK-5240-G11A-032,"Gideon Rotich Wambui","Grade 11 A",Male,"Morgopia",5240d3f2-f001-4f04-a3d1-9c1ab148c5c0
mock_5240d3f2_G11A_033,MOCK-5240-G11A-033,"Maureen Kibet Kipchoge","Grade 11 A",Female,"Morgopia",5240d3f2-f001-4f04-a3d1-9c1ab148c5c0
mock_5240d3f2_G11A_034,MOCK-5240-G11A-034,"Grace Kamau Onyango","Grade 11 A",Female,"Morgopia",5240d3f2-f001-4f04-a3d1-9c1ab148c5c0
mock_5240d3f2_G11A_035,MOCK-5240-G11A-035,"Stella Cheruiyot Juma","Grade 11 A",Female,"Morgopia",5240d3f2-f001-4f04-a3d1-9c1ab148c5c0
mock_5240d3f2_G11A_036,MOCK-5240-G11A-036,"Christine Mutiso Wanjiru","Grade 11 A",Female,"Morgopia",5240d3f2-f001-4f04-a3d1-9c1ab148c5c0
mock_5240d3f2_G11A_037,MOCK-5240-G11A-037,"Mercy Rotich Mbugua","Grade 11 A",Female,"Morgopia",5240d3f2-f001-4f04-a3d1-9c1ab148c5c0
mock_5240d3f2_G11A_038,MOCK-5240-G11A-038,"Beatrice Wanjiru Karanja","Grade 11 A",Female,"Morgopia",5240d3f2-f001-4f04-a3d1-9c1ab148c5c0
mock_5240d3f2_G11A_039,MOCK-5240-G11A-039,"Brenda Akinyi Auma","Grade 11 A",Female,"Morgopia",5240d3f2-f001-4f04-a3d1-9c1ab148c5c0
mock_5240d3f2_G11A_040,MOCK-5240-G11A-040,"Gideon Cheruiyot Nyokabi","Grade 11 A",Male,"Morgopia",5240d3f2-f001-4f04-a3d1-9c1ab148c5c0
mock_5240d3f2_G11A_041,MOCK-5240-G11A-041,"Grace Rotich Adhiambo","Grade 11 A",Female,"Morgopia",5240d3f2-f001-4f04-a3d1-9c1ab148c5c0
mock_5240d3f2_G11A_042,MOCK-5240-G11A-042,"Doreen Kamau Odhiambo","Grade 11 A",Female,"Morgopia",5240d3f2-f001-4f04-a3d1-9c1ab148c5c0
mock_5240d3f2_G11A_043,MOCK-5240-G11A-043,"Sylvia Ochieng Adhiambo","Grade 11 A",Female,"Morgopia",5240d3f2-f001-4f04-a3d1-9c1ab148c5c0
mock_5240d3f2_G11A_044,MOCK-5240-G11A-044,"Felix Kamau Otieno","Grade 11 A",Male,"Morgopia",5240d3f2-f001-4f04-a3d1-9c1ab148c5c0
mock_5240d3f2_G11A_045,MOCK-5240-G11A-045,"Joy Ochieng Achieng","Grade 11 A",Female,"Morgopia",5240d3f2-f001-4f04-a3d1-9c1ab148c5c0
mock_5240d3f2_G11A_046,MOCK-5240-G11A-046,"Daniel Achieng Chepkemoi","Grade 11 A",Male,"Morgopia",5240d3f2-f001-4f04-a3d1-9c1ab148c5c0
mock_5240d3f2_G11A_047,MOCK-5240-G11A-047,"Victor Juma Ochieng","Grade 11 A",Male,"Morgopia",5240d3f2-f001-4f04-a3d1-9c1ab148c5c0
mock_5240d3f2_G11A_048,MOCK-5240-G11A-048,"Elvis Maina Korir","Grade 11 A",Male,"Morgopia",5240d3f2-f001-4f04-a3d1-9c1ab148c5c0
mock_5240d3f2_G11A_049,MOCK-5240-G11A-049,"Brenda Odhiambo Mutiso","Grade 11 A",Female,"Morgopia",5240d3f2-f001-4f04-a3d1-9c1ab148c5c0
mock_5240d3f2_G11A_050,MOCK-5240-G11A-050,"Anthony Cheruiyot Onyango","Grade 11 A",Male,"Morgopia",5240d3f2-f001-4f04-a3d1-9c1ab148c5c0
mock_5240d3f2_G11A_051,MOCK-5240-G11A-051,"Martin Achieng Simiyu","Grade 11 A",Male,"Morgopia",5240d3f2-f001-4f04-a3d1-9c1ab148c5c0
mock_5240d3f2_G11A_052,MOCK-5240-G11A-052,"Elvis Karanja Njeri","Grade 11 A",Male,"Morgopia",5240d3f2-f001-4f04-a3d1-9c1ab148c5c0
mock_5240d3f2_G11A_053,MOCK-5240-G11A-053,"Rose Atieno Wairimu","Grade 11 A",Female,"Morgopia",5240d3f2-f001-4f04-a3d1-9c1ab148c5c0
mock_5240d3f2_G11A_054,MOCK-5240-G11A-054,"Eric Omondi Ochieng","Grade 11 A",Male,"Morgopia",5240d3f2-f001-4f04-a3d1-9c1ab148c5c0
mock_5240d3f2_G11A_055,MOCK-5240-G11A-055,"Eric Auma Mutiso","Grade 11 A",Male,"Morgopia",5240d3f2-f001-4f04-a3d1-9c1ab148c5c0
mock_5240d3f2_G11A_056,MOCK-5240-G11A-056,"Elvis Nyokabi Were","Grade 11 A",Male,"Morgopia",5240d3f2-f001-4f04-a3d1-9c1ab148c5c0
mock_5240d3f2_G11A_057,MOCK-5240-G11A-057,"Victor Maina Chebet","Grade 11 A",Male,"Morgopia",5240d3f2-f001-4f04-a3d1-9c1ab148c5c0
mock_5240d3f2_G11A_058,MOCK-5240-G11A-058,"Cynthia Maina Owino","Grade 11 A",Female,"Morgopia",5240d3f2-f001-4f04-a3d1-9c1ab148c5c0
mock_5240d3f2_G11A_059,MOCK-5240-G11A-059,"Nancy Kiplagat Ochieng","Grade 11 A",Female,"Morgopia",5240d3f2-f001-4f04-a3d1-9c1ab148c5c0
mock_5240d3f2_G11A_060,MOCK-5240-G11A-060,"Diana Barasa Chepkemoi","Grade 11 A",Female,"Morgopia",5240d3f2-f001-4f04-a3d1-9c1ab148c5c0
mock_5240d3f2_G11B_001,MOCK-5240-G11B-001,"Fredrick Owino Gitau","Grade 11 B",Male,"Morgopia",5240d3f2-f001-4f04-a3d1-9c1ab148c5c0
mock_5240d3f2_G11B_002,MOCK-5240-G11B-002,"Cynthia Kiplagat Wafula","Grade 11 B",Female,"Morgopia",5240d3f2-f001-4f04-a3d1-9c1ab148c5c0
mock_5240d3f2_G11B_003,MOCK-5240-G11B-003,"Fredrick Njoroge Odhiambo","Grade 11 B",Male,"Morgopia",5240d3f2-f001-4f04-a3d1-9c1ab148c5c0
mock_5240d3f2_G11B_004,MOCK-5240-G11B-004,"Collins Mutiso Korir","Grade 11 B",Male,"Morgopia",5240d3f2-f001-4f04-a3d1-9c1ab148c5c0
mock_5240d3f2_G11B_005,MOCK-5240-G11B-005,"Victor Onyango Otieno","Grade 11 B",Male,"Morgopia",5240d3f2-f001-4f04-a3d1-9c1ab148c5c0
mock_5240d3f2_G11B_006,MOCK-5240-G11B-006,"Allan Korir Maina","Grade 11 B",Male,"Morgopia",5240d3f2-f001-4f04-a3d1-9c1ab148c5c0
mock_5240d3f2_G11B_007,MOCK-5240-G11B-007,"Winnie Kamau Were","Grade 11 B",Female,"Morgopia",5240d3f2-f001-4f04-a3d1-9c1ab148c5c0
mock_5240d3f2_G11B_008,MOCK-5240-G11B-008,"Maureen Otieno Were","Grade 11 B",Female,"Morgopia",5240d3f2-f001-4f04-a3d1-9c1ab148c5c0
mock_5240d3f2_G11B_009,MOCK-5240-G11B-009,"Caroline Odhiambo Maina","Grade 11 B",Female,"Morgopia",5240d3f2-f001-4f04-a3d1-9c1ab148c5c0
mock_5240d3f2_G11B_010,MOCK-5240-G11B-010,"Mitchelle Karanja Kiplagat","Grade 11 B",Female,"Morgopia",5240d3f2-f001-4f04-a3d1-9c1ab148c5c0
mock_5240d3f2_G11B_011,MOCK-5240-G11B-011,"Cynthia Simiyu Maina","Grade 11 B",Female,"Morgopia",5240d3f2-f001-4f04-a3d1-9c1ab148c5c0
mock_5240d3f2_G11B_012,MOCK-5240-G11B-012,"Rose Nyokabi Owino","Grade 11 B",Female,"Morgopia",5240d3f2-f001-4f04-a3d1-9c1ab148c5c0
mock_5240d3f2_G11B_013,MOCK-5240-G11B-013,"Samuel Wairimu Akinyi","Grade 11 B",Male,"Morgopia",5240d3f2-f001-4f04-a3d1-9c1ab148c5c0
mock_5240d3f2_G11B_014,MOCK-5240-G11B-014,"Janet Nyambura Juma","Grade 11 B",Female,"Morgopia",5240d3f2-f001-4f04-a3d1-9c1ab148c5c0
mock_5240d3f2_G11B_015,MOCK-5240-G11B-015,"Anthony Omondi Odhiambo","Grade 11 B",Male,"Morgopia",5240d3f2-f001-4f04-a3d1-9c1ab148c5c0
mock_5240d3f2_G11B_016,MOCK-5240-G11B-016,"Dennis Simiyu Kiplagat","Grade 11 B",Male,"Morgopia",5240d3f2-f001-4f04-a3d1-9c1ab148c5c0
mock_5240d3f2_G11B_017,MOCK-5240-G11B-017,"Eric Akinyi Chepkemoi","Grade 11 B",Male,"Morgopia",5240d3f2-f001-4f04-a3d1-9c1ab148c5c0
mock_5240d3f2_G11B_018,MOCK-5240-G11B-018,"Christine Atieno Mutua","Grade 11 B",Female,"Morgopia",5240d3f2-f001-4f04-a3d1-9c1ab148c5c0
mock_5240d3f2_G11B_019,MOCK-5240-G11B-019,"Kelvin Wafula Wairimu","Grade 11 B",Male,"Morgopia",5240d3f2-f001-4f04-a3d1-9c1ab148c5c0
mock_5240d3f2_G11B_020,MOCK-5240-G11B-020,"Collins Kipchoge Barasa","Grade 11 B",Male,"Morgopia",5240d3f2-f001-4f04-a3d1-9c1ab148c5c0
mock_5240d3f2_G11B_021,MOCK-5240-G11B-021,"Nancy Were Were","Grade 11 B",Female,"Morgopia",5240d3f2-f001-4f04-a3d1-9c1ab148c5c0
mock_5240d3f2_G11B_022,MOCK-5240-G11B-022,"Stella Kibet Kariuki","Grade 11 B",Female,"Morgopia",5240d3f2-f001-4f04-a3d1-9c1ab148c5c0
mock_5240d3f2_G11B_023,MOCK-5240-G11B-023,"Nicholas Njeri Mbugua","Grade 11 B",Male,"Morgopia",5240d3f2-f001-4f04-a3d1-9c1ab148c5c0
mock_5240d3f2_G11B_024,MOCK-5240-G11B-024,"Pauline Omondi Adhiambo","Grade 11 B",Female,"Morgopia",5240d3f2-f001-4f04-a3d1-9c1ab148c5c0
mock_5240d3f2_G11B_025,MOCK-5240-G11B-025,"Michael Owino Mutua","Grade 11 B",Male,"Morgopia",5240d3f2-f001-4f04-a3d1-9c1ab148c5c0
mock_5240d3f2_G11B_026,MOCK-5240-G11B-026,"Mary Maina Otieno","Grade 11 B",Female,"Morgopia",5240d3f2-f001-4f04-a3d1-9c1ab148c5c0
mock_5240d3f2_G11B_027,MOCK-5240-G11B-027,"Duncan Karanja Njeri","Grade 11 B",Male,"Morgopia",5240d3f2-f001-4f04-a3d1-9c1ab148c5c0
mock_5240d3f2_G11B_028,MOCK-5240-G11B-028,"Brenda Wanjiru Nyambura","Grade 11 B",Female,"Morgopia",5240d3f2-f001-4f04-a3d1-9c1ab148c5c0
mock_5240d3f2_G11B_029,MOCK-5240-G11B-029,"Victor Otieno Simiyu","Grade 11 B",Male,"Morgopia",5240d3f2-f001-4f04-a3d1-9c1ab148c5c0
mock_5240d3f2_G11B_030,MOCK-5240-G11B-030,"Maureen Otieno Wanjiru","Grade 11 B",Female,"Morgopia",5240d3f2-f001-4f04-a3d1-9c1ab148c5c0
mock_5240d3f2_G11B_031,MOCK-5240-G11B-031,"Brian Karanja Atieno","Grade 11 B",Male,"Morgopia",5240d3f2-f001-4f04-a3d1-9c1ab148c5c0
mock_5240d3f2_G11B_032,MOCK-5240-G11B-032,"Joseph Korir Wairimu","Grade 11 B",Male,"Morgopia",5240d3f2-f001-4f04-a3d1-9c1ab148c5c0
mock_5240d3f2_G11B_033,MOCK-5240-G11B-033,"Purity Adhiambo Kibet","Grade 11 B",Female,"Morgopia",5240d3f2-f001-4f04-a3d1-9c1ab148c5c0
mock_5240d3f2_G11B_034,MOCK-5240-G11B-034,"Kevin Karanja Odhiambo","Grade 11 B",Male,"Morgopia",5240d3f2-f001-4f04-a3d1-9c1ab148c5c0
mock_5240d3f2_G11B_035,MOCK-5240-G11B-035,"Lucy Omondi Adhiambo","Grade 11 B",Female,"Morgopia",5240d3f2-f001-4f04-a3d1-9c1ab148c5c0
mock_5240d3f2_G11B_036,MOCK-5240-G11B-036,"Sharon Were Kibet","Grade 11 B",Female,"Morgopia",5240d3f2-f001-4f04-a3d1-9c1ab148c5c0
mock_5240d3f2_G11B_037,MOCK-5240-G11B-037,"Allan Wairimu Wairimu","Grade 11 B",Male,"Morgopia",5240d3f2-f001-4f04-a3d1-9c1ab148c5c0
mock_5240d3f2_G11B_038,MOCK-5240-G11B-038,"Lucy Karanja Barasa","Grade 11 B",Female,"Morgopia",5240d3f2-f001-4f04-a3d1-9c1ab148c5c0
mock_5240d3f2_G11B_039,MOCK-5240-G11B-039,"Maureen Achieng Ochieng","Grade 11 B",Female,"Morgopia",5240d3f2-f001-4f04-a3d1-9c1ab148c5c0
mock_5240d3f2_G11B_040,MOCK-5240-G11B-040,"Brenda Kariuki Kipchoge","Grade 11 B",Female,"Morgopia",5240d3f2-f001-4f04-a3d1-9c1ab148c5c0
mock_5240d3f2_G11B_041,MOCK-5240-G11B-041,"Duncan Wafula Nyambura","Grade 11 B",Male,"Morgopia",5240d3f2-f001-4f04-a3d1-9c1ab148c5c0
mock_5240d3f2_G11B_042,MOCK-5240-G11B-042,"Sharon Kipchoge Auma","Grade 11 B",Female,"Morgopia",5240d3f2-f001-4f04-a3d1-9c1ab148c5c0
mock_5240d3f2_G11B_043,MOCK-5240-G11B-043,"Emmanuel Ochieng Achieng","Grade 11 B",Male,"Morgopia",5240d3f2-f001-4f04-a3d1-9c1ab148c5c0
mock_5240d3f2_G11B_044,MOCK-5240-G11B-044,"Collins Karanja Were","Grade 11 B",Male,"Morgopia",5240d3f2-f001-4f04-a3d1-9c1ab148c5c0
mock_5240d3f2_G11B_045,MOCK-5240-G11B-045,"Brian Kariuki Onyango","Grade 11 B",Male,"Morgopia",5240d3f2-f001-4f04-a3d1-9c1ab148c5c0
mock_5240d3f2_G11B_046,MOCK-5240-G11B-046,"Pauline Kipchoge Omondi","Grade 11 B",Female,"Morgopia",5240d3f2-f001-4f04-a3d1-9c1ab148c5c0
mock_5240d3f2_G11B_047,MOCK-5240-G11B-047,"Joy Njeri Owino","Grade 11 B",Female,"Morgopia",5240d3f2-f001-4f04-a3d1-9c1ab148c5c0
mock_5240d3f2_G11B_048,MOCK-5240-G11B-048,"Brian Nyambura Auma","Grade 11 B",Male,"Morgopia",5240d3f2-f001-4f04-a3d1-9c1ab148c5c0
mock_5240d3f2_G11B_049,MOCK-5240-G11B-049,"Duncan Kipchoge Atieno","Grade 11 B",Male,"Morgopia",5240d3f2-f001-4f04-a3d1-9c1ab148c5c0
mock_5240d3f2_G11B_050,MOCK-5240-G11B-050,"Sylvia Korir Chepkemoi","Grade 11 B",Female,"Morgopia",5240d3f2-f001-4f04-a3d1-9c1ab148c5c0
mock_5240d3f2_G11B_051,MOCK-5240-G11B-051,"Joseph Mbugua Chepkemoi","Grade 11 B",Male,"Morgopia",5240d3f2-f001-4f04-a3d1-9c1ab148c5c0
mock_5240d3f2_G11B_052,MOCK-5240-G11B-052,"Collins Barasa Barasa","Grade 11 B",Male,"Morgopia",5240d3f2-f001-4f04-a3d1-9c1ab148c5c0
mock_5240d3f2_G11B_053,MOCK-5240-G11B-053,"Brian Kipchoge Mwangi","Grade 11 B",Male,"Morgopia",5240d3f2-f001-4f04-a3d1-9c1ab148c5c0
mock_5240d3f2_G11B_054,MOCK-5240-G11B-054,"Martin Barasa Akinyi","Grade 11 B",Male,"Morgopia",5240d3f2-f001-4f04-a3d1-9c1ab148c5c0
mock_5240d3f2_G11B_055,MOCK-5240-G11B-055,"Stephen Karanja Mwangi","Grade 11 B",Male,"Morgopia",5240d3f2-f001-4f04-a3d1-9c1ab148c5c0
mock_5240d3f2_G11B_056,MOCK-5240-G11B-056,"Kevin Adhiambo Omondi","Grade 11 B",Male,"Morgopia",5240d3f2-f001-4f04-a3d1-9c1ab148c5c0
mock_5240d3f2_G11B_057,MOCK-5240-G11B-057,"Cornelius Wanjiru Mutiso","Grade 11 B",Male,"Morgopia",5240d3f2-f001-4f04-a3d1-9c1ab148c5c0
mock_5240d3f2_G11B_058,MOCK-5240-G11B-058,"Winnie Auma Akinyi","Grade 11 B",Female,"Morgopia",5240d3f2-f001-4f04-a3d1-9c1ab148c5c0
mock_5240d3f2_G11B_059,MOCK-5240-G11B-059,"Duncan Akinyi Akinyi","Grade 11 B",Male,"Morgopia",5240d3f2-f001-4f04-a3d1-9c1ab148c5c0
mock_5240d3f2_G11B_060,MOCK-5240-G11B-060,"Esther Mwangi Mwangi","Grade 11 B",Female,"Morgopia",5240d3f2-f001-4f04-a3d1-9c1ab148c5c0
mock_5240d3f2_G12A_001,MOCK-5240-G12A-001,"Diana Nyokabi Kamau","Grade 12 A",Female,"Morgopia",5240d3f2-f001-4f04-a3d1-9c1ab148c5c0
mock_5240d3f2_G12A_002,MOCK-5240-G12A-002,"Diana Maina Barasa","Grade 12 A",Female,"Morgopia",5240d3f2-f001-4f04-a3d1-9c1ab148c5c0
mock_5240d3f2_G12A_003,MOCK-5240-G12A-003,"George Wairimu Barasa","Grade 12 A",Male,"Morgopia",5240d3f2-f001-4f04-a3d1-9c1ab148c5c0
mock_5240d3f2_G12A_004,MOCK-5240-G12A-004,"Patrick Simiyu Mbugua","Grade 12 A",Male,"Morgopia",5240d3f2-f001-4f04-a3d1-9c1ab148c5c0
mock_5240d3f2_G12A_005,MOCK-5240-G12A-005,"Stella Maina Barasa","Grade 12 A",Female,"Morgopia",5240d3f2-f001-4f04-a3d1-9c1ab148c5c0
mock_5240d3f2_G12A_006,MOCK-5240-G12A-006,"Nicholas Owino Barasa","Grade 12 A",Male,"Morgopia",5240d3f2-f001-4f04-a3d1-9c1ab148c5c0
mock_5240d3f2_G12A_007,MOCK-5240-G12A-007,"Mercy Wairimu Mbugua","Grade 12 A",Female,"Morgopia",5240d3f2-f001-4f04-a3d1-9c1ab148c5c0
mock_5240d3f2_G12A_008,MOCK-5240-G12A-008,"Janet Otieno Adhiambo","Grade 12 A",Female,"Morgopia",5240d3f2-f001-4f04-a3d1-9c1ab148c5c0
mock_5240d3f2_G12A_009,MOCK-5240-G12A-009,"Esther Nyambura Korir","Grade 12 A",Female,"Morgopia",5240d3f2-f001-4f04-a3d1-9c1ab148c5c0
mock_5240d3f2_G12A_010,MOCK-5240-G12A-010,"Emmanuel Maina Mutiso","Grade 12 A",Male,"Morgopia",5240d3f2-f001-4f04-a3d1-9c1ab148c5c0
mock_5240d3f2_G12A_011,MOCK-5240-G12A-011,"Brayan Njoroge Barasa","Grade 12 A",Male,"Morgopia",5240d3f2-f001-4f04-a3d1-9c1ab148c5c0
mock_5240d3f2_G12A_012,MOCK-5240-G12A-012,"Purity Kibet Auma","Grade 12 A",Female,"Morgopia",5240d3f2-f001-4f04-a3d1-9c1ab148c5c0
mock_5240d3f2_G12A_013,MOCK-5240-G12A-013,"Mercy Mbugua Simiyu","Grade 12 A",Female,"Morgopia",5240d3f2-f001-4f04-a3d1-9c1ab148c5c0
mock_5240d3f2_G12A_014,MOCK-5240-G12A-014,"Mercy Ochieng Karanja","Grade 12 A",Female,"Morgopia",5240d3f2-f001-4f04-a3d1-9c1ab148c5c0
mock_5240d3f2_G12A_015,MOCK-5240-G12A-015,"Allan Nyokabi Odhiambo","Grade 12 A",Male,"Morgopia",5240d3f2-f001-4f04-a3d1-9c1ab148c5c0
mock_5240d3f2_G12A_016,MOCK-5240-G12A-016,"Kevin Omondi Akinyi","Grade 12 A",Male,"Morgopia",5240d3f2-f001-4f04-a3d1-9c1ab148c5c0
mock_5240d3f2_G12A_017,MOCK-5240-G12A-017,"Valentine Chebet Karanja","Grade 12 A",Female,"Morgopia",5240d3f2-f001-4f04-a3d1-9c1ab148c5c0
mock_5240d3f2_G12A_018,MOCK-5240-G12A-018,"Fredrick Rotich Karanja","Grade 12 A",Male,"Morgopia",5240d3f2-f001-4f04-a3d1-9c1ab148c5c0
mock_5240d3f2_G12A_019,MOCK-5240-G12A-019,"Cynthia Kipchoge Odhiambo","Grade 12 A",Female,"Morgopia",5240d3f2-f001-4f04-a3d1-9c1ab148c5c0
mock_5240d3f2_G12A_020,MOCK-5240-G12A-020,"Ann Kibet Mbugua","Grade 12 A",Female,"Morgopia",5240d3f2-f001-4f04-a3d1-9c1ab148c5c0
mock_5240d3f2_G12A_021,MOCK-5240-G12A-021,"Mary Nyambura Mutiso","Grade 12 A",Female,"Morgopia",5240d3f2-f001-4f04-a3d1-9c1ab148c5c0
mock_5240d3f2_G12A_022,MOCK-5240-G12A-022,"Vincent Achieng Akinyi","Grade 12 A",Male,"Morgopia",5240d3f2-f001-4f04-a3d1-9c1ab148c5c0
mock_5240d3f2_G12A_023,MOCK-5240-G12A-023,"Esther Mwangi Barasa","Grade 12 A",Female,"Morgopia",5240d3f2-f001-4f04-a3d1-9c1ab148c5c0
mock_5240d3f2_G12A_024,MOCK-5240-G12A-024,"Winnie Kariuki Chepkemoi","Grade 12 A",Female,"Morgopia",5240d3f2-f001-4f04-a3d1-9c1ab148c5c0
mock_5240d3f2_G12A_025,MOCK-5240-G12A-025,"Elvis Omondi Wafula","Grade 12 A",Male,"Morgopia",5240d3f2-f001-4f04-a3d1-9c1ab148c5c0
mock_5240d3f2_G12A_026,MOCK-5240-G12A-026,"Nicholas Nyambura Karanja","Grade 12 A",Male,"Morgopia",5240d3f2-f001-4f04-a3d1-9c1ab148c5c0
mock_5240d3f2_G12A_027,MOCK-5240-G12A-027,"Mary Karanja Simiyu","Grade 12 A",Female,"Morgopia",5240d3f2-f001-4f04-a3d1-9c1ab148c5c0
mock_5240d3f2_G12A_028,MOCK-5240-G12A-028,"Sylvia Mutiso Auma","Grade 12 A",Female,"Morgopia",5240d3f2-f001-4f04-a3d1-9c1ab148c5c0
mock_5240d3f2_G12A_029,MOCK-5240-G12A-029,"Fredrick Njeri Owino","Grade 12 A",Male,"Morgopia",5240d3f2-f001-4f04-a3d1-9c1ab148c5c0
mock_5240d3f2_G12A_030,MOCK-5240-G12A-030,"Vincent Adhiambo Adhiambo","Grade 12 A",Male,"Morgopia",5240d3f2-f001-4f04-a3d1-9c1ab148c5c0
mock_5240d3f2_G12A_031,MOCK-5240-G12A-031,"Samuel Karanja Kipchoge","Grade 12 A",Male,"Morgopia",5240d3f2-f001-4f04-a3d1-9c1ab148c5c0
mock_5240d3f2_G12A_032,MOCK-5240-G12A-032,"Eric Njoroge Simiyu","Grade 12 A",Male,"Morgopia",5240d3f2-f001-4f04-a3d1-9c1ab148c5c0
mock_5240d3f2_G12A_033,MOCK-5240-G12A-033,"George Nyambura Akinyi","Grade 12 A",Male,"Morgopia",5240d3f2-f001-4f04-a3d1-9c1ab148c5c0
mock_5240d3f2_G12A_034,MOCK-5240-G12A-034,"Emmanuel Nyambura Owino","Grade 12 A",Male,"Morgopia",5240d3f2-f001-4f04-a3d1-9c1ab148c5c0
mock_5240d3f2_G12A_035,MOCK-5240-G12A-035,"Winnie Karanja Auma","Grade 12 A",Female,"Morgopia",5240d3f2-f001-4f04-a3d1-9c1ab148c5c0
mock_5240d3f2_G12A_036,MOCK-5240-G12A-036,"Stephen Owino Odhiambo","Grade 12 A",Male,"Morgopia",5240d3f2-f001-4f04-a3d1-9c1ab148c5c0
mock_5240d3f2_G12A_037,MOCK-5240-G12A-037,"Brian Mutua Ochieng","Grade 12 A",Male,"Morgopia",5240d3f2-f001-4f04-a3d1-9c1ab148c5c0
mock_5240d3f2_G12A_038,MOCK-5240-G12A-038,"Dennis Simiyu Chebet","Grade 12 A",Male,"Morgopia",5240d3f2-f001-4f04-a3d1-9c1ab148c5c0
mock_5240d3f2_G12A_039,MOCK-5240-G12A-039,"Ann Achieng Simiyu","Grade 12 A",Female,"Morgopia",5240d3f2-f001-4f04-a3d1-9c1ab148c5c0
mock_5240d3f2_G12A_040,MOCK-5240-G12A-040,"Kevin Chepkemoi Kamau","Grade 12 A",Male,"Morgopia",5240d3f2-f001-4f04-a3d1-9c1ab148c5c0
mock_5240d3f2_G12A_041,MOCK-5240-G12A-041,"Eunice Kipchoge Wambui","Grade 12 A",Female,"Morgopia",5240d3f2-f001-4f04-a3d1-9c1ab148c5c0
mock_5240d3f2_G12A_042,MOCK-5240-G12A-042,"Christine Onyango Kipchoge","Grade 12 A",Female,"Morgopia",5240d3f2-f001-4f04-a3d1-9c1ab148c5c0
mock_5240d3f2_G12A_043,MOCK-5240-G12A-043,"Caroline Simiyu Achieng","Grade 12 A",Female,"Morgopia",5240d3f2-f001-4f04-a3d1-9c1ab148c5c0
mock_5240d3f2_G12A_044,MOCK-5240-G12A-044,"Stephen Achieng Chebet","Grade 12 A",Male,"Morgopia",5240d3f2-f001-4f04-a3d1-9c1ab148c5c0
mock_5240d3f2_G12A_045,MOCK-5240-G12A-045,"Anthony Mbugua Kipchoge","Grade 12 A",Male,"Morgopia",5240d3f2-f001-4f04-a3d1-9c1ab148c5c0
mock_5240d3f2_G12A_046,MOCK-5240-G12A-046,"Patrick Nyokabi Mbugua","Grade 12 A",Male,"Morgopia",5240d3f2-f001-4f04-a3d1-9c1ab148c5c0
mock_5240d3f2_G12A_047,MOCK-5240-G12A-047,"Linet Wambui Were","Grade 12 A",Female,"Morgopia",5240d3f2-f001-4f04-a3d1-9c1ab148c5c0
mock_5240d3f2_G12A_048,MOCK-5240-G12A-048,"Ian Were Akinyi","Grade 12 A",Male,"Morgopia",5240d3f2-f001-4f04-a3d1-9c1ab148c5c0
mock_5240d3f2_G12A_049,MOCK-5240-G12A-049,"Linet Chepkemoi Mutiso","Grade 12 A",Female,"Morgopia",5240d3f2-f001-4f04-a3d1-9c1ab148c5c0
mock_5240d3f2_G12A_050,MOCK-5240-G12A-050,"Sylvia Adhiambo Rotich","Grade 12 A",Female,"Morgopia",5240d3f2-f001-4f04-a3d1-9c1ab148c5c0
mock_5240d3f2_G12A_051,MOCK-5240-G12A-051,"Beatrice Juma Chebet","Grade 12 A",Female,"Morgopia",5240d3f2-f001-4f04-a3d1-9c1ab148c5c0
mock_5240d3f2_G12A_052,MOCK-5240-G12A-052,"Allan Kibet Njoroge","Grade 12 A",Male,"Morgopia",5240d3f2-f001-4f04-a3d1-9c1ab148c5c0
mock_5240d3f2_G12A_053,MOCK-5240-G12A-053,"Martin Karanja Otieno","Grade 12 A",Male,"Morgopia",5240d3f2-f001-4f04-a3d1-9c1ab148c5c0
mock_5240d3f2_G12A_054,MOCK-5240-G12A-054,"Pauline Kibet Akinyi","Grade 12 A",Female,"Morgopia",5240d3f2-f001-4f04-a3d1-9c1ab148c5c0
mock_5240d3f2_G12A_055,MOCK-5240-G12A-055,"Kevin Were Mutiso","Grade 12 A",Male,"Morgopia",5240d3f2-f001-4f04-a3d1-9c1ab148c5c0
mock_5240d3f2_G12A_056,MOCK-5240-G12A-056,"Peter Nyambura Mwangi","Grade 12 A",Male,"Morgopia",5240d3f2-f001-4f04-a3d1-9c1ab148c5c0
mock_5240d3f2_G12A_057,MOCK-5240-G12A-057,"Anthony Mutua Kiplagat","Grade 12 A",Male,"Morgopia",5240d3f2-f001-4f04-a3d1-9c1ab148c5c0
mock_5240d3f2_G12A_058,MOCK-5240-G12A-058,"George Cheruiyot Owino","Grade 12 A",Male,"Morgopia",5240d3f2-f001-4f04-a3d1-9c1ab148c5c0
mock_5240d3f2_G12A_059,MOCK-5240-G12A-059,"Valentine Kiplagat Omondi","Grade 12 A",Female,"Morgopia",5240d3f2-f001-4f04-a3d1-9c1ab148c5c0
mock_5240d3f2_G12A_060,MOCK-5240-G12A-060,"Joy Mbugua Chebet","Grade 12 A",Female,"Morgopia",5240d3f2-f001-4f04-a3d1-9c1ab148c5c0
mock_5240d3f2_G12B_001,MOCK-5240-G12B-001,"Lydia Were Wambui","Grade 12 B",Female,"Morgopia",5240d3f2-f001-4f04-a3d1-9c1ab148c5c0
mock_5240d3f2_G12B_002,MOCK-5240-G12B-002,"Mercy Njoroge Cheruiyot","Grade 12 B",Female,"Morgopia",5240d3f2-f001-4f04-a3d1-9c1ab148c5c0
mock_5240d3f2_G12B_003,MOCK-5240-G12B-003,"Joy Ochieng Akinyi","Grade 12 B",Female,"Morgopia",5240d3f2-f001-4f04-a3d1-9c1ab148c5c0
mock_5240d3f2_G12B_004,MOCK-5240-G12B-004,"Rose Rotich Rotich","Grade 12 B",Female,"Morgopia",5240d3f2-f001-4f04-a3d1-9c1ab148c5c0
mock_5240d3f2_G12B_005,MOCK-5240-G12B-005,"Joseph Kamau Kamau","Grade 12 B",Male,"Morgopia",5240d3f2-f001-4f04-a3d1-9c1ab148c5c0
mock_5240d3f2_G12B_006,MOCK-5240-G12B-006,"Winnie Nyambura Kamau","Grade 12 B",Female,"Morgopia",5240d3f2-f001-4f04-a3d1-9c1ab148c5c0
mock_5240d3f2_G12B_007,MOCK-5240-G12B-007,"Purity Kamau Mbugua","Grade 12 B",Female,"Morgopia",5240d3f2-f001-4f04-a3d1-9c1ab148c5c0
mock_5240d3f2_G12B_008,MOCK-5240-G12B-008,"Mary Kamau Odhiambo","Grade 12 B",Female,"Morgopia",5240d3f2-f001-4f04-a3d1-9c1ab148c5c0
mock_5240d3f2_G12B_009,MOCK-5240-G12B-009,"Gideon Maina Njoroge","Grade 12 B",Male,"Morgopia",5240d3f2-f001-4f04-a3d1-9c1ab148c5c0
mock_5240d3f2_G12B_010,MOCK-5240-G12B-010,"Stella Onyango Kipchoge","Grade 12 B",Female,"Morgopia",5240d3f2-f001-4f04-a3d1-9c1ab148c5c0
mock_5240d3f2_G12B_011,MOCK-5240-G12B-011,"Beatrice Kariuki Mwangi","Grade 12 B",Female,"Morgopia",5240d3f2-f001-4f04-a3d1-9c1ab148c5c0
mock_5240d3f2_G12B_012,MOCK-5240-G12B-012,"Emmanuel Kamau Kibet","Grade 12 B",Male,"Morgopia",5240d3f2-f001-4f04-a3d1-9c1ab148c5c0
mock_5240d3f2_G12B_013,MOCK-5240-G12B-013,"Mary Njeri Otieno","Grade 12 B",Female,"Morgopia",5240d3f2-f001-4f04-a3d1-9c1ab148c5c0
mock_5240d3f2_G12B_014,MOCK-5240-G12B-014,"Duncan Rotich Cheruiyot","Grade 12 B",Male,"Morgopia",5240d3f2-f001-4f04-a3d1-9c1ab148c5c0
mock_5240d3f2_G12B_015,MOCK-5240-G12B-015,"Gideon Wambui Wairimu","Grade 12 B",Male,"Morgopia",5240d3f2-f001-4f04-a3d1-9c1ab148c5c0
mock_5240d3f2_G12B_016,MOCK-5240-G12B-016,"Lydia Juma Adhiambo","Grade 12 B",Female,"Morgopia",5240d3f2-f001-4f04-a3d1-9c1ab148c5c0
mock_5240d3f2_G12B_017,MOCK-5240-G12B-017,"Sharon Kamau Mutiso","Grade 12 B",Female,"Morgopia",5240d3f2-f001-4f04-a3d1-9c1ab148c5c0
mock_5240d3f2_G12B_018,MOCK-5240-G12B-018,"Kelvin Mbugua Kiplagat","Grade 12 B",Male,"Morgopia",5240d3f2-f001-4f04-a3d1-9c1ab148c5c0
mock_5240d3f2_G12B_019,MOCK-5240-G12B-019,"Peter Wafula Mutua","Grade 12 B",Male,"Morgopia",5240d3f2-f001-4f04-a3d1-9c1ab148c5c0
mock_5240d3f2_G12B_020,MOCK-5240-G12B-020,"Beatrice Omondi Simiyu","Grade 12 B",Female,"Morgopia",5240d3f2-f001-4f04-a3d1-9c1ab148c5c0
mock_5240d3f2_G12B_021,MOCK-5240-G12B-021,"Winnie Juma Barasa","Grade 12 B",Female,"Morgopia",5240d3f2-f001-4f04-a3d1-9c1ab148c5c0
mock_5240d3f2_G12B_022,MOCK-5240-G12B-022,"Mercy Chebet Owino","Grade 12 B",Female,"Morgopia",5240d3f2-f001-4f04-a3d1-9c1ab148c5c0
mock_5240d3f2_G12B_023,MOCK-5240-G12B-023,"Mercy Mutiso Wambui","Grade 12 B",Female,"Morgopia",5240d3f2-f001-4f04-a3d1-9c1ab148c5c0
mock_5240d3f2_G12B_024,MOCK-5240-G12B-024,"Valentine Barasa Mwangi","Grade 12 B",Female,"Morgopia",5240d3f2-f001-4f04-a3d1-9c1ab148c5c0
mock_5240d3f2_G12B_025,MOCK-5240-G12B-025,"Grace Mbugua Korir","Grade 12 B",Female,"Morgopia",5240d3f2-f001-4f04-a3d1-9c1ab148c5c0
mock_5240d3f2_G12B_026,MOCK-5240-G12B-026,"Peter Ochieng Kiplagat","Grade 12 B",Male,"Morgopia",5240d3f2-f001-4f04-a3d1-9c1ab148c5c0
mock_5240d3f2_G12B_027,MOCK-5240-G12B-027,"Vincent Akinyi Were","Grade 12 B",Male,"Morgopia",5240d3f2-f001-4f04-a3d1-9c1ab148c5c0
mock_5240d3f2_G12B_028,MOCK-5240-G12B-028,"Charles Wafula Gitau","Grade 12 B",Male,"Morgopia",5240d3f2-f001-4f04-a3d1-9c1ab148c5c0
mock_5240d3f2_G12B_029,MOCK-5240-G12B-029,"Dennis Cheruiyot Maina","Grade 12 B",Male,"Morgopia",5240d3f2-f001-4f04-a3d1-9c1ab148c5c0
mock_5240d3f2_G12B_030,MOCK-5240-G12B-030,"Kelvin Omondi Otieno","Grade 12 B",Male,"Morgopia",5240d3f2-f001-4f04-a3d1-9c1ab148c5c0
mock_5240d3f2_G12B_031,MOCK-5240-G12B-031,"Kevin Mutua Mutiso","Grade 12 B",Male,"Morgopia",5240d3f2-f001-4f04-a3d1-9c1ab148c5c0
mock_5240d3f2_G12B_032,MOCK-5240-G12B-032,"Elvis Onyango Onyango","Grade 12 B",Male,"Morgopia",5240d3f2-f001-4f04-a3d1-9c1ab148c5c0
mock_5240d3f2_G12B_033,MOCK-5240-G12B-033,"Kevin Owino Atieno","Grade 12 B",Male,"Morgopia",5240d3f2-f001-4f04-a3d1-9c1ab148c5c0
mock_5240d3f2_G12B_034,MOCK-5240-G12B-034,"George Chepkemoi Chebet","Grade 12 B",Male,"Morgopia",5240d3f2-f001-4f04-a3d1-9c1ab148c5c0
mock_5240d3f2_G12B_035,MOCK-5240-G12B-035,"George Kamau Rotich","Grade 12 B",Male,"Morgopia",5240d3f2-f001-4f04-a3d1-9c1ab148c5c0
mock_5240d3f2_G12B_036,MOCK-5240-G12B-036,"Elvis Maina Adhiambo","Grade 12 B",Male,"Morgopia",5240d3f2-f001-4f04-a3d1-9c1ab148c5c0
mock_5240d3f2_G12B_037,MOCK-5240-G12B-037,"Brenda Rotich Gitau","Grade 12 B",Female,"Morgopia",5240d3f2-f001-4f04-a3d1-9c1ab148c5c0
mock_5240d3f2_G12B_038,MOCK-5240-G12B-038,"Michael Kiplagat Wairimu","Grade 12 B",Male,"Morgopia",5240d3f2-f001-4f04-a3d1-9c1ab148c5c0
mock_5240d3f2_G12B_039,MOCK-5240-G12B-039,"Purity Wambui Omondi","Grade 12 B",Female,"Morgopia",5240d3f2-f001-4f04-a3d1-9c1ab148c5c0
mock_5240d3f2_G12B_040,MOCK-5240-G12B-040,"Duncan Atieno Adhiambo","Grade 12 B",Male,"Morgopia",5240d3f2-f001-4f04-a3d1-9c1ab148c5c0
mock_5240d3f2_G12B_041,MOCK-5240-G12B-041,"Maureen Njoroge Wambui","Grade 12 B",Female,"Morgopia",5240d3f2-f001-4f04-a3d1-9c1ab148c5c0
mock_5240d3f2_G12B_042,MOCK-5240-G12B-042,"Cornelius Otieno Wairimu","Grade 12 B",Male,"Morgopia",5240d3f2-f001-4f04-a3d1-9c1ab148c5c0
mock_5240d3f2_G12B_043,MOCK-5240-G12B-043,"Nicholas Adhiambo Maina","Grade 12 B",Male,"Morgopia",5240d3f2-f001-4f04-a3d1-9c1ab148c5c0
mock_5240d3f2_G12B_044,MOCK-5240-G12B-044,"Emmanuel Mutua Chepkemoi","Grade 12 B",Male,"Morgopia",5240d3f2-f001-4f04-a3d1-9c1ab148c5c0
mock_5240d3f2_G12B_045,MOCK-5240-G12B-045,"Lydia Wanjiru Kariuki","Grade 12 B",Female,"Morgopia",5240d3f2-f001-4f04-a3d1-9c1ab148c5c0
mock_5240d3f2_G12B_046,MOCK-5240-G12B-046,"Brenda Atieno Barasa","Grade 12 B",Female,"Morgopia",5240d3f2-f001-4f04-a3d1-9c1ab148c5c0
mock_5240d3f2_G12B_047,MOCK-5240-G12B-047,"Elvis Kariuki Omondi","Grade 12 B",Male,"Morgopia",5240d3f2-f001-4f04-a3d1-9c1ab148c5c0
mock_5240d3f2_G12B_048,MOCK-5240-G12B-048,"Grace Korir Owino","Grade 12 B",Female,"Morgopia",5240d3f2-f001-4f04-a3d1-9c1ab148c5c0
mock_5240d3f2_G12B_049,MOCK-5240-G12B-049,"Vincent Otieno Gitau","Grade 12 B",Male,"Morgopia",5240d3f2-f001-4f04-a3d1-9c1ab148c5c0
mock_5240d3f2_G12B_050,MOCK-5240-G12B-050,"Vincent Wambui Barasa","Grade 12 B",Male,"Morgopia",5240d3f2-f001-4f04-a3d1-9c1ab148c5c0
mock_5240d3f2_G12B_051,MOCK-5240-G12B-051,"Allan Mutua Simiyu","Grade 12 B",Male,"Morgopia",5240d3f2-f001-4f04-a3d1-9c1ab148c5c0
mock_5240d3f2_G12B_052,MOCK-5240-G12B-052,"Victor Mutua Njoroge","Grade 12 B",Male,"Morgopia",5240d3f2-f001-4f04-a3d1-9c1ab148c5c0
mock_5240d3f2_G12B_053,MOCK-5240-G12B-053,"Valentine Were Karanja","Grade 12 B",Female,"Morgopia",5240d3f2-f001-4f04-a3d1-9c1ab148c5c0
mock_5240d3f2_G12B_054,MOCK-5240-G12B-054,"Joy Auma Gitau","Grade 12 B",Female,"Morgopia",5240d3f2-f001-4f04-a3d1-9c1ab148c5c0
mock_5240d3f2_G12B_055,MOCK-5240-G12B-055,"Joseph Mutua Otieno","Grade 12 B",Male,"Morgopia",5240d3f2-f001-4f04-a3d1-9c1ab148c5c0
mock_5240d3f2_G12B_056,MOCK-5240-G12B-056,"Maureen Otieno Auma","Grade 12 B",Female,"Morgopia",5240d3f2-f001-4f04-a3d1-9c1ab148c5c0
mock_5240d3f2_G12B_057,MOCK-5240-G12B-057,"Eunice Onyango Nyokabi","Grade 12 B",Female,"Morgopia",5240d3f2-f001-4f04-a3d1-9c1ab148c5c0
mock_5240d3f2_G12B_058,MOCK-5240-G12B-058,"Linet Mutiso Were","Grade 12 B",Female,"Morgopia",5240d3f2-f001-4f04-a3d1-9c1ab148c5c0
mock_5240d3f2_G12B_059,MOCK-5240-G12B-059,"Samuel Wairimu Kiplagat","Grade 12 B",Male,"Morgopia",5240d3f2-f001-4f04-a3d1-9c1ab148c5c0
mock_5240d3f2_G12B_060,MOCK-5240-G12B-060,"Samuel Ochieng Adhiambo","Grade 12 B",Male,"Morgopia",5240d3f2-f001-4f04-a3d1-9c1ab148c5c0
mock_0b83c4b8_10_005,MOCK-0B83-10-005,"Mercy Kibet Mbugua","10",Female,"TEST",0b83c4b8-2d6b-47e2-a032-be549651de88
mock_0b83c4b8_10_006,MOCK-0B83-10-006,"Rose Maina Njoroge","10",Female,"TEST",0b83c4b8-2d6b-47e2-a032-be549651de88
mock_0b83c4b8_10_007,MOCK-0B83-10-007,"Peter Nyambura Rotich","10",Male,"TEST",0b83c4b8-2d6b-47e2-a032-be549651de88
mock_0b83c4b8_10_008,MOCK-0B83-10-008,"Sylvia Kiplagat Njeri","10",Female,"TEST",0b83c4b8-2d6b-47e2-a032-be549651de88
mock_0b83c4b8_10_009,MOCK-0B83-10-009,"Sharon Rotich Otieno","10",Female,"TEST",0b83c4b8-2d6b-47e2-a032-be549651de88
mock_0b83c4b8_10_010,MOCK-0B83-10-010,"Rose Wairimu Wairimu","10",Female,"TEST",0b83c4b8-2d6b-47e2-a032-be549651de88
mock_0b83c4b8_10_011,MOCK-0B83-10-011,"Janet Mutua Nyambura","10",Female,"TEST",0b83c4b8-2d6b-47e2-a032-be549651de88
mock_0b83c4b8_10_012,MOCK-0B83-10-012,"Charles Kamau Rotich","10",Male,"TEST",0b83c4b8-2d6b-47e2-a032-be549651de88
mock_0b83c4b8_10_013,MOCK-0B83-10-013,"Mitchelle Akinyi Kipchoge","10",Female,"TEST",0b83c4b8-2d6b-47e2-a032-be549651de88
mock_0b83c4b8_10_014,MOCK-0B83-10-014,"Gideon Omondi Njoroge","10",Male,"TEST",0b83c4b8-2d6b-47e2-a032-be549651de88
mock_0b83c4b8_10_015,MOCK-0B83-10-015,"Dennis Gitau Chebet","10",Male,"TEST",0b83c4b8-2d6b-47e2-a032-be549651de88
mock_0b83c4b8_10_016,MOCK-0B83-10-016,"Sylvia Kariuki Wambui","10",Female,"TEST",0b83c4b8-2d6b-47e2-a032-be549651de88
mock_0b83c4b8_10_017,MOCK-0B83-10-017,"Esther Chebet Mwangi","10",Female,"TEST",0b83c4b8-2d6b-47e2-a032-be549651de88
mock_0b83c4b8_10_018,MOCK-0B83-10-018,"Daniel Adhiambo Simiyu","10",Male,"TEST",0b83c4b8-2d6b-47e2-a032-be549651de88
mock_0b83c4b8_10_019,MOCK-0B83-10-019,"Peter Mutiso Kariuki","10",Male,"TEST",0b83c4b8-2d6b-47e2-a032-be549651de88
mock_0b83c4b8_10_020,MOCK-0B83-10-020,"Christine Ochieng Juma","10",Female,"TEST",0b83c4b8-2d6b-47e2-a032-be549651de88
mock_0b83c4b8_10_021,MOCK-0B83-10-021,"Brenda Ochieng Owino","10",Female,"TEST",0b83c4b8-2d6b-47e2-a032-be549651de88
mock_0b83c4b8_10_022,MOCK-0B83-10-022,"Mercy Korir Cheruiyot","10",Female,"TEST",0b83c4b8-2d6b-47e2-a032-be549651de88
mock_0b83c4b8_10_023,MOCK-0B83-10-023,"Cynthia Nyambura Mutiso","10",Female,"TEST",0b83c4b8-2d6b-47e2-a032-be549651de88
mock_0b83c4b8_10_024,MOCK-0B83-10-024,"Emmanuel Wanjiru Mutiso","10",Male,"TEST",0b83c4b8-2d6b-47e2-a032-be549651de88
mock_0b83c4b8_10_025,MOCK-0B83-10-025,"Daniel Maina Karanja","10",Male,"TEST",0b83c4b8-2d6b-47e2-a032-be549651de88
mock_0b83c4b8_10_026,MOCK-0B83-10-026,"Elvis Wambui Odhiambo","10",Male,"TEST",0b83c4b8-2d6b-47e2-a032-be549651de88
mock_0b83c4b8_10_027,MOCK-0B83-10-027,"Martin Kamau Kamau","10",Male,"TEST",0b83c4b8-2d6b-47e2-a032-be549651de88
mock_0b83c4b8_10_028,MOCK-0B83-10-028,"Elvis Achieng Chebet","10",Male,"TEST",0b83c4b8-2d6b-47e2-a032-be549651de88
mock_0b83c4b8_10_029,MOCK-0B83-10-029,"Sylvia Adhiambo Wanjiru","10",Female,"TEST",0b83c4b8-2d6b-47e2-a032-be549651de88
mock_0b83c4b8_10_030,MOCK-0B83-10-030,"Lydia Mbugua Nyambura","10",Female,"TEST",0b83c4b8-2d6b-47e2-a032-be549651de88
mock_0b83c4b8_10_031,MOCK-0B83-10-031,"Mitchelle Kiplagat Achieng","10",Female,"TEST",0b83c4b8-2d6b-47e2-a032-be549651de88
mock_0b83c4b8_10_032,MOCK-0B83-10-032,"Victor Owino Chebet","10",Male,"TEST",0b83c4b8-2d6b-47e2-a032-be549651de88
mock_0b83c4b8_10_033,MOCK-0B83-10-033,"Cynthia Juma Ochieng","10",Female,"TEST",0b83c4b8-2d6b-47e2-a032-be549651de88
mock_0b83c4b8_10_034,MOCK-0B83-10-034,"Ian Cheruiyot Omondi","10",Male,"TEST",0b83c4b8-2d6b-47e2-a032-be549651de88
mock_0b83c4b8_10_035,MOCK-0B83-10-035,"Christine Kamau Cheruiyot","10",Female,"TEST",0b83c4b8-2d6b-47e2-a032-be549651de88
mock_0b83c4b8_10_036,MOCK-0B83-10-036,"Brian Akinyi Were","10",Male,"TEST",0b83c4b8-2d6b-47e2-a032-be549651de88
mock_0b83c4b8_10_037,MOCK-0B83-10-037,"Samuel Rotich Nyokabi","10",Male,"TEST",0b83c4b8-2d6b-47e2-a032-be549651de88
mock_0b83c4b8_10_038,MOCK-0B83-10-038,"Rose Kiplagat Njeri","10",Female,"TEST",0b83c4b8-2d6b-47e2-a032-be549651de88
mock_0b83c4b8_10_039,MOCK-0B83-10-039,"Samuel Wambui Were","10",Male,"TEST",0b83c4b8-2d6b-47e2-a032-be549651de88
mock_0b83c4b8_10_040,MOCK-0B83-10-040,"Martin Chepkemoi Simiyu","10",Male,"TEST",0b83c4b8-2d6b-47e2-a032-be549651de88
mock_0b83c4b8_10_041,MOCK-0B83-10-041,"Charles Odhiambo Mutua","10",Male,"TEST",0b83c4b8-2d6b-47e2-a032-be549651de88
mock_0b83c4b8_10_042,MOCK-0B83-10-042,"Mary Adhiambo Cheruiyot","10",Female,"TEST",0b83c4b8-2d6b-47e2-a032-be549651de88
mock_0b83c4b8_10_043,MOCK-0B83-10-043,"Janet Adhiambo Kipchoge","10",Female,"TEST",0b83c4b8-2d6b-47e2-a032-be549651de88
mock_0b83c4b8_10_044,MOCK-0B83-10-044,"Caroline Njoroge Cheruiyot","10",Female,"TEST",0b83c4b8-2d6b-47e2-a032-be549651de88
mock_0b83c4b8_10_045,MOCK-0B83-10-045,"Caroline Nyambura Wairimu","10",Female,"TEST",0b83c4b8-2d6b-47e2-a032-be549651de88
mock_0b83c4b8_10_046,MOCK-0B83-10-046,"Elvis Mbugua Simiyu","10",Male,"TEST",0b83c4b8-2d6b-47e2-a032-be549651de88
mock_0b83c4b8_10_047,MOCK-0B83-10-047,"Michael Wanjiru Njoroge","10",Male,"TEST",0b83c4b8-2d6b-47e2-a032-be549651de88
mock_0b83c4b8_10_048,MOCK-0B83-10-048,"Collins Owino Simiyu","10",Male,"TEST",0b83c4b8-2d6b-47e2-a032-be549651de88
mock_0b83c4b8_10_049,MOCK-0B83-10-049,"Valentine Karanja Cheruiyot","10",Female,"TEST",0b83c4b8-2d6b-47e2-a032-be549651de88
mock_0b83c4b8_10_050,MOCK-0B83-10-050,"Linet Gitau Kipchoge","10",Female,"TEST",0b83c4b8-2d6b-47e2-a032-be549651de88
mock_0b83c4b8_10_051,MOCK-0B83-10-051,"Ann Omondi Cheruiyot","10",Female,"TEST",0b83c4b8-2d6b-47e2-a032-be549651de88
mock_0b83c4b8_10_052,MOCK-0B83-10-052,"Daniel Cheruiyot Auma","10",Male,"TEST",0b83c4b8-2d6b-47e2-a032-be549651de88
mock_0b83c4b8_10_053,MOCK-0B83-10-053,"Stephen Mwangi Kiplagat","10",Male,"TEST",0b83c4b8-2d6b-47e2-a032-be549651de88
mock_0b83c4b8_10_054,MOCK-0B83-10-054,"Charles Kiplagat Atieno","10",Male,"TEST",0b83c4b8-2d6b-47e2-a032-be549651de88
mock_0b83c4b8_10_055,MOCK-0B83-10-055,"Faith Akinyi Mutiso","10",Female,"TEST",0b83c4b8-2d6b-47e2-a032-be549651de88
mock_0b83c4b8_10_056,MOCK-0B83-10-056,"Felix Kibet Were","10",Male,"TEST",0b83c4b8-2d6b-47e2-a032-be549651de88
mock_0b83c4b8_10_057,MOCK-0B83-10-057,"Ian Wambui Were","10",Male,"TEST",0b83c4b8-2d6b-47e2-a032-be549651de88
mock_0b83c4b8_10_058,MOCK-0B83-10-058,"Anthony Odhiambo Mwangi","10",Male,"TEST",0b83c4b8-2d6b-47e2-a032-be549651de88
mock_0b83c4b8_10_059,MOCK-0B83-10-059,"Charles Simiyu Kariuki","10",Male,"TEST",0b83c4b8-2d6b-47e2-a032-be549651de88
mock_0b83c4b8_10_060,MOCK-0B83-10-060,"Eric Kariuki Simiyu","10",Male,"TEST",0b83c4b8-2d6b-47e2-a032-be549651de88
mock_0b83c4b8_11_003,MOCK-0B83-11-003,"Elvis Chepkemoi Ochieng","11",Male,"TEST",0b83c4b8-2d6b-47e2-a032-be549651de88
mock_0b83c4b8_11_004,MOCK-0B83-11-004,"Pauline Nyokabi Kiplagat","11",Female,"TEST",0b83c4b8-2d6b-47e2-a032-be549651de88
mock_0b83c4b8_11_005,MOCK-0B83-11-005,"Mary Rotich Njoroge","11",Female,"TEST",0b83c4b8-2d6b-47e2-a032-be549651de88
mock_0b83c4b8_11_006,MOCK-0B83-11-006,"Joy Auma Ochieng","11",Female,"TEST",0b83c4b8-2d6b-47e2-a032-be549651de88
mock_0b83c4b8_11_007,MOCK-0B83-11-007,"Fredrick Atieno Nyokabi","11",Male,"TEST",0b83c4b8-2d6b-47e2-a032-be549651de88
mock_0b83c4b8_11_008,MOCK-0B83-11-008,"Cornelius Gitau Odhiambo","11",Male,"TEST",0b83c4b8-2d6b-47e2-a032-be549651de88
mock_0b83c4b8_11_009,MOCK-0B83-11-009,"Patrick Mbugua Kipchoge","11",Male,"TEST",0b83c4b8-2d6b-47e2-a032-be549651de88
mock_0b83c4b8_11_010,MOCK-0B83-11-010,"Emmanuel Were Nyokabi","11",Male,"TEST",0b83c4b8-2d6b-47e2-a032-be549651de88
mock_0b83c4b8_11_011,MOCK-0B83-11-011,"Michael Cheruiyot Auma","11",Male,"TEST",0b83c4b8-2d6b-47e2-a032-be549651de88
mock_0b83c4b8_11_012,MOCK-0B83-11-012,"Gideon Mwangi Chebet","11",Male,"TEST",0b83c4b8-2d6b-47e2-a032-be549651de88
mock_0b83c4b8_11_013,MOCK-0B83-11-013,"Caroline Kibet Odhiambo","11",Female,"TEST",0b83c4b8-2d6b-47e2-a032-be549651de88
mock_0b83c4b8_11_014,MOCK-0B83-11-014,"Ian Wairimu Atieno","11",Male,"TEST",0b83c4b8-2d6b-47e2-a032-be549651de88
mock_0b83c4b8_11_015,MOCK-0B83-11-015,"Joy Gitau Mutua","11",Female,"TEST",0b83c4b8-2d6b-47e2-a032-be549651de88
mock_0b83c4b8_11_016,MOCK-0B83-11-016,"Ann Juma Wairimu","11",Female,"TEST",0b83c4b8-2d6b-47e2-a032-be549651de88
mock_0b83c4b8_11_017,MOCK-0B83-11-017,"Samuel Atieno Mutiso","11",Male,"TEST",0b83c4b8-2d6b-47e2-a032-be549651de88
mock_0b83c4b8_11_018,MOCK-0B83-11-018,"Stella Gitau Simiyu","11",Female,"TEST",0b83c4b8-2d6b-47e2-a032-be549651de88
mock_0b83c4b8_11_019,MOCK-0B83-11-019,"Mercy Wanjiru Mbugua","11",Female,"TEST",0b83c4b8-2d6b-47e2-a032-be549651de88
mock_0b83c4b8_11_020,MOCK-0B83-11-020,"Daniel Chebet Barasa","11",Male,"TEST",0b83c4b8-2d6b-47e2-a032-be549651de88
mock_0b83c4b8_11_021,MOCK-0B83-11-021,"Sharon Wafula Onyango","11",Female,"TEST",0b83c4b8-2d6b-47e2-a032-be549651de88
mock_0b83c4b8_11_022,MOCK-0B83-11-022,"Purity Korir Kamau","11",Female,"TEST",0b83c4b8-2d6b-47e2-a032-be549651de88
mock_0b83c4b8_11_023,MOCK-0B83-11-023,"Caroline Owino Njeri","11",Female,"TEST",0b83c4b8-2d6b-47e2-a032-be549651de88
mock_0b83c4b8_11_024,MOCK-0B83-11-024,"Diana Chepkemoi Njeri","11",Female,"TEST",0b83c4b8-2d6b-47e2-a032-be549651de88
mock_0b83c4b8_11_025,MOCK-0B83-11-025,"Collins Simiyu Simiyu","11",Male,"TEST",0b83c4b8-2d6b-47e2-a032-be549651de88
mock_0b83c4b8_11_026,MOCK-0B83-11-026,"Gideon Juma Owino","11",Male,"TEST",0b83c4b8-2d6b-47e2-a032-be549651de88
mock_0b83c4b8_11_027,MOCK-0B83-11-027,"Eric Chepkemoi Karanja","11",Male,"TEST",0b83c4b8-2d6b-47e2-a032-be549651de88
mock_0b83c4b8_11_028,MOCK-0B83-11-028,"Emmanuel Wambui Wafula","11",Male,"TEST",0b83c4b8-2d6b-47e2-a032-be549651de88
mock_0b83c4b8_11_029,MOCK-0B83-11-029,"Lucy Nyambura Wafula","11",Female,"TEST",0b83c4b8-2d6b-47e2-a032-be549651de88
mock_0b83c4b8_11_030,MOCK-0B83-11-030,"Mary Chebet Wanjiru","11",Female,"TEST",0b83c4b8-2d6b-47e2-a032-be549651de88
mock_0b83c4b8_11_031,MOCK-0B83-11-031,"Lucy Mbugua Barasa","11",Female,"TEST",0b83c4b8-2d6b-47e2-a032-be549651de88
mock_0b83c4b8_11_032,MOCK-0B83-11-032,"Caroline Gitau Achieng","11",Female,"TEST",0b83c4b8-2d6b-47e2-a032-be549651de88
mock_0b83c4b8_11_033,MOCK-0B83-11-033,"Mercy Achieng Rotich","11",Female,"TEST",0b83c4b8-2d6b-47e2-a032-be549651de88
mock_0b83c4b8_11_034,MOCK-0B83-11-034,"Nancy Wanjiru Achieng","11",Female,"TEST",0b83c4b8-2d6b-47e2-a032-be549651de88
mock_0b83c4b8_11_035,MOCK-0B83-11-035,"Mitchelle Atieno Mwangi","11",Female,"TEST",0b83c4b8-2d6b-47e2-a032-be549651de88
mock_0b83c4b8_11_036,MOCK-0B83-11-036,"Joseph Atieno Atieno","11",Male,"TEST",0b83c4b8-2d6b-47e2-a032-be549651de88
mock_0b83c4b8_11_037,MOCK-0B83-11-037,"Daniel Simiyu Omondi","11",Male,"TEST",0b83c4b8-2d6b-47e2-a032-be549651de88
mock_0b83c4b8_11_038,MOCK-0B83-11-038,"Linet Njoroge Kariuki","11",Female,"TEST",0b83c4b8-2d6b-47e2-a032-be549651de88
mock_0b83c4b8_11_039,MOCK-0B83-11-039,"Felix Auma Gitau","11",Male,"TEST",0b83c4b8-2d6b-47e2-a032-be549651de88
mock_0b83c4b8_11_040,MOCK-0B83-11-040,"Doreen Karanja Chebet","11",Female,"TEST",0b83c4b8-2d6b-47e2-a032-be549651de88
mock_0b83c4b8_11_041,MOCK-0B83-11-041,"Allan Nyokabi Barasa","11",Male,"TEST",0b83c4b8-2d6b-47e2-a032-be549651de88
mock_0b83c4b8_11_042,MOCK-0B83-11-042,"Brayan Akinyi Kamau","11",Male,"TEST",0b83c4b8-2d6b-47e2-a032-be549651de88
mock_0b83c4b8_11_043,MOCK-0B83-11-043,"Daniel Mutiso Atieno","11",Male,"TEST",0b83c4b8-2d6b-47e2-a032-be549651de88
mock_0b83c4b8_11_044,MOCK-0B83-11-044,"Mercy Barasa Kipchoge","11",Female,"TEST",0b83c4b8-2d6b-47e2-a032-be549651de88
mock_0b83c4b8_11_045,MOCK-0B83-11-045,"Beatrice Chebet Odhiambo","11",Female,"TEST",0b83c4b8-2d6b-47e2-a032-be549651de88
mock_0b83c4b8_11_046,MOCK-0B83-11-046,"Mercy Kariuki Kipchoge","11",Female,"TEST",0b83c4b8-2d6b-47e2-a032-be549651de88
mock_0b83c4b8_11_047,MOCK-0B83-11-047,"Emmanuel Wanjiru Owino","11",Male,"TEST",0b83c4b8-2d6b-47e2-a032-be549651de88
mock_0b83c4b8_11_048,MOCK-0B83-11-048,"Victor Odhiambo Otieno","11",Male,"TEST",0b83c4b8-2d6b-47e2-a032-be549651de88
mock_0b83c4b8_11_049,MOCK-0B83-11-049,"Charles Owino Barasa","11",Male,"TEST",0b83c4b8-2d6b-47e2-a032-be549651de88
mock_0b83c4b8_11_050,MOCK-0B83-11-050,"Mitchelle Chepkemoi Achieng","11",Female,"TEST",0b83c4b8-2d6b-47e2-a032-be549651de88
mock_0b83c4b8_11_051,MOCK-0B83-11-051,"Grace Wambui Nyambura","11",Female,"TEST",0b83c4b8-2d6b-47e2-a032-be549651de88
mock_0b83c4b8_11_052,MOCK-0B83-11-052,"Beatrice Njeri Njeri","11",Female,"TEST",0b83c4b8-2d6b-47e2-a032-be549651de88
mock_0b83c4b8_11_053,MOCK-0B83-11-053,"Victor Wanjiru Wairimu","11",Male,"TEST",0b83c4b8-2d6b-47e2-a032-be549651de88
mock_0b83c4b8_11_054,MOCK-0B83-11-054,"Felix Njoroge Onyango","11",Male,"TEST",0b83c4b8-2d6b-47e2-a032-be549651de88
mock_0b83c4b8_11_055,MOCK-0B83-11-055,"Mitchelle Onyango Kamau","11",Female,"TEST",0b83c4b8-2d6b-47e2-a032-be549651de88
mock_0b83c4b8_11_056,MOCK-0B83-11-056,"Valentine Mwangi Nyambura","11",Female,"TEST",0b83c4b8-2d6b-47e2-a032-be549651de88
mock_0b83c4b8_11_057,MOCK-0B83-11-057,"Nicholas Juma Kiplagat","11",Male,"TEST",0b83c4b8-2d6b-47e2-a032-be549651de88
mock_0b83c4b8_11_058,MOCK-0B83-11-058,"Cynthia Njeri Cheruiyot","11",Female,"TEST",0b83c4b8-2d6b-47e2-a032-be549651de88
mock_0b83c4b8_11_059,MOCK-0B83-11-059,"Fredrick Wairimu Juma","11",Male,"TEST",0b83c4b8-2d6b-47e2-a032-be549651de88
mock_0b83c4b8_11_060,MOCK-0B83-11-060,"Duncan Karanja Chepkemoi","11",Male,"TEST",0b83c4b8-2d6b-47e2-a032-be549651de88
mock_0b83c4b8_12_002,MOCK-0B83-12-002,"Duncan Mutiso Kariuki","12",Male,"TEST",0b83c4b8-2d6b-47e2-a032-be549651de88
mock_0b83c4b8_12_003,MOCK-0B83-12-003,"Stella Kamau Kiplagat","12",Female,"TEST",0b83c4b8-2d6b-47e2-a032-be549651de88
mock_0b83c4b8_12_004,MOCK-0B83-12-004,"Duncan Barasa Otieno","12",Male,"TEST",0b83c4b8-2d6b-47e2-a032-be549651de88
mock_0b83c4b8_12_005,MOCK-0B83-12-005,"Faith Auma Karanja","12",Female,"TEST",0b83c4b8-2d6b-47e2-a032-be549651de88
mock_0b83c4b8_12_006,MOCK-0B83-12-006,"Anthony Mwangi Were","12",Male,"TEST",0b83c4b8-2d6b-47e2-a032-be549651de88
mock_0b83c4b8_12_007,MOCK-0B83-12-007,"Joy Simiyu Adhiambo","12",Female,"TEST",0b83c4b8-2d6b-47e2-a032-be549651de88
mock_0b83c4b8_12_008,MOCK-0B83-12-008,"Winnie Kamau Nyokabi","12",Female,"TEST",0b83c4b8-2d6b-47e2-a032-be549651de88
mock_0b83c4b8_12_009,MOCK-0B83-12-009,"Ian Kariuki Mutiso","12",Male,"TEST",0b83c4b8-2d6b-47e2-a032-be549651de88
mock_0b83c4b8_12_010,MOCK-0B83-12-010,"Cynthia Odhiambo Otieno","12",Female,"TEST",0b83c4b8-2d6b-47e2-a032-be549651de88
mock_0b83c4b8_12_011,MOCK-0B83-12-011,"Joseph Akinyi Njoroge","12",Male,"TEST",0b83c4b8-2d6b-47e2-a032-be549651de88
mock_0b83c4b8_12_012,MOCK-0B83-12-012,"Joy Wafula Onyango","12",Female,"TEST",0b83c4b8-2d6b-47e2-a032-be549651de88
mock_0b83c4b8_12_013,MOCK-0B83-12-013,"Eunice Wairimu Maina","12",Female,"TEST",0b83c4b8-2d6b-47e2-a032-be549651de88
mock_0b83c4b8_12_014,MOCK-0B83-12-014,"Lucy Maina Kiplagat","12",Female,"TEST",0b83c4b8-2d6b-47e2-a032-be549651de88
mock_0b83c4b8_12_015,MOCK-0B83-12-015,"George Gitau Mutiso","12",Male,"TEST",0b83c4b8-2d6b-47e2-a032-be549651de88
mock_0b83c4b8_12_016,MOCK-0B83-12-016,"Eric Omondi Simiyu","12",Male,"TEST",0b83c4b8-2d6b-47e2-a032-be549651de88
mock_0b83c4b8_12_017,MOCK-0B83-12-017,"Sylvia Nyambura Kibet","12",Female,"TEST",0b83c4b8-2d6b-47e2-a032-be549651de88
mock_0b83c4b8_12_018,MOCK-0B83-12-018,"Brayan Maina Atieno","12",Male,"TEST",0b83c4b8-2d6b-47e2-a032-be549651de88
mock_0b83c4b8_12_019,MOCK-0B83-12-019,"Elvis Barasa Auma","12",Male,"TEST",0b83c4b8-2d6b-47e2-a032-be549651de88
mock_0b83c4b8_12_020,MOCK-0B83-12-020,"Sharon Simiyu Njoroge","12",Female,"TEST",0b83c4b8-2d6b-47e2-a032-be549651de88
mock_0b83c4b8_12_021,MOCK-0B83-12-021,"Caroline Njoroge Onyango","12",Female,"TEST",0b83c4b8-2d6b-47e2-a032-be549651de88
mock_0b83c4b8_12_022,MOCK-0B83-12-022,"Mary Mwangi Omondi","12",Female,"TEST",0b83c4b8-2d6b-47e2-a032-be549651de88
mock_0b83c4b8_12_023,MOCK-0B83-12-023,"Maureen Wafula Wanjiru","12",Female,"TEST",0b83c4b8-2d6b-47e2-a032-be549651de88
mock_0b83c4b8_12_024,MOCK-0B83-12-024,"Esther Mwangi Wambui","12",Female,"TEST",0b83c4b8-2d6b-47e2-a032-be549651de88
mock_0b83c4b8_12_025,MOCK-0B83-12-025,"Caroline Auma Akinyi","12",Female,"TEST",0b83c4b8-2d6b-47e2-a032-be549651de88
mock_0b83c4b8_12_026,MOCK-0B83-12-026,"Collins Wafula Mbugua","12",Male,"TEST",0b83c4b8-2d6b-47e2-a032-be549651de88
mock_0b83c4b8_12_027,MOCK-0B83-12-027,"Fredrick Kariuki Akinyi","12",Male,"TEST",0b83c4b8-2d6b-47e2-a032-be549651de88
mock_0b83c4b8_12_028,MOCK-0B83-12-028,"Winnie Odhiambo Kariuki","12",Female,"TEST",0b83c4b8-2d6b-47e2-a032-be549651de88
mock_0b83c4b8_12_029,MOCK-0B83-12-029,"Peter Kiplagat Nyokabi","12",Male,"TEST",0b83c4b8-2d6b-47e2-a032-be549651de88
mock_0b83c4b8_12_030,MOCK-0B83-12-030,"Maureen Juma Chepkemoi","12",Female,"TEST",0b83c4b8-2d6b-47e2-a032-be549651de88
mock_0b83c4b8_12_031,MOCK-0B83-12-031,"Collins Were Rotich","12",Male,"TEST",0b83c4b8-2d6b-47e2-a032-be549651de88
mock_0b83c4b8_12_032,MOCK-0B83-12-032,"Pauline Kipchoge Chepkemoi","12",Female,"TEST",0b83c4b8-2d6b-47e2-a032-be549651de88
mock_0b83c4b8_12_033,MOCK-0B83-12-033,"Patrick Juma Mbugua","12",Male,"TEST",0b83c4b8-2d6b-47e2-a032-be549651de88
mock_0b83c4b8_12_034,MOCK-0B83-12-034,"Peter Njeri Gitau","12",Male,"TEST",0b83c4b8-2d6b-47e2-a032-be549651de88
mock_0b83c4b8_12_035,MOCK-0B83-12-035,"Stella Njoroge Njeri","12",Female,"TEST",0b83c4b8-2d6b-47e2-a032-be549651de88
mock_0b83c4b8_12_036,MOCK-0B83-12-036,"Collins Maina Kibet","12",Male,"TEST",0b83c4b8-2d6b-47e2-a032-be549651de88
mock_0b83c4b8_12_037,MOCK-0B83-12-037,"Collins Korir Were","12",Male,"TEST",0b83c4b8-2d6b-47e2-a032-be549651de88
mock_0b83c4b8_12_038,MOCK-0B83-12-038,"Beatrice Gitau Mbugua","12",Female,"TEST",0b83c4b8-2d6b-47e2-a032-be549651de88
mock_0b83c4b8_12_039,MOCK-0B83-12-039,"Samuel Wanjiru Mutiso","12",Male,"TEST",0b83c4b8-2d6b-47e2-a032-be549651de88
mock_0b83c4b8_12_040,MOCK-0B83-12-040,"Ann Wairimu Karanja","12",Female,"TEST",0b83c4b8-2d6b-47e2-a032-be549651de88
mock_0b83c4b8_12_041,MOCK-0B83-12-041,"Faith Kamau Mutiso","12",Female,"TEST",0b83c4b8-2d6b-47e2-a032-be549651de88
mock_0b83c4b8_12_042,MOCK-0B83-12-042,"Winnie Otieno Atieno","12",Female,"TEST",0b83c4b8-2d6b-47e2-a032-be549651de88
mock_0b83c4b8_12_043,MOCK-0B83-12-043,"Ann Odhiambo Njoroge","12",Female,"TEST",0b83c4b8-2d6b-47e2-a032-be549651de88
mock_0b83c4b8_12_044,MOCK-0B83-12-044,"Allan Kiplagat Kariuki","12",Male,"TEST",0b83c4b8-2d6b-47e2-a032-be549651de88
mock_0b83c4b8_12_045,MOCK-0B83-12-045,"Doreen Juma Chepkemoi","12",Female,"TEST",0b83c4b8-2d6b-47e2-a032-be549651de88
mock_0b83c4b8_12_046,MOCK-0B83-12-046,"Joy Chebet Kipchoge","12",Female,"TEST",0b83c4b8-2d6b-47e2-a032-be549651de88
mock_0b83c4b8_12_047,MOCK-0B83-12-047,"Anthony Wanjiru Onyango","12",Male,"TEST",0b83c4b8-2d6b-47e2-a032-be549651de88
mock_0b83c4b8_12_048,MOCK-0B83-12-048,"Emmanuel Wafula Achieng","12",Male,"TEST",0b83c4b8-2d6b-47e2-a032-be549651de88
mock_0b83c4b8_12_049,MOCK-0B83-12-049,"Lydia Wairimu Wanjiru","12",Female,"TEST",0b83c4b8-2d6b-47e2-a032-be549651de88
mock_0b83c4b8_12_050,MOCK-0B83-12-050,"Beatrice Kibet Wanjiru","12",Female,"TEST",0b83c4b8-2d6b-47e2-a032-be549651de88
mock_0b83c4b8_12_051,MOCK-0B83-12-051,"Christine Mutiso Owino","12",Female,"TEST",0b83c4b8-2d6b-47e2-a032-be549651de88
mock_0b83c4b8_12_052,MOCK-0B83-12-052,"Vincent Mutua Owino","12",Male,"TEST",0b83c4b8-2d6b-47e2-a032-be549651de88
mock_0b83c4b8_12_053,MOCK-0B83-12-053,"Ian Atieno Auma","12",Male,"TEST",0b83c4b8-2d6b-47e2-a032-be549651de88
mock_0b83c4b8_12_054,MOCK-0B83-12-054,"Victor Kariuki Juma","12",Male,"TEST",0b83c4b8-2d6b-47e2-a032-be549651de88
mock_0b83c4b8_12_055,MOCK-0B83-12-055,"Ian Onyango Mwangi","12",Male,"TEST",0b83c4b8-2d6b-47e2-a032-be549651de88
mock_0b83c4b8_12_056,MOCK-0B83-12-056,"Victor Onyango Gitau","12",Male,"TEST",0b83c4b8-2d6b-47e2-a032-be549651de88
mock_0b83c4b8_12_057,MOCK-0B83-12-057,"Esther Korir Rotich","12",Female,"TEST",0b83c4b8-2d6b-47e2-a032-be549651de88
mock_0b83c4b8_12_058,MOCK-0B83-12-058,"Linet Simiyu Omondi","12",Female,"TEST",0b83c4b8-2d6b-47e2-a032-be549651de88
mock_0b83c4b8_12_059,MOCK-0B83-12-059,"Maureen Wafula Simiyu","12",Female,"TEST",0b83c4b8-2d6b-47e2-a032-be549651de88
mock_0b83c4b8_12_060,MOCK-0B83-12-060,"Kevin Rotich Mutua","12",Male,"TEST",0b83c4b8-2d6b-47e2-a032-be549651de88
mock_8efa0e6c_G7A_001,MOCK-8EFA-G7A-001,"Fredrick Gitau Kamau","Grade 7 A",Male,"Utawala",8efa0e6c-79d9-4799-ad83-eb509bd69356
mock_8efa0e6c_G7A_002,MOCK-8EFA-G7A-002,"Nicholas Korir Kibet","Grade 7 A",Male,"Utawala",8efa0e6c-79d9-4799-ad83-eb509bd69356
mock_8efa0e6c_G7A_003,MOCK-8EFA-G7A-003,"Kevin Mbugua Wafula","Grade 7 A",Male,"Utawala",8efa0e6c-79d9-4799-ad83-eb509bd69356
mock_8efa0e6c_G7A_004,MOCK-8EFA-G7A-004,"Valentine Wafula Wafula","Grade 7 A",Female,"Utawala",8efa0e6c-79d9-4799-ad83-eb509bd69356
mock_8efa0e6c_G7A_005,MOCK-8EFA-G7A-005,"Gideon Njeri Ochieng","Grade 7 A",Male,"Utawala",8efa0e6c-79d9-4799-ad83-eb509bd69356
mock_8efa0e6c_G7A_006,MOCK-8EFA-G7A-006,"Ian Onyango Mutiso","Grade 7 A",Male,"Utawala",8efa0e6c-79d9-4799-ad83-eb509bd69356
mock_8efa0e6c_G7A_007,MOCK-8EFA-G7A-007,"Peter Wambui Rotich","Grade 7 A",Male,"Utawala",8efa0e6c-79d9-4799-ad83-eb509bd69356
mock_8efa0e6c_G7A_008,MOCK-8EFA-G7A-008,"Valentine Nyokabi Achieng","Grade 7 A",Female,"Utawala",8efa0e6c-79d9-4799-ad83-eb509bd69356
mock_8efa0e6c_G7A_009,MOCK-8EFA-G7A-009,"Rose Wambui Barasa","Grade 7 A",Female,"Utawala",8efa0e6c-79d9-4799-ad83-eb509bd69356
mock_8efa0e6c_G7A_010,MOCK-8EFA-G7A-010,"Elvis Kariuki Kibet","Grade 7 A",Male,"Utawala",8efa0e6c-79d9-4799-ad83-eb509bd69356
mock_8efa0e6c_G7A_011,MOCK-8EFA-G7A-011,"Anthony Barasa Kamau","Grade 7 A",Male,"Utawala",8efa0e6c-79d9-4799-ad83-eb509bd69356
mock_8efa0e6c_G7A_012,MOCK-8EFA-G7A-012,"Diana Juma Onyango","Grade 7 A",Female,"Utawala",8efa0e6c-79d9-4799-ad83-eb509bd69356
mock_8efa0e6c_G7A_013,MOCK-8EFA-G7A-013,"Stephen Auma Nyambura","Grade 7 A",Male,"Utawala",8efa0e6c-79d9-4799-ad83-eb509bd69356
mock_8efa0e6c_G7A_014,MOCK-8EFA-G7A-014,"Allan Chepkemoi Omondi","Grade 7 A",Male,"Utawala",8efa0e6c-79d9-4799-ad83-eb509bd69356
mock_8efa0e6c_G7A_015,MOCK-8EFA-G7A-015,"Linet Onyango Cheruiyot","Grade 7 A",Female,"Utawala",8efa0e6c-79d9-4799-ad83-eb509bd69356
mock_8efa0e6c_G7A_016,MOCK-8EFA-G7A-016,"Kelvin Wanjiru Wairimu","Grade 7 A",Male,"Utawala",8efa0e6c-79d9-4799-ad83-eb509bd69356
mock_8efa0e6c_G7A_017,MOCK-8EFA-G7A-017,"Brayan Odhiambo Odhiambo","Grade 7 A",Male,"Utawala",8efa0e6c-79d9-4799-ad83-eb509bd69356
mock_8efa0e6c_G7A_018,MOCK-8EFA-G7A-018,"Rose Owino Were","Grade 7 A",Female,"Utawala",8efa0e6c-79d9-4799-ad83-eb509bd69356
mock_8efa0e6c_G7A_019,MOCK-8EFA-G7A-019,"Eric Owino Chepkemoi","Grade 7 A",Male,"Utawala",8efa0e6c-79d9-4799-ad83-eb509bd69356
mock_8efa0e6c_G7A_020,MOCK-8EFA-G7A-020,"Cornelius Cheruiyot Were","Grade 7 A",Male,"Utawala",8efa0e6c-79d9-4799-ad83-eb509bd69356
mock_8efa0e6c_G7A_021,MOCK-8EFA-G7A-021,"Samuel Akinyi Chepkemoi","Grade 7 A",Male,"Utawala",8efa0e6c-79d9-4799-ad83-eb509bd69356
mock_8efa0e6c_G7A_022,MOCK-8EFA-G7A-022,"Faith Auma Owino","Grade 7 A",Female,"Utawala",8efa0e6c-79d9-4799-ad83-eb509bd69356
mock_8efa0e6c_G7A_023,MOCK-8EFA-G7A-023,"Collins Korir Kariuki","Grade 7 A",Male,"Utawala",8efa0e6c-79d9-4799-ad83-eb509bd69356
mock_8efa0e6c_G7A_024,MOCK-8EFA-G7A-024,"Christine Kibet Chepkemoi","Grade 7 A",Female,"Utawala",8efa0e6c-79d9-4799-ad83-eb509bd69356
mock_8efa0e6c_G7A_025,MOCK-8EFA-G7A-025,"Gideon Wairimu Adhiambo","Grade 7 A",Male,"Utawala",8efa0e6c-79d9-4799-ad83-eb509bd69356
mock_8efa0e6c_G7A_026,MOCK-8EFA-G7A-026,"Stephen Kiplagat Juma","Grade 7 A",Male,"Utawala",8efa0e6c-79d9-4799-ad83-eb509bd69356
mock_8efa0e6c_G7A_027,MOCK-8EFA-G7A-027,"Michael Cheruiyot Mutua","Grade 7 A",Male,"Utawala",8efa0e6c-79d9-4799-ad83-eb509bd69356
mock_8efa0e6c_G7A_028,MOCK-8EFA-G7A-028,"Duncan Wanjiru Juma","Grade 7 A",Male,"Utawala",8efa0e6c-79d9-4799-ad83-eb509bd69356
mock_8efa0e6c_G7A_029,MOCK-8EFA-G7A-029,"Stephen Korir Njoroge","Grade 7 A",Male,"Utawala",8efa0e6c-79d9-4799-ad83-eb509bd69356
mock_8efa0e6c_G7A_030,MOCK-8EFA-G7A-030,"Pauline Kamau Cheruiyot","Grade 7 A",Female,"Utawala",8efa0e6c-79d9-4799-ad83-eb509bd69356
mock_8efa0e6c_G7A_031,MOCK-8EFA-G7A-031,"Collins Kariuki Mbugua","Grade 7 A",Male,"Utawala",8efa0e6c-79d9-4799-ad83-eb509bd69356
mock_8efa0e6c_G7A_032,MOCK-8EFA-G7A-032,"Daniel Onyango Maina","Grade 7 A",Male,"Utawala",8efa0e6c-79d9-4799-ad83-eb509bd69356
mock_8efa0e6c_G7A_033,MOCK-8EFA-G7A-033,"Lucy Wairimu Kiplagat","Grade 7 A",Female,"Utawala",8efa0e6c-79d9-4799-ad83-eb509bd69356
mock_8efa0e6c_G7A_034,MOCK-8EFA-G7A-034,"Eunice Mutua Owino","Grade 7 A",Female,"Utawala",8efa0e6c-79d9-4799-ad83-eb509bd69356
mock_8efa0e6c_G7A_035,MOCK-8EFA-G7A-035,"Maureen Nyambura Mwangi","Grade 7 A",Female,"Utawala",8efa0e6c-79d9-4799-ad83-eb509bd69356
mock_8efa0e6c_G7A_036,MOCK-8EFA-G7A-036,"Anthony Owino Ochieng","Grade 7 A",Male,"Utawala",8efa0e6c-79d9-4799-ad83-eb509bd69356
mock_8efa0e6c_G7A_037,MOCK-8EFA-G7A-037,"Martin Owino Kamau","Grade 7 A",Male,"Utawala",8efa0e6c-79d9-4799-ad83-eb509bd69356
mock_8efa0e6c_G7A_038,MOCK-8EFA-G7A-038,"Joy Mutua Akinyi","Grade 7 A",Female,"Utawala",8efa0e6c-79d9-4799-ad83-eb509bd69356
mock_8efa0e6c_G7A_039,MOCK-8EFA-G7A-039,"Winnie Odhiambo Korir","Grade 7 A",Female,"Utawala",8efa0e6c-79d9-4799-ad83-eb509bd69356
mock_8efa0e6c_G7A_040,MOCK-8EFA-G7A-040,"Victor Wanjiru Mutiso","Grade 7 A",Male,"Utawala",8efa0e6c-79d9-4799-ad83-eb509bd69356
mock_8efa0e6c_G7A_041,MOCK-8EFA-G7A-041,"Valentine Kiplagat Simiyu","Grade 7 A",Female,"Utawala",8efa0e6c-79d9-4799-ad83-eb509bd69356
mock_8efa0e6c_G7A_042,MOCK-8EFA-G7A-042,"Brenda Were Onyango","Grade 7 A",Female,"Utawala",8efa0e6c-79d9-4799-ad83-eb509bd69356
mock_8efa0e6c_G7A_043,MOCK-8EFA-G7A-043,"Mary Kamau Adhiambo","Grade 7 A",Female,"Utawala",8efa0e6c-79d9-4799-ad83-eb509bd69356
mock_8efa0e6c_G7A_044,MOCK-8EFA-G7A-044,"Janet Simiyu Juma","Grade 7 A",Female,"Utawala",8efa0e6c-79d9-4799-ad83-eb509bd69356
mock_8efa0e6c_G7A_045,MOCK-8EFA-G7A-045,"Cornelius Atieno Adhiambo","Grade 7 A",Male,"Utawala",8efa0e6c-79d9-4799-ad83-eb509bd69356
mock_8efa0e6c_G7A_046,MOCK-8EFA-G7A-046,"Elvis Barasa Chebet","Grade 7 A",Male,"Utawala",8efa0e6c-79d9-4799-ad83-eb509bd69356
mock_8efa0e6c_G7A_047,MOCK-8EFA-G7A-047,"Anthony Simiyu Wambui","Grade 7 A",Male,"Utawala",8efa0e6c-79d9-4799-ad83-eb509bd69356
mock_8efa0e6c_G7A_048,MOCK-8EFA-G7A-048,"Brian Kipchoge Kariuki","Grade 7 A",Male,"Utawala",8efa0e6c-79d9-4799-ad83-eb509bd69356
mock_8efa0e6c_G7A_049,MOCK-8EFA-G7A-049,"Vincent Chebet Njeri","Grade 7 A",Male,"Utawala",8efa0e6c-79d9-4799-ad83-eb509bd69356
mock_8efa0e6c_G7A_050,MOCK-8EFA-G7A-050,"Duncan Kibet Akinyi","Grade 7 A",Male,"Utawala",8efa0e6c-79d9-4799-ad83-eb509bd69356
mock_8efa0e6c_G7A_051,MOCK-8EFA-G7A-051,"Gideon Otieno Wanjiru","Grade 7 A",Male,"Utawala",8efa0e6c-79d9-4799-ad83-eb509bd69356
mock_8efa0e6c_G7A_052,MOCK-8EFA-G7A-052,"Rose Njeri Wafula","Grade 7 A",Female,"Utawala",8efa0e6c-79d9-4799-ad83-eb509bd69356
mock_8efa0e6c_G7A_053,MOCK-8EFA-G7A-053,"Diana Korir Chepkemoi","Grade 7 A",Female,"Utawala",8efa0e6c-79d9-4799-ad83-eb509bd69356
mock_8efa0e6c_G7A_054,MOCK-8EFA-G7A-054,"Lucy Barasa Kibet","Grade 7 A",Female,"Utawala",8efa0e6c-79d9-4799-ad83-eb509bd69356
mock_8efa0e6c_G7A_055,MOCK-8EFA-G7A-055,"Sharon Rotich Odhiambo","Grade 7 A",Female,"Utawala",8efa0e6c-79d9-4799-ad83-eb509bd69356
mock_8efa0e6c_G7A_056,MOCK-8EFA-G7A-056,"Joseph Simiyu Akinyi","Grade 7 A",Male,"Utawala",8efa0e6c-79d9-4799-ad83-eb509bd69356
mock_8efa0e6c_G7A_057,MOCK-8EFA-G7A-057,"Cynthia Owino Rotich","Grade 7 A",Female,"Utawala",8efa0e6c-79d9-4799-ad83-eb509bd69356
mock_8efa0e6c_G7A_058,MOCK-8EFA-G7A-058,"Mercy Juma Mwangi","Grade 7 A",Female,"Utawala",8efa0e6c-79d9-4799-ad83-eb509bd69356
mock_8efa0e6c_G7A_059,MOCK-8EFA-G7A-059,"Beatrice Kamau Barasa","Grade 7 A",Female,"Utawala",8efa0e6c-79d9-4799-ad83-eb509bd69356
mock_8efa0e6c_G7A_060,MOCK-8EFA-G7A-060,"Purity Gitau Kiplagat","Grade 7 A",Female,"Utawala",8efa0e6c-79d9-4799-ad83-eb509bd69356
mock_8efa0e6c_G7B_001,MOCK-8EFA-G7B-001,"Beatrice Juma Cheruiyot","Grade 7 B",Female,"Utawala",8efa0e6c-79d9-4799-ad83-eb509bd69356
mock_8efa0e6c_G7B_002,MOCK-8EFA-G7B-002,"Maureen Owino Mutua","Grade 7 B",Female,"Utawala",8efa0e6c-79d9-4799-ad83-eb509bd69356
mock_8efa0e6c_G7B_003,MOCK-8EFA-G7B-003,"Esther Maina Juma","Grade 7 B",Female,"Utawala",8efa0e6c-79d9-4799-ad83-eb509bd69356
mock_8efa0e6c_G7B_004,MOCK-8EFA-G7B-004,"Beatrice Wafula Wafula","Grade 7 B",Female,"Utawala",8efa0e6c-79d9-4799-ad83-eb509bd69356
mock_8efa0e6c_G7B_005,MOCK-8EFA-G7B-005,"Peter Mwangi Odhiambo","Grade 7 B",Male,"Utawala",8efa0e6c-79d9-4799-ad83-eb509bd69356
mock_8efa0e6c_G7B_006,MOCK-8EFA-G7B-006,"Peter Chepkemoi Kamau","Grade 7 B",Male,"Utawala",8efa0e6c-79d9-4799-ad83-eb509bd69356
mock_8efa0e6c_G7B_007,MOCK-8EFA-G7B-007,"Kelvin Adhiambo Wairimu","Grade 7 B",Male,"Utawala",8efa0e6c-79d9-4799-ad83-eb509bd69356
mock_8efa0e6c_G7B_008,MOCK-8EFA-G7B-008,"Mary Maina Nyokabi","Grade 7 B",Female,"Utawala",8efa0e6c-79d9-4799-ad83-eb509bd69356
mock_8efa0e6c_G7B_009,MOCK-8EFA-G7B-009,"Daniel Otieno Wairimu","Grade 7 B",Male,"Utawala",8efa0e6c-79d9-4799-ad83-eb509bd69356
mock_8efa0e6c_G7B_010,MOCK-8EFA-G7B-010,"Stephen Barasa Simiyu","Grade 7 B",Male,"Utawala",8efa0e6c-79d9-4799-ad83-eb509bd69356
mock_8efa0e6c_G7B_011,MOCK-8EFA-G7B-011,"Rose Kipchoge Nyokabi","Grade 7 B",Female,"Utawala",8efa0e6c-79d9-4799-ad83-eb509bd69356
mock_8efa0e6c_G7B_012,MOCK-8EFA-G7B-012,"Janet Karanja Mwangi","Grade 7 B",Female,"Utawala",8efa0e6c-79d9-4799-ad83-eb509bd69356
mock_8efa0e6c_G7B_013,MOCK-8EFA-G7B-013,"Mitchelle Kibet Mutua","Grade 7 B",Female,"Utawala",8efa0e6c-79d9-4799-ad83-eb509bd69356
mock_8efa0e6c_G7B_014,MOCK-8EFA-G7B-014,"Joseph Wambui Kariuki","Grade 7 B",Male,"Utawala",8efa0e6c-79d9-4799-ad83-eb509bd69356
mock_8efa0e6c_G7B_015,MOCK-8EFA-G7B-015,"Joy Kiplagat Kamau","Grade 7 B",Female,"Utawala",8efa0e6c-79d9-4799-ad83-eb509bd69356
mock_8efa0e6c_G7B_016,MOCK-8EFA-G7B-016,"Faith Auma Juma","Grade 7 B",Female,"Utawala",8efa0e6c-79d9-4799-ad83-eb509bd69356
mock_8efa0e6c_G7B_017,MOCK-8EFA-G7B-017,"Joy Chebet Atieno","Grade 7 B",Female,"Utawala",8efa0e6c-79d9-4799-ad83-eb509bd69356
mock_8efa0e6c_G7B_018,MOCK-8EFA-G7B-018,"Beatrice Njeri Chebet","Grade 7 B",Female,"Utawala",8efa0e6c-79d9-4799-ad83-eb509bd69356
mock_8efa0e6c_G7B_019,MOCK-8EFA-G7B-019,"Purity Kiplagat Karanja","Grade 7 B",Female,"Utawala",8efa0e6c-79d9-4799-ad83-eb509bd69356
mock_8efa0e6c_G7B_020,MOCK-8EFA-G7B-020,"Winnie Gitau Kibet","Grade 7 B",Female,"Utawala",8efa0e6c-79d9-4799-ad83-eb509bd69356
mock_8efa0e6c_G7B_021,MOCK-8EFA-G7B-021,"Kelvin Auma Wairimu","Grade 7 B",Male,"Utawala",8efa0e6c-79d9-4799-ad83-eb509bd69356
mock_8efa0e6c_G7B_022,MOCK-8EFA-G7B-022,"Christine Chepkemoi Juma","Grade 7 B",Female,"Utawala",8efa0e6c-79d9-4799-ad83-eb509bd69356
mock_8efa0e6c_G7B_023,MOCK-8EFA-G7B-023,"Janet Gitau Njoroge","Grade 7 B",Female,"Utawala",8efa0e6c-79d9-4799-ad83-eb509bd69356
mock_8efa0e6c_G7B_024,MOCK-8EFA-G7B-024,"Caroline Kamau Gitau","Grade 7 B",Female,"Utawala",8efa0e6c-79d9-4799-ad83-eb509bd69356
mock_8efa0e6c_G7B_025,MOCK-8EFA-G7B-025,"Nancy Wanjiru Gitau","Grade 7 B",Female,"Utawala",8efa0e6c-79d9-4799-ad83-eb509bd69356
mock_8efa0e6c_G7B_026,MOCK-8EFA-G7B-026,"Allan Njeri Nyambura","Grade 7 B",Male,"Utawala",8efa0e6c-79d9-4799-ad83-eb509bd69356
mock_8efa0e6c_G7B_027,MOCK-8EFA-G7B-027,"Brayan Gitau Kariuki","Grade 7 B",Male,"Utawala",8efa0e6c-79d9-4799-ad83-eb509bd69356
mock_8efa0e6c_G7B_028,MOCK-8EFA-G7B-028,"Rose Omondi Mwangi","Grade 7 B",Female,"Utawala",8efa0e6c-79d9-4799-ad83-eb509bd69356
mock_8efa0e6c_G7B_029,MOCK-8EFA-G7B-029,"Janet Ochieng Gitau","Grade 7 B",Female,"Utawala",8efa0e6c-79d9-4799-ad83-eb509bd69356
mock_8efa0e6c_G7B_030,MOCK-8EFA-G7B-030,"Sharon Mutua Omondi","Grade 7 B",Female,"Utawala",8efa0e6c-79d9-4799-ad83-eb509bd69356
mock_8efa0e6c_G7B_031,MOCK-8EFA-G7B-031,"Sylvia Karanja Juma","Grade 7 B",Female,"Utawala",8efa0e6c-79d9-4799-ad83-eb509bd69356
mock_8efa0e6c_G7B_032,MOCK-8EFA-G7B-032,"Mitchelle Adhiambo Rotich","Grade 7 B",Female,"Utawala",8efa0e6c-79d9-4799-ad83-eb509bd69356
mock_8efa0e6c_G7B_033,MOCK-8EFA-G7B-033,"Cynthia Akinyi Auma","Grade 7 B",Female,"Utawala",8efa0e6c-79d9-4799-ad83-eb509bd69356
mock_8efa0e6c_G7B_034,MOCK-8EFA-G7B-034,"Eric Nyambura Njeri","Grade 7 B",Male,"Utawala",8efa0e6c-79d9-4799-ad83-eb509bd69356
mock_8efa0e6c_G7B_035,MOCK-8EFA-G7B-035,"Doreen Barasa Kiplagat","Grade 7 B",Female,"Utawala",8efa0e6c-79d9-4799-ad83-eb509bd69356
mock_8efa0e6c_G7B_036,MOCK-8EFA-G7B-036,"Nicholas Chebet Atieno","Grade 7 B",Male,"Utawala",8efa0e6c-79d9-4799-ad83-eb509bd69356
mock_8efa0e6c_G7B_037,MOCK-8EFA-G7B-037,"Winnie Cheruiyot Chebet","Grade 7 B",Female,"Utawala",8efa0e6c-79d9-4799-ad83-eb509bd69356
mock_8efa0e6c_G7B_038,MOCK-8EFA-G7B-038,"Brenda Akinyi Kiplagat","Grade 7 B",Female,"Utawala",8efa0e6c-79d9-4799-ad83-eb509bd69356
mock_8efa0e6c_G7B_039,MOCK-8EFA-G7B-039,"Nancy Wairimu Maina","Grade 7 B",Female,"Utawala",8efa0e6c-79d9-4799-ad83-eb509bd69356
mock_8efa0e6c_G7B_040,MOCK-8EFA-G7B-040,"Felix Ochieng Mutua","Grade 7 B",Male,"Utawala",8efa0e6c-79d9-4799-ad83-eb509bd69356
mock_8efa0e6c_G7B_041,MOCK-8EFA-G7B-041,"Kevin Onyango Rotich","Grade 7 B",Male,"Utawala",8efa0e6c-79d9-4799-ad83-eb509bd69356
mock_8efa0e6c_G7B_042,MOCK-8EFA-G7B-042,"Kelvin Kiplagat Cheruiyot","Grade 7 B",Male,"Utawala",8efa0e6c-79d9-4799-ad83-eb509bd69356
mock_8efa0e6c_G7B_043,MOCK-8EFA-G7B-043,"Eric Akinyi Juma","Grade 7 B",Male,"Utawala",8efa0e6c-79d9-4799-ad83-eb509bd69356
mock_8efa0e6c_G7B_044,MOCK-8EFA-G7B-044,"Patrick Akinyi Wairimu","Grade 7 B",Male,"Utawala",8efa0e6c-79d9-4799-ad83-eb509bd69356
mock_8efa0e6c_G7B_045,MOCK-8EFA-G7B-045,"Ann Auma Mutiso","Grade 7 B",Female,"Utawala",8efa0e6c-79d9-4799-ad83-eb509bd69356
mock_8efa0e6c_G7B_046,MOCK-8EFA-G7B-046,"Dennis Achieng Wanjiru","Grade 7 B",Male,"Utawala",8efa0e6c-79d9-4799-ad83-eb509bd69356
mock_8efa0e6c_G7B_047,MOCK-8EFA-G7B-047,"Ian Adhiambo Akinyi","Grade 7 B",Male,"Utawala",8efa0e6c-79d9-4799-ad83-eb509bd69356
mock_8efa0e6c_G7B_048,MOCK-8EFA-G7B-048,"Fredrick Mutiso Simiyu","Grade 7 B",Male,"Utawala",8efa0e6c-79d9-4799-ad83-eb509bd69356
mock_8efa0e6c_G7B_049,MOCK-8EFA-G7B-049,"Duncan Atieno Njoroge","Grade 7 B",Male,"Utawala",8efa0e6c-79d9-4799-ad83-eb509bd69356
mock_8efa0e6c_G7B_050,MOCK-8EFA-G7B-050,"Mitchelle Mbugua Mutiso","Grade 7 B",Female,"Utawala",8efa0e6c-79d9-4799-ad83-eb509bd69356
mock_8efa0e6c_G7B_051,MOCK-8EFA-G7B-051,"Stella Kariuki Maina","Grade 7 B",Female,"Utawala",8efa0e6c-79d9-4799-ad83-eb509bd69356
mock_8efa0e6c_G7B_052,MOCK-8EFA-G7B-052,"Kevin Maina Wambui","Grade 7 B",Male,"Utawala",8efa0e6c-79d9-4799-ad83-eb509bd69356
mock_8efa0e6c_G7B_053,MOCK-8EFA-G7B-053,"Eric Nyambura Nyambura","Grade 7 B",Male,"Utawala",8efa0e6c-79d9-4799-ad83-eb509bd69356
mock_8efa0e6c_G7B_054,MOCK-8EFA-G7B-054,"Purity Juma Wambui","Grade 7 B",Female,"Utawala",8efa0e6c-79d9-4799-ad83-eb509bd69356
mock_8efa0e6c_G7B_055,MOCK-8EFA-G7B-055,"Diana Wairimu Simiyu","Grade 7 B",Female,"Utawala",8efa0e6c-79d9-4799-ad83-eb509bd69356
mock_8efa0e6c_G7B_056,MOCK-8EFA-G7B-056,"Christine Kamau Akinyi","Grade 7 B",Female,"Utawala",8efa0e6c-79d9-4799-ad83-eb509bd69356
mock_8efa0e6c_G7B_057,MOCK-8EFA-G7B-057,"Sylvia Juma Adhiambo","Grade 7 B",Female,"Utawala",8efa0e6c-79d9-4799-ad83-eb509bd69356
mock_8efa0e6c_G7B_058,MOCK-8EFA-G7B-058,"Brian Rotich Wanjiru","Grade 7 B",Male,"Utawala",8efa0e6c-79d9-4799-ad83-eb509bd69356
mock_8efa0e6c_G7B_059,MOCK-8EFA-G7B-059,"Faith Kibet Odhiambo","Grade 7 B",Female,"Utawala",8efa0e6c-79d9-4799-ad83-eb509bd69356
mock_8efa0e6c_G7B_060,MOCK-8EFA-G7B-060,"Duncan Kariuki Nyokabi","Grade 7 B",Male,"Utawala",8efa0e6c-79d9-4799-ad83-eb509bd69356
mock_8efa0e6c_G8A_001,MOCK-8EFA-G8A-001,"Christine Auma Nyambura","Grade 8 A",Female,"Utawala",8efa0e6c-79d9-4799-ad83-eb509bd69356
mock_8efa0e6c_G8A_002,MOCK-8EFA-G8A-002,"Purity Auma Korir","Grade 8 A",Female,"Utawala",8efa0e6c-79d9-4799-ad83-eb509bd69356
mock_8efa0e6c_G8A_003,MOCK-8EFA-G8A-003,"Ian Auma Owino","Grade 8 A",Male,"Utawala",8efa0e6c-79d9-4799-ad83-eb509bd69356
mock_8efa0e6c_G8A_004,MOCK-8EFA-G8A-004,"Sylvia Nyambura Barasa","Grade 8 A",Female,"Utawala",8efa0e6c-79d9-4799-ad83-eb509bd69356
mock_8efa0e6c_G8A_005,MOCK-8EFA-G8A-005,"Pauline Korir Rotich","Grade 8 A",Female,"Utawala",8efa0e6c-79d9-4799-ad83-eb509bd69356
mock_8efa0e6c_G8A_006,MOCK-8EFA-G8A-006,"Joseph Karanja Otieno","Grade 8 A",Male,"Utawala",8efa0e6c-79d9-4799-ad83-eb509bd69356
mock_8efa0e6c_G8A_007,MOCK-8EFA-G8A-007,"Gideon Njoroge Nyambura","Grade 8 A",Male,"Utawala",8efa0e6c-79d9-4799-ad83-eb509bd69356
mock_8efa0e6c_G8A_008,MOCK-8EFA-G8A-008,"Ann Atieno Karanja","Grade 8 A",Female,"Utawala",8efa0e6c-79d9-4799-ad83-eb509bd69356
mock_8efa0e6c_G8A_009,MOCK-8EFA-G8A-009,"Diana Njeri Wambui","Grade 8 A",Female,"Utawala",8efa0e6c-79d9-4799-ad83-eb509bd69356
mock_8efa0e6c_G8A_010,MOCK-8EFA-G8A-010,"Duncan Mbugua Juma","Grade 8 A",Male,"Utawala",8efa0e6c-79d9-4799-ad83-eb509bd69356
mock_8efa0e6c_G8A_011,MOCK-8EFA-G8A-011,"Janet Atieno Owino","Grade 8 A",Female,"Utawala",8efa0e6c-79d9-4799-ad83-eb509bd69356
mock_8efa0e6c_G8A_012,MOCK-8EFA-G8A-012,"Michael Simiyu Mwangi","Grade 8 A",Male,"Utawala",8efa0e6c-79d9-4799-ad83-eb509bd69356
mock_8efa0e6c_G8A_013,MOCK-8EFA-G8A-013,"Mercy Akinyi Akinyi","Grade 8 A",Female,"Utawala",8efa0e6c-79d9-4799-ad83-eb509bd69356
mock_8efa0e6c_G8A_014,MOCK-8EFA-G8A-014,"Lucy Ochieng Kamau","Grade 8 A",Female,"Utawala",8efa0e6c-79d9-4799-ad83-eb509bd69356
mock_8efa0e6c_G8A_015,MOCK-8EFA-G8A-015,"Sharon Kiplagat Kipchoge","Grade 8 A",Female,"Utawala",8efa0e6c-79d9-4799-ad83-eb509bd69356
mock_8efa0e6c_G8A_016,MOCK-8EFA-G8A-016,"Grace Karanja Maina","Grade 8 A",Female,"Utawala",8efa0e6c-79d9-4799-ad83-eb509bd69356
mock_8efa0e6c_G8A_017,MOCK-8EFA-G8A-017,"Sylvia Kariuki Chepkemoi","Grade 8 A",Female,"Utawala",8efa0e6c-79d9-4799-ad83-eb509bd69356
mock_8efa0e6c_G8A_018,MOCK-8EFA-G8A-018,"Dennis Korir Achieng","Grade 8 A",Male,"Utawala",8efa0e6c-79d9-4799-ad83-eb509bd69356
mock_8efa0e6c_G8A_019,MOCK-8EFA-G8A-019,"Kevin Mbugua Atieno","Grade 8 A",Male,"Utawala",8efa0e6c-79d9-4799-ad83-eb509bd69356
mock_8efa0e6c_G8A_020,MOCK-8EFA-G8A-020,"Martin Maina Auma","Grade 8 A",Male,"Utawala",8efa0e6c-79d9-4799-ad83-eb509bd69356
mock_8efa0e6c_G8A_021,MOCK-8EFA-G8A-021,"Pauline Rotich Rotich","Grade 8 A",Female,"Utawala",8efa0e6c-79d9-4799-ad83-eb509bd69356
mock_8efa0e6c_G8A_022,MOCK-8EFA-G8A-022,"Doreen Cheruiyot Barasa","Grade 8 A",Female,"Utawala",8efa0e6c-79d9-4799-ad83-eb509bd69356
mock_8efa0e6c_G8A_023,MOCK-8EFA-G8A-023,"Mercy Kibet Nyambura","Grade 8 A",Female,"Utawala",8efa0e6c-79d9-4799-ad83-eb509bd69356
mock_8efa0e6c_G8A_024,MOCK-8EFA-G8A-024,"Beatrice Cheruiyot Mbugua","Grade 8 A",Female,"Utawala",8efa0e6c-79d9-4799-ad83-eb509bd69356
mock_8efa0e6c_G8A_025,MOCK-8EFA-G8A-025,"Kelvin Adhiambo Auma","Grade 8 A",Male,"Utawala",8efa0e6c-79d9-4799-ad83-eb509bd69356
mock_8efa0e6c_G8A_026,MOCK-8EFA-G8A-026,"Winnie Mutiso Wafula","Grade 8 A",Female,"Utawala",8efa0e6c-79d9-4799-ad83-eb509bd69356
mock_8efa0e6c_G8A_027,MOCK-8EFA-G8A-027,"Faith Karanja Juma","Grade 8 A",Female,"Utawala",8efa0e6c-79d9-4799-ad83-eb509bd69356
mock_8efa0e6c_G8A_028,MOCK-8EFA-G8A-028,"Cornelius Gitau Kiplagat","Grade 8 A",Male,"Utawala",8efa0e6c-79d9-4799-ad83-eb509bd69356
mock_8efa0e6c_G8A_029,MOCK-8EFA-G8A-029,"Brayan Barasa Omondi","Grade 8 A",Male,"Utawala",8efa0e6c-79d9-4799-ad83-eb509bd69356
mock_8efa0e6c_G8A_030,MOCK-8EFA-G8A-030,"Faith Nyambura Wafula","Grade 8 A",Female,"Utawala",8efa0e6c-79d9-4799-ad83-eb509bd69356
mock_8efa0e6c_G8A_031,MOCK-8EFA-G8A-031,"Grace Onyango Wambui","Grade 8 A",Female,"Utawala",8efa0e6c-79d9-4799-ad83-eb509bd69356
mock_8efa0e6c_G8A_032,MOCK-8EFA-G8A-032,"Peter Kiplagat Achieng","Grade 8 A",Male,"Utawala",8efa0e6c-79d9-4799-ad83-eb509bd69356
mock_8efa0e6c_G8A_033,MOCK-8EFA-G8A-033,"Felix Nyambura Simiyu","Grade 8 A",Male,"Utawala",8efa0e6c-79d9-4799-ad83-eb509bd69356
mock_8efa0e6c_G8A_034,MOCK-8EFA-G8A-034,"Sylvia Auma Njeri","Grade 8 A",Female,"Utawala",8efa0e6c-79d9-4799-ad83-eb509bd69356
mock_8efa0e6c_G8A_035,MOCK-8EFA-G8A-035,"Ann Kamau Nyambura","Grade 8 A",Female,"Utawala",8efa0e6c-79d9-4799-ad83-eb509bd69356
mock_8efa0e6c_G8A_036,MOCK-8EFA-G8A-036,"Peter Nyokabi Karanja","Grade 8 A",Male,"Utawala",8efa0e6c-79d9-4799-ad83-eb509bd69356
mock_8efa0e6c_G8A_037,MOCK-8EFA-G8A-037,"Felix Kipchoge Wanjiru","Grade 8 A",Male,"Utawala",8efa0e6c-79d9-4799-ad83-eb509bd69356
mock_8efa0e6c_G8A_038,MOCK-8EFA-G8A-038,"Mary Achieng Nyambura","Grade 8 A",Female,"Utawala",8efa0e6c-79d9-4799-ad83-eb509bd69356
mock_8efa0e6c_G8A_039,MOCK-8EFA-G8A-039,"Martin Ochieng Cheruiyot","Grade 8 A",Male,"Utawala",8efa0e6c-79d9-4799-ad83-eb509bd69356
mock_8efa0e6c_G8A_040,MOCK-8EFA-G8A-040,"Esther Simiyu Were","Grade 8 A",Female,"Utawala",8efa0e6c-79d9-4799-ad83-eb509bd69356
mock_8efa0e6c_G8A_041,MOCK-8EFA-G8A-041,"Eunice Mutiso Kiplagat","Grade 8 A",Female,"Utawala",8efa0e6c-79d9-4799-ad83-eb509bd69356
mock_8efa0e6c_G8A_042,MOCK-8EFA-G8A-042,"Esther Ochieng Akinyi","Grade 8 A",Female,"Utawala",8efa0e6c-79d9-4799-ad83-eb509bd69356
mock_8efa0e6c_G8A_043,MOCK-8EFA-G8A-043,"Felix Wairimu Auma","Grade 8 A",Male,"Utawala",8efa0e6c-79d9-4799-ad83-eb509bd69356
mock_8efa0e6c_G8A_044,MOCK-8EFA-G8A-044,"Allan Were Wafula","Grade 8 A",Male,"Utawala",8efa0e6c-79d9-4799-ad83-eb509bd69356
mock_8efa0e6c_G8A_045,MOCK-8EFA-G8A-045,"Vincent Akinyi Kipchoge","Grade 8 A",Male,"Utawala",8efa0e6c-79d9-4799-ad83-eb509bd69356
mock_8efa0e6c_G8A_046,MOCK-8EFA-G8A-046,"Valentine Wanjiru Juma","Grade 8 A",Female,"Utawala",8efa0e6c-79d9-4799-ad83-eb509bd69356
mock_8efa0e6c_G8A_047,MOCK-8EFA-G8A-047,"Brian Achieng Akinyi","Grade 8 A",Male,"Utawala",8efa0e6c-79d9-4799-ad83-eb509bd69356
mock_8efa0e6c_G8A_048,MOCK-8EFA-G8A-048,"Joy Achieng Njeri","Grade 8 A",Female,"Utawala",8efa0e6c-79d9-4799-ad83-eb509bd69356
mock_8efa0e6c_G8A_049,MOCK-8EFA-G8A-049,"Faith Adhiambo Otieno","Grade 8 A",Female,"Utawala",8efa0e6c-79d9-4799-ad83-eb509bd69356
mock_8efa0e6c_G8A_050,MOCK-8EFA-G8A-050,"Martin Juma Onyango","Grade 8 A",Male,"Utawala",8efa0e6c-79d9-4799-ad83-eb509bd69356
mock_8efa0e6c_G8A_051,MOCK-8EFA-G8A-051,"Nancy Achieng Njoroge","Grade 8 A",Female,"Utawala",8efa0e6c-79d9-4799-ad83-eb509bd69356
mock_8efa0e6c_G8A_052,MOCK-8EFA-G8A-052,"Ann Odhiambo Mutiso","Grade 8 A",Female,"Utawala",8efa0e6c-79d9-4799-ad83-eb509bd69356
mock_8efa0e6c_G8A_053,MOCK-8EFA-G8A-053,"Patrick Kipchoge Adhiambo","Grade 8 A",Male,"Utawala",8efa0e6c-79d9-4799-ad83-eb509bd69356
mock_8efa0e6c_G8A_054,MOCK-8EFA-G8A-054,"Dennis Kibet Gitau","Grade 8 A",Male,"Utawala",8efa0e6c-79d9-4799-ad83-eb509bd69356
mock_8efa0e6c_G8A_055,MOCK-8EFA-G8A-055,"Rose Kiplagat Otieno","Grade 8 A",Female,"Utawala",8efa0e6c-79d9-4799-ad83-eb509bd69356
mock_8efa0e6c_G8A_056,MOCK-8EFA-G8A-056,"Vincent Wanjiru Barasa","Grade 8 A",Male,"Utawala",8efa0e6c-79d9-4799-ad83-eb509bd69356
mock_8efa0e6c_G8A_057,MOCK-8EFA-G8A-057,"Elvis Juma Chebet","Grade 8 A",Male,"Utawala",8efa0e6c-79d9-4799-ad83-eb509bd69356
mock_8efa0e6c_G8A_058,MOCK-8EFA-G8A-058,"Esther Karanja Atieno","Grade 8 A",Female,"Utawala",8efa0e6c-79d9-4799-ad83-eb509bd69356
mock_8efa0e6c_G8A_059,MOCK-8EFA-G8A-059,"Samuel Akinyi Achieng","Grade 8 A",Male,"Utawala",8efa0e6c-79d9-4799-ad83-eb509bd69356
mock_8efa0e6c_G8A_060,MOCK-8EFA-G8A-060,"Pauline Wambui Simiyu","Grade 8 A",Female,"Utawala",8efa0e6c-79d9-4799-ad83-eb509bd69356
mock_8efa0e6c_G8B_001,MOCK-8EFA-G8B-001,"Collins Njeri Nyambura","Grade 8 B",Male,"Utawala",8efa0e6c-79d9-4799-ad83-eb509bd69356
mock_8efa0e6c_G8B_002,MOCK-8EFA-G8B-002,"Joseph Kibet Atieno","Grade 8 B",Male,"Utawala",8efa0e6c-79d9-4799-ad83-eb509bd69356
mock_8efa0e6c_G8B_003,MOCK-8EFA-G8B-003,"Stephen Gitau Kiplagat","Grade 8 B",Male,"Utawala",8efa0e6c-79d9-4799-ad83-eb509bd69356
mock_8efa0e6c_G8B_004,MOCK-8EFA-G8B-004,"Allan Simiyu Owino","Grade 8 B",Male,"Utawala",8efa0e6c-79d9-4799-ad83-eb509bd69356
mock_8efa0e6c_G8B_005,MOCK-8EFA-G8B-005,"Diana Wanjiru Kiplagat","Grade 8 B",Female,"Utawala",8efa0e6c-79d9-4799-ad83-eb509bd69356
mock_8efa0e6c_G8B_006,MOCK-8EFA-G8B-006,"Stephen Nyokabi Gitau","Grade 8 B",Male,"Utawala",8efa0e6c-79d9-4799-ad83-eb509bd69356
mock_8efa0e6c_G8B_007,MOCK-8EFA-G8B-007,"Brian Owino Rotich","Grade 8 B",Male,"Utawala",8efa0e6c-79d9-4799-ad83-eb509bd69356
mock_8efa0e6c_G8B_008,MOCK-8EFA-G8B-008,"Diana Wairimu Rotich","Grade 8 B",Female,"Utawala",8efa0e6c-79d9-4799-ad83-eb509bd69356
mock_8efa0e6c_G8B_009,MOCK-8EFA-G8B-009,"Stephen Nyambura Gitau","Grade 8 B",Male,"Utawala",8efa0e6c-79d9-4799-ad83-eb509bd69356
mock_8efa0e6c_G8B_010,MOCK-8EFA-G8B-010,"Lydia Simiyu Odhiambo","Grade 8 B",Female,"Utawala",8efa0e6c-79d9-4799-ad83-eb509bd69356
mock_8efa0e6c_G8B_011,MOCK-8EFA-G8B-011,"Ann Cheruiyot Achieng","Grade 8 B",Female,"Utawala",8efa0e6c-79d9-4799-ad83-eb509bd69356
mock_8efa0e6c_G8B_012,MOCK-8EFA-G8B-012,"Christine Auma Ochieng","Grade 8 B",Female,"Utawala",8efa0e6c-79d9-4799-ad83-eb509bd69356
mock_8efa0e6c_G8B_013,MOCK-8EFA-G8B-013,"Samuel Chepkemoi Rotich","Grade 8 B",Male,"Utawala",8efa0e6c-79d9-4799-ad83-eb509bd69356
mock_8efa0e6c_G8B_014,MOCK-8EFA-G8B-014,"Brayan Cheruiyot Were","Grade 8 B",Male,"Utawala",8efa0e6c-79d9-4799-ad83-eb509bd69356
mock_8efa0e6c_G8B_015,MOCK-8EFA-G8B-015,"Duncan Achieng Wanjiru","Grade 8 B",Male,"Utawala",8efa0e6c-79d9-4799-ad83-eb509bd69356
mock_8efa0e6c_G8B_016,MOCK-8EFA-G8B-016,"Nicholas Achieng Wafula","Grade 8 B",Male,"Utawala",8efa0e6c-79d9-4799-ad83-eb509bd69356
mock_8efa0e6c_G8B_017,MOCK-8EFA-G8B-017,"Faith Achieng Gitau","Grade 8 B",Female,"Utawala",8efa0e6c-79d9-4799-ad83-eb509bd69356
mock_8efa0e6c_G8B_018,MOCK-8EFA-G8B-018,"Michael Mutua Karanja","Grade 8 B",Male,"Utawala",8efa0e6c-79d9-4799-ad83-eb509bd69356
mock_8efa0e6c_G8B_019,MOCK-8EFA-G8B-019,"Cornelius Juma Wambui","Grade 8 B",Male,"Utawala",8efa0e6c-79d9-4799-ad83-eb509bd69356
mock_8efa0e6c_G8B_020,MOCK-8EFA-G8B-020,"Diana Njeri Chepkemoi","Grade 8 B",Female,"Utawala",8efa0e6c-79d9-4799-ad83-eb509bd69356
mock_8efa0e6c_G8B_021,MOCK-8EFA-G8B-021,"Mercy Juma Chepkemoi","Grade 8 B",Female,"Utawala",8efa0e6c-79d9-4799-ad83-eb509bd69356
mock_8efa0e6c_G8B_022,MOCK-8EFA-G8B-022,"Doreen Wanjiru Karanja","Grade 8 B",Female,"Utawala",8efa0e6c-79d9-4799-ad83-eb509bd69356
mock_8efa0e6c_G8B_023,MOCK-8EFA-G8B-023,"Pauline Kibet Kibet","Grade 8 B",Female,"Utawala",8efa0e6c-79d9-4799-ad83-eb509bd69356
mock_8efa0e6c_G8B_024,MOCK-8EFA-G8B-024,"Samuel Rotich Gitau","Grade 8 B",Male,"Utawala",8efa0e6c-79d9-4799-ad83-eb509bd69356
mock_8efa0e6c_G8B_025,MOCK-8EFA-G8B-025,"Mitchelle Omondi Kamau","Grade 8 B",Female,"Utawala",8efa0e6c-79d9-4799-ad83-eb509bd69356
mock_8efa0e6c_G8B_026,MOCK-8EFA-G8B-026,"Cynthia Kiplagat Nyokabi","Grade 8 B",Female,"Utawala",8efa0e6c-79d9-4799-ad83-eb509bd69356
mock_8efa0e6c_G8B_027,MOCK-8EFA-G8B-027,"Samuel Mutua Omondi","Grade 8 B",Male,"Utawala",8efa0e6c-79d9-4799-ad83-eb509bd69356
mock_8efa0e6c_G8B_028,MOCK-8EFA-G8B-028,"Winnie Chebet Rotich","Grade 8 B",Female,"Utawala",8efa0e6c-79d9-4799-ad83-eb509bd69356
mock_8efa0e6c_G8B_029,MOCK-8EFA-G8B-029,"Grace Kipchoge Nyokabi","Grade 8 B",Female,"Utawala",8efa0e6c-79d9-4799-ad83-eb509bd69356
mock_8efa0e6c_G8B_030,MOCK-8EFA-G8B-030,"Valentine Njeri Mutiso","Grade 8 B",Female,"Utawala",8efa0e6c-79d9-4799-ad83-eb509bd69356
mock_8efa0e6c_G8B_031,MOCK-8EFA-G8B-031,"Cynthia Maina Kamau","Grade 8 B",Female,"Utawala",8efa0e6c-79d9-4799-ad83-eb509bd69356
mock_8efa0e6c_G8B_032,MOCK-8EFA-G8B-032,"Beatrice Kibet Wairimu","Grade 8 B",Female,"Utawala",8efa0e6c-79d9-4799-ad83-eb509bd69356
mock_8efa0e6c_G8B_033,MOCK-8EFA-G8B-033,"Brian Odhiambo Mbugua","Grade 8 B",Male,"Utawala",8efa0e6c-79d9-4799-ad83-eb509bd69356
mock_8efa0e6c_G8B_034,MOCK-8EFA-G8B-034,"Sharon Njeri Achieng","Grade 8 B",Female,"Utawala",8efa0e6c-79d9-4799-ad83-eb509bd69356
mock_8efa0e6c_G8B_035,MOCK-8EFA-G8B-035,"Rose Mwangi Cheruiyot","Grade 8 B",Female,"Utawala",8efa0e6c-79d9-4799-ad83-eb509bd69356
mock_8efa0e6c_G8B_036,MOCK-8EFA-G8B-036,"Allan Wafula Onyango","Grade 8 B",Male,"Utawala",8efa0e6c-79d9-4799-ad83-eb509bd69356
mock_8efa0e6c_G8B_037,MOCK-8EFA-G8B-037,"Kevin Nyambura Mwangi","Grade 8 B",Male,"Utawala",8efa0e6c-79d9-4799-ad83-eb509bd69356
mock_8efa0e6c_G8B_038,MOCK-8EFA-G8B-038,"Patrick Juma Rotich","Grade 8 B",Male,"Utawala",8efa0e6c-79d9-4799-ad83-eb509bd69356
mock_8efa0e6c_G8B_039,MOCK-8EFA-G8B-039,"Esther Gitau Otieno","Grade 8 B",Female,"Utawala",8efa0e6c-79d9-4799-ad83-eb509bd69356
mock_8efa0e6c_G8B_040,MOCK-8EFA-G8B-040,"Lydia Kipchoge Simiyu","Grade 8 B",Female,"Utawala",8efa0e6c-79d9-4799-ad83-eb509bd69356
mock_8efa0e6c_G8B_041,MOCK-8EFA-G8B-041,"Mary Wafula Cheruiyot","Grade 8 B",Female,"Utawala",8efa0e6c-79d9-4799-ad83-eb509bd69356
mock_8efa0e6c_G8B_042,MOCK-8EFA-G8B-042,"Daniel Njoroge Kibet","Grade 8 B",Male,"Utawala",8efa0e6c-79d9-4799-ad83-eb509bd69356
mock_8efa0e6c_G8B_043,MOCK-8EFA-G8B-043,"Daniel Owino Karanja","Grade 8 B",Male,"Utawala",8efa0e6c-79d9-4799-ad83-eb509bd69356
mock_8efa0e6c_G8B_044,MOCK-8EFA-G8B-044,"Nicholas Mutiso Kiplagat","Grade 8 B",Male,"Utawala",8efa0e6c-79d9-4799-ad83-eb509bd69356
mock_8efa0e6c_G8B_045,MOCK-8EFA-G8B-045,"Janet Odhiambo Karanja","Grade 8 B",Female,"Utawala",8efa0e6c-79d9-4799-ad83-eb509bd69356
mock_8efa0e6c_G8B_046,MOCK-8EFA-G8B-046,"Sharon Wafula Mbugua","Grade 8 B",Female,"Utawala",8efa0e6c-79d9-4799-ad83-eb509bd69356
mock_8efa0e6c_G8B_047,MOCK-8EFA-G8B-047,"Elvis Kipchoge Nyambura","Grade 8 B",Male,"Utawala",8efa0e6c-79d9-4799-ad83-eb509bd69356
mock_8efa0e6c_G8B_048,MOCK-8EFA-G8B-048,"Stephen Kiplagat Karanja","Grade 8 B",Male,"Utawala",8efa0e6c-79d9-4799-ad83-eb509bd69356
mock_8efa0e6c_G8B_049,MOCK-8EFA-G8B-049,"George Mutua Juma","Grade 8 B",Male,"Utawala",8efa0e6c-79d9-4799-ad83-eb509bd69356
mock_8efa0e6c_G8B_050,MOCK-8EFA-G8B-050,"Charles Atieno Simiyu","Grade 8 B",Male,"Utawala",8efa0e6c-79d9-4799-ad83-eb509bd69356
mock_8efa0e6c_G8B_051,MOCK-8EFA-G8B-051,"Maureen Were Ochieng","Grade 8 B",Female,"Utawala",8efa0e6c-79d9-4799-ad83-eb509bd69356
mock_8efa0e6c_G8B_052,MOCK-8EFA-G8B-052,"Anthony Were Owino","Grade 8 B",Male,"Utawala",8efa0e6c-79d9-4799-ad83-eb509bd69356
mock_8efa0e6c_G8B_053,MOCK-8EFA-G8B-053,"Allan Kipchoge Otieno","Grade 8 B",Male,"Utawala",8efa0e6c-79d9-4799-ad83-eb509bd69356
mock_8efa0e6c_G8B_054,MOCK-8EFA-G8B-054,"Mitchelle Ochieng Achieng","Grade 8 B",Female,"Utawala",8efa0e6c-79d9-4799-ad83-eb509bd69356
mock_8efa0e6c_G8B_055,MOCK-8EFA-G8B-055,"Doreen Achieng Juma","Grade 8 B",Female,"Utawala",8efa0e6c-79d9-4799-ad83-eb509bd69356
mock_8efa0e6c_G8B_056,MOCK-8EFA-G8B-056,"Joy Akinyi Mutua","Grade 8 B",Female,"Utawala",8efa0e6c-79d9-4799-ad83-eb509bd69356
mock_8efa0e6c_G8B_057,MOCK-8EFA-G8B-057,"Brayan Onyango Barasa","Grade 8 B",Male,"Utawala",8efa0e6c-79d9-4799-ad83-eb509bd69356
mock_8efa0e6c_G8B_058,MOCK-8EFA-G8B-058,"Brenda Njeri Achieng","Grade 8 B",Female,"Utawala",8efa0e6c-79d9-4799-ad83-eb509bd69356
mock_8efa0e6c_G8B_059,MOCK-8EFA-G8B-059,"Mercy Were Juma","Grade 8 B",Female,"Utawala",8efa0e6c-79d9-4799-ad83-eb509bd69356
mock_8efa0e6c_G8B_060,MOCK-8EFA-G8B-060,"Maureen Korir Owino","Grade 8 B",Female,"Utawala",8efa0e6c-79d9-4799-ad83-eb509bd69356
mock_8efa0e6c_G9A_001,MOCK-8EFA-G9A-001,"Lucy Achieng Odhiambo","Grade 9 A",Female,"Utawala",8efa0e6c-79d9-4799-ad83-eb509bd69356
mock_8efa0e6c_G9A_002,MOCK-8EFA-G9A-002,"Eunice Kiplagat Achieng","Grade 9 A",Female,"Utawala",8efa0e6c-79d9-4799-ad83-eb509bd69356
mock_8efa0e6c_G9A_003,MOCK-8EFA-G9A-003,"Diana Onyango Ochieng","Grade 9 A",Female,"Utawala",8efa0e6c-79d9-4799-ad83-eb509bd69356
mock_8efa0e6c_G9A_004,MOCK-8EFA-G9A-004,"Ann Auma Owino","Grade 9 A",Female,"Utawala",8efa0e6c-79d9-4799-ad83-eb509bd69356
mock_8efa0e6c_G9A_005,MOCK-8EFA-G9A-005,"Patrick Atieno Achieng","Grade 9 A",Male,"Utawala",8efa0e6c-79d9-4799-ad83-eb509bd69356
mock_8efa0e6c_G9A_006,MOCK-8EFA-G9A-006,"Sharon Rotich Otieno","Grade 9 A",Female,"Utawala",8efa0e6c-79d9-4799-ad83-eb509bd69356
mock_8efa0e6c_G9A_007,MOCK-8EFA-G9A-007,"George Odhiambo Mwangi","Grade 9 A",Male,"Utawala",8efa0e6c-79d9-4799-ad83-eb509bd69356
mock_8efa0e6c_G9A_008,MOCK-8EFA-G9A-008,"Anthony Chebet Kipchoge","Grade 9 A",Male,"Utawala",8efa0e6c-79d9-4799-ad83-eb509bd69356
mock_8efa0e6c_G9A_009,MOCK-8EFA-G9A-009,"Anthony Otieno Chepkemoi","Grade 9 A",Male,"Utawala",8efa0e6c-79d9-4799-ad83-eb509bd69356
mock_8efa0e6c_G9A_010,MOCK-8EFA-G9A-010,"Caroline Juma Mutiso","Grade 9 A",Female,"Utawala",8efa0e6c-79d9-4799-ad83-eb509bd69356
mock_8efa0e6c_G9A_011,MOCK-8EFA-G9A-011,"Mitchelle Akinyi Were","Grade 9 A",Female,"Utawala",8efa0e6c-79d9-4799-ad83-eb509bd69356
mock_8efa0e6c_G9A_012,MOCK-8EFA-G9A-012,"Joy Auma Njoroge","Grade 9 A",Female,"Utawala",8efa0e6c-79d9-4799-ad83-eb509bd69356
mock_8efa0e6c_G9A_013,MOCK-8EFA-G9A-013,"Janet Auma Cheruiyot","Grade 9 A",Female,"Utawala",8efa0e6c-79d9-4799-ad83-eb509bd69356
mock_8efa0e6c_G9A_014,MOCK-8EFA-G9A-014,"Sharon Atieno Kiplagat","Grade 9 A",Female,"Utawala",8efa0e6c-79d9-4799-ad83-eb509bd69356
mock_8efa0e6c_G9A_015,MOCK-8EFA-G9A-015,"Joy Were Kamau","Grade 9 A",Female,"Utawala",8efa0e6c-79d9-4799-ad83-eb509bd69356
mock_8efa0e6c_G9A_016,MOCK-8EFA-G9A-016,"Stephen Were Korir","Grade 9 A",Male,"Utawala",8efa0e6c-79d9-4799-ad83-eb509bd69356
mock_8efa0e6c_G9A_017,MOCK-8EFA-G9A-017,"Maureen Akinyi Owino","Grade 9 A",Female,"Utawala",8efa0e6c-79d9-4799-ad83-eb509bd69356
mock_8efa0e6c_G9A_018,MOCK-8EFA-G9A-018,"Nicholas Korir Maina","Grade 9 A",Male,"Utawala",8efa0e6c-79d9-4799-ad83-eb509bd69356
mock_8efa0e6c_G9A_019,MOCK-8EFA-G9A-019,"Charles Kariuki Juma","Grade 9 A",Male,"Utawala",8efa0e6c-79d9-4799-ad83-eb509bd69356
mock_8efa0e6c_G9A_020,MOCK-8EFA-G9A-020,"Winnie Cheruiyot Mutua","Grade 9 A",Female,"Utawala",8efa0e6c-79d9-4799-ad83-eb509bd69356
mock_8efa0e6c_G9A_021,MOCK-8EFA-G9A-021,"Michael Kibet Cheruiyot","Grade 9 A",Male,"Utawala",8efa0e6c-79d9-4799-ad83-eb509bd69356
mock_8efa0e6c_G9A_022,MOCK-8EFA-G9A-022,"Duncan Achieng Chebet","Grade 9 A",Male,"Utawala",8efa0e6c-79d9-4799-ad83-eb509bd69356
mock_8efa0e6c_G9A_023,MOCK-8EFA-G9A-023,"Beatrice Owino Korir","Grade 9 A",Female,"Utawala",8efa0e6c-79d9-4799-ad83-eb509bd69356
mock_8efa0e6c_G9A_024,MOCK-8EFA-G9A-024,"Ian Nyokabi Kiplagat","Grade 9 A",Male,"Utawala",8efa0e6c-79d9-4799-ad83-eb509bd69356
mock_8efa0e6c_G9A_025,MOCK-8EFA-G9A-025,"Diana Chebet Chepkemoi","Grade 9 A",Female,"Utawala",8efa0e6c-79d9-4799-ad83-eb509bd69356
mock_8efa0e6c_G9A_026,MOCK-8EFA-G9A-026,"Allan Ochieng Juma","Grade 9 A",Male,"Utawala",8efa0e6c-79d9-4799-ad83-eb509bd69356
mock_8efa0e6c_G9A_027,MOCK-8EFA-G9A-027,"Christine Onyango Kiplagat","Grade 9 A",Female,"Utawala",8efa0e6c-79d9-4799-ad83-eb509bd69356
mock_8efa0e6c_G9A_028,MOCK-8EFA-G9A-028,"Cynthia Mbugua Njoroge","Grade 9 A",Female,"Utawala",8efa0e6c-79d9-4799-ad83-eb509bd69356
mock_8efa0e6c_G9A_029,MOCK-8EFA-G9A-029,"Brian Korir Omondi","Grade 9 A",Male,"Utawala",8efa0e6c-79d9-4799-ad83-eb509bd69356
mock_8efa0e6c_G9A_030,MOCK-8EFA-G9A-030,"Felix Chepkemoi Chebet","Grade 9 A",Male,"Utawala",8efa0e6c-79d9-4799-ad83-eb509bd69356
mock_8efa0e6c_G9A_031,MOCK-8EFA-G9A-031,"Nicholas Kipchoge Nyokabi","Grade 9 A",Male,"Utawala",8efa0e6c-79d9-4799-ad83-eb509bd69356
mock_8efa0e6c_G9A_032,MOCK-8EFA-G9A-032,"Vincent Chepkemoi Gitau","Grade 9 A",Male,"Utawala",8efa0e6c-79d9-4799-ad83-eb509bd69356
mock_8efa0e6c_G9A_033,MOCK-8EFA-G9A-033,"Purity Cheruiyot Nyambura","Grade 9 A",Female,"Utawala",8efa0e6c-79d9-4799-ad83-eb509bd69356
mock_8efa0e6c_G9A_034,MOCK-8EFA-G9A-034,"Fredrick Mutua Njoroge","Grade 9 A",Male,"Utawala",8efa0e6c-79d9-4799-ad83-eb509bd69356
mock_8efa0e6c_G9A_035,MOCK-8EFA-G9A-035,"Patrick Wambui Otieno","Grade 9 A",Male,"Utawala",8efa0e6c-79d9-4799-ad83-eb509bd69356
mock_8efa0e6c_G9A_036,MOCK-8EFA-G9A-036,"Cornelius Wafula Omondi","Grade 9 A",Male,"Utawala",8efa0e6c-79d9-4799-ad83-eb509bd69356
mock_8efa0e6c_G9A_037,MOCK-8EFA-G9A-037,"Collins Adhiambo Korir","Grade 9 A",Male,"Utawala",8efa0e6c-79d9-4799-ad83-eb509bd69356
mock_8efa0e6c_G9A_038,MOCK-8EFA-G9A-038,"Janet Mutiso Ochieng","Grade 9 A",Female,"Utawala",8efa0e6c-79d9-4799-ad83-eb509bd69356
mock_8efa0e6c_G9A_039,MOCK-8EFA-G9A-039,"Sharon Wafula Onyango","Grade 9 A",Female,"Utawala",8efa0e6c-79d9-4799-ad83-eb509bd69356
mock_8efa0e6c_G9A_040,MOCK-8EFA-G9A-040,"Stella Adhiambo Mutiso","Grade 9 A",Female,"Utawala",8efa0e6c-79d9-4799-ad83-eb509bd69356
mock_8efa0e6c_G9A_041,MOCK-8EFA-G9A-041,"Anthony Adhiambo Onyango","Grade 9 A",Male,"Utawala",8efa0e6c-79d9-4799-ad83-eb509bd69356
mock_8efa0e6c_G9A_042,MOCK-8EFA-G9A-042,"Michael Nyambura Nyokabi","Grade 9 A",Male,"Utawala",8efa0e6c-79d9-4799-ad83-eb509bd69356
mock_8efa0e6c_G9A_043,MOCK-8EFA-G9A-043,"Stella Wairimu Adhiambo","Grade 9 A",Female,"Utawala",8efa0e6c-79d9-4799-ad83-eb509bd69356
mock_8efa0e6c_G9A_044,MOCK-8EFA-G9A-044,"Vincent Simiyu Adhiambo","Grade 9 A",Male,"Utawala",8efa0e6c-79d9-4799-ad83-eb509bd69356
mock_8efa0e6c_G9A_045,MOCK-8EFA-G9A-045,"Christine Atieno Mutiso","Grade 9 A",Female,"Utawala",8efa0e6c-79d9-4799-ad83-eb509bd69356
mock_8efa0e6c_G9A_046,MOCK-8EFA-G9A-046,"Caroline Mbugua Njeri","Grade 9 A",Female,"Utawala",8efa0e6c-79d9-4799-ad83-eb509bd69356
mock_8efa0e6c_G9A_047,MOCK-8EFA-G9A-047,"Winnie Wairimu Adhiambo","Grade 9 A",Female,"Utawala",8efa0e6c-79d9-4799-ad83-eb509bd69356
mock_8efa0e6c_G9A_048,MOCK-8EFA-G9A-048,"Pauline Barasa Juma","Grade 9 A",Female,"Utawala",8efa0e6c-79d9-4799-ad83-eb509bd69356
mock_8efa0e6c_G9A_049,MOCK-8EFA-G9A-049,"Fredrick Wafula Ochieng","Grade 9 A",Male,"Utawala",8efa0e6c-79d9-4799-ad83-eb509bd69356
mock_8efa0e6c_G9A_050,MOCK-8EFA-G9A-050,"Joy Akinyi Chepkemoi","Grade 9 A",Female,"Utawala",8efa0e6c-79d9-4799-ad83-eb509bd69356
mock_8efa0e6c_G9A_051,MOCK-8EFA-G9A-051,"Linet Ochieng Kariuki","Grade 9 A",Female,"Utawala",8efa0e6c-79d9-4799-ad83-eb509bd69356
mock_8efa0e6c_G9A_052,MOCK-8EFA-G9A-052,"Brian Nyokabi Adhiambo","Grade 9 A",Male,"Utawala",8efa0e6c-79d9-4799-ad83-eb509bd69356
mock_8efa0e6c_G9A_053,MOCK-8EFA-G9A-053,"Ann Kiplagat Kiplagat","Grade 9 A",Female,"Utawala",8efa0e6c-79d9-4799-ad83-eb509bd69356
mock_8efa0e6c_G9A_054,MOCK-8EFA-G9A-054,"Brayan Barasa Otieno","Grade 9 A",Male,"Utawala",8efa0e6c-79d9-4799-ad83-eb509bd69356
mock_8efa0e6c_G9A_055,MOCK-8EFA-G9A-055,"Emmanuel Kamau Achieng","Grade 9 A",Male,"Utawala",8efa0e6c-79d9-4799-ad83-eb509bd69356
mock_8efa0e6c_G9A_056,MOCK-8EFA-G9A-056,"Samuel Karanja Atieno","Grade 9 A",Male,"Utawala",8efa0e6c-79d9-4799-ad83-eb509bd69356
mock_8efa0e6c_G9A_057,MOCK-8EFA-G9A-057,"Elvis Kamau Rotich","Grade 9 A",Male,"Utawala",8efa0e6c-79d9-4799-ad83-eb509bd69356
mock_8efa0e6c_G9A_058,MOCK-8EFA-G9A-058,"Charles Wambui Simiyu","Grade 9 A",Male,"Utawala",8efa0e6c-79d9-4799-ad83-eb509bd69356
mock_8efa0e6c_G9A_059,MOCK-8EFA-G9A-059,"Joy Njoroge Mutiso","Grade 9 A",Female,"Utawala",8efa0e6c-79d9-4799-ad83-eb509bd69356
mock_8efa0e6c_G9A_060,MOCK-8EFA-G9A-060,"Collins Kariuki Wafula","Grade 9 A",Male,"Utawala",8efa0e6c-79d9-4799-ad83-eb509bd69356
mock_8efa0e6c_G9B_001,MOCK-8EFA-G9B-001,"Lucy Mwangi Auma","Grade 9 B",Female,"Utawala",8efa0e6c-79d9-4799-ad83-eb509bd69356
mock_8efa0e6c_G9B_002,MOCK-8EFA-G9B-002,"Winnie Kariuki Kiplagat","Grade 9 B",Female,"Utawala",8efa0e6c-79d9-4799-ad83-eb509bd69356
mock_8efa0e6c_G9B_003,MOCK-8EFA-G9B-003,"Ian Chebet Kipchoge","Grade 9 B",Male,"Utawala",8efa0e6c-79d9-4799-ad83-eb509bd69356
mock_8efa0e6c_G9B_004,MOCK-8EFA-G9B-004,"Anthony Were Otieno","Grade 9 B",Male,"Utawala",8efa0e6c-79d9-4799-ad83-eb509bd69356
mock_8efa0e6c_G9B_005,MOCK-8EFA-G9B-005,"Kelvin Kamau Korir","Grade 9 B",Male,"Utawala",8efa0e6c-79d9-4799-ad83-eb509bd69356
mock_8efa0e6c_G9B_006,MOCK-8EFA-G9B-006,"Valentine Kiplagat Mutua","Grade 9 B",Female,"Utawala",8efa0e6c-79d9-4799-ad83-eb509bd69356
mock_8efa0e6c_G9B_007,MOCK-8EFA-G9B-007,"Eric Atieno Rotich","Grade 9 B",Male,"Utawala",8efa0e6c-79d9-4799-ad83-eb509bd69356
mock_8efa0e6c_G9B_008,MOCK-8EFA-G9B-008,"Linet Mutiso Njoroge","Grade 9 B",Female,"Utawala",8efa0e6c-79d9-4799-ad83-eb509bd69356
mock_8efa0e6c_G9B_009,MOCK-8EFA-G9B-009,"Michael Wambui Achieng","Grade 9 B",Male,"Utawala",8efa0e6c-79d9-4799-ad83-eb509bd69356
mock_8efa0e6c_G9B_010,MOCK-8EFA-G9B-010,"Emmanuel Ochieng Odhiambo","Grade 9 B",Male,"Utawala",8efa0e6c-79d9-4799-ad83-eb509bd69356
mock_8efa0e6c_G9B_011,MOCK-8EFA-G9B-011,"Lydia Kipchoge Nyokabi","Grade 9 B",Female,"Utawala",8efa0e6c-79d9-4799-ad83-eb509bd69356
mock_8efa0e6c_G9B_012,MOCK-8EFA-G9B-012,"Emmanuel Nyambura Owino","Grade 9 B",Male,"Utawala",8efa0e6c-79d9-4799-ad83-eb509bd69356
mock_8efa0e6c_G9B_013,MOCK-8EFA-G9B-013,"Kevin Ochieng Wafula","Grade 9 B",Male,"Utawala",8efa0e6c-79d9-4799-ad83-eb509bd69356
mock_8efa0e6c_G9B_014,MOCK-8EFA-G9B-014,"Kevin Rotich Korir","Grade 9 B",Male,"Utawala",8efa0e6c-79d9-4799-ad83-eb509bd69356
mock_8efa0e6c_G9B_015,MOCK-8EFA-G9B-015,"Duncan Mbugua Akinyi","Grade 9 B",Male,"Utawala",8efa0e6c-79d9-4799-ad83-eb509bd69356
mock_8efa0e6c_G9B_016,MOCK-8EFA-G9B-016,"Collins Atieno Njeri","Grade 9 B",Male,"Utawala",8efa0e6c-79d9-4799-ad83-eb509bd69356
mock_8efa0e6c_G9B_017,MOCK-8EFA-G9B-017,"Stella Karanja Mutiso","Grade 9 B",Female,"Utawala",8efa0e6c-79d9-4799-ad83-eb509bd69356
mock_8efa0e6c_G9B_018,MOCK-8EFA-G9B-018,"Charles Korir Njeri","Grade 9 B",Male,"Utawala",8efa0e6c-79d9-4799-ad83-eb509bd69356
mock_8efa0e6c_G9B_019,MOCK-8EFA-G9B-019,"George Akinyi Mwangi","Grade 9 B",Male,"Utawala",8efa0e6c-79d9-4799-ad83-eb509bd69356
mock_8efa0e6c_G9B_020,MOCK-8EFA-G9B-020,"Stephen Akinyi Atieno","Grade 9 B",Male,"Utawala",8efa0e6c-79d9-4799-ad83-eb509bd69356
mock_8efa0e6c_G9B_021,MOCK-8EFA-G9B-021,"Ann Were Kiplagat","Grade 9 B",Female,"Utawala",8efa0e6c-79d9-4799-ad83-eb509bd69356
mock_8efa0e6c_G9B_022,MOCK-8EFA-G9B-022,"Peter Kamau Onyango","Grade 9 B",Male,"Utawala",8efa0e6c-79d9-4799-ad83-eb509bd69356
mock_8efa0e6c_G9B_023,MOCK-8EFA-G9B-023,"Lucy Juma Mbugua","Grade 9 B",Female,"Utawala",8efa0e6c-79d9-4799-ad83-eb509bd69356
mock_8efa0e6c_G9B_024,MOCK-8EFA-G9B-024,"Kevin Adhiambo Gitau","Grade 9 B",Male,"Utawala",8efa0e6c-79d9-4799-ad83-eb509bd69356
mock_8efa0e6c_G9B_025,MOCK-8EFA-G9B-025,"Caroline Gitau Kipchoge","Grade 9 B",Female,"Utawala",8efa0e6c-79d9-4799-ad83-eb509bd69356
mock_8efa0e6c_G9B_026,MOCK-8EFA-G9B-026,"Martin Kibet Atieno","Grade 9 B",Male,"Utawala",8efa0e6c-79d9-4799-ad83-eb509bd69356
mock_8efa0e6c_G9B_027,MOCK-8EFA-G9B-027,"Cynthia Korir Were","Grade 9 B",Female,"Utawala",8efa0e6c-79d9-4799-ad83-eb509bd69356
mock_8efa0e6c_G9B_028,MOCK-8EFA-G9B-028,"Eunice Wairimu Chepkemoi","Grade 9 B",Female,"Utawala",8efa0e6c-79d9-4799-ad83-eb509bd69356
mock_8efa0e6c_G9B_029,MOCK-8EFA-G9B-029,"Victor Gitau Simiyu","Grade 9 B",Male,"Utawala",8efa0e6c-79d9-4799-ad83-eb509bd69356
mock_8efa0e6c_G9B_030,MOCK-8EFA-G9B-030,"Ian Omondi Simiyu","Grade 9 B",Male,"Utawala",8efa0e6c-79d9-4799-ad83-eb509bd69356
mock_8efa0e6c_G9B_031,MOCK-8EFA-G9B-031,"Sylvia Korir Mutua","Grade 9 B",Female,"Utawala",8efa0e6c-79d9-4799-ad83-eb509bd69356
mock_8efa0e6c_G9B_032,MOCK-8EFA-G9B-032,"Felix Chebet Adhiambo","Grade 9 B",Male,"Utawala",8efa0e6c-79d9-4799-ad83-eb509bd69356
mock_8efa0e6c_G9B_033,MOCK-8EFA-G9B-033,"Dennis Akinyi Gitau","Grade 9 B",Male,"Utawala",8efa0e6c-79d9-4799-ad83-eb509bd69356
mock_8efa0e6c_G9B_034,MOCK-8EFA-G9B-034,"Joy Karanja Atieno","Grade 9 B",Female,"Utawala",8efa0e6c-79d9-4799-ad83-eb509bd69356
mock_8efa0e6c_G9B_035,MOCK-8EFA-G9B-035,"Lucy Mutua Wambui","Grade 9 B",Female,"Utawala",8efa0e6c-79d9-4799-ad83-eb509bd69356
mock_8efa0e6c_G9B_036,MOCK-8EFA-G9B-036,"Brayan Juma Kiplagat","Grade 9 B",Male,"Utawala",8efa0e6c-79d9-4799-ad83-eb509bd69356
mock_8efa0e6c_G9B_037,MOCK-8EFA-G9B-037,"Joy Kipchoge Mwangi","Grade 9 B",Female,"Utawala",8efa0e6c-79d9-4799-ad83-eb509bd69356
mock_8efa0e6c_G9B_038,MOCK-8EFA-G9B-038,"Daniel Maina Kamau","Grade 9 B",Male,"Utawala",8efa0e6c-79d9-4799-ad83-eb509bd69356
mock_8efa0e6c_G9B_039,MOCK-8EFA-G9B-039,"Eric Wafula Chebet","Grade 9 B",Male,"Utawala",8efa0e6c-79d9-4799-ad83-eb509bd69356
mock_8efa0e6c_G9B_040,MOCK-8EFA-G9B-040,"Dennis Auma Kibet","Grade 9 B",Male,"Utawala",8efa0e6c-79d9-4799-ad83-eb509bd69356
mock_8efa0e6c_G9B_041,MOCK-8EFA-G9B-041,"Brian Were Ochieng","Grade 9 B",Male,"Utawala",8efa0e6c-79d9-4799-ad83-eb509bd69356
mock_8efa0e6c_G9B_042,MOCK-8EFA-G9B-042,"Daniel Owino Barasa","Grade 9 B",Male,"Utawala",8efa0e6c-79d9-4799-ad83-eb509bd69356
mock_8efa0e6c_G9B_043,MOCK-8EFA-G9B-043,"Sylvia Ochieng Cheruiyot","Grade 9 B",Female,"Utawala",8efa0e6c-79d9-4799-ad83-eb509bd69356
mock_8efa0e6c_G9B_044,MOCK-8EFA-G9B-044,"Vincent Kiplagat Simiyu","Grade 9 B",Male,"Utawala",8efa0e6c-79d9-4799-ad83-eb509bd69356
mock_8efa0e6c_G9B_045,MOCK-8EFA-G9B-045,"George Njoroge Wairimu","Grade 9 B",Male,"Utawala",8efa0e6c-79d9-4799-ad83-eb509bd69356
mock_8efa0e6c_G9B_046,MOCK-8EFA-G9B-046,"Kevin Nyambura Nyokabi","Grade 9 B",Male,"Utawala",8efa0e6c-79d9-4799-ad83-eb509bd69356
mock_8efa0e6c_G9B_047,MOCK-8EFA-G9B-047,"Victor Atieno Wafula","Grade 9 B",Male,"Utawala",8efa0e6c-79d9-4799-ad83-eb509bd69356
mock_8efa0e6c_G9B_048,MOCK-8EFA-G9B-048,"Eunice Juma Odhiambo","Grade 9 B",Female,"Utawala",8efa0e6c-79d9-4799-ad83-eb509bd69356
mock_8efa0e6c_G9B_049,MOCK-8EFA-G9B-049,"Felix Rotich Otieno","Grade 9 B",Male,"Utawala",8efa0e6c-79d9-4799-ad83-eb509bd69356
mock_8efa0e6c_G9B_050,MOCK-8EFA-G9B-050,"Sharon Mutua Maina","Grade 9 B",Female,"Utawala",8efa0e6c-79d9-4799-ad83-eb509bd69356
mock_8efa0e6c_G9B_051,MOCK-8EFA-G9B-051,"George Wambui Wanjiru","Grade 9 B",Male,"Utawala",8efa0e6c-79d9-4799-ad83-eb509bd69356
mock_8efa0e6c_G9B_052,MOCK-8EFA-G9B-052,"Lydia Wairimu Adhiambo","Grade 9 B",Female,"Utawala",8efa0e6c-79d9-4799-ad83-eb509bd69356
mock_8efa0e6c_G9B_053,MOCK-8EFA-G9B-053,"Janet Atieno Auma","Grade 9 B",Female,"Utawala",8efa0e6c-79d9-4799-ad83-eb509bd69356
mock_8efa0e6c_G9B_054,MOCK-8EFA-G9B-054,"Anthony Otieno Omondi","Grade 9 B",Male,"Utawala",8efa0e6c-79d9-4799-ad83-eb509bd69356
mock_8efa0e6c_G9B_055,MOCK-8EFA-G9B-055,"Sharon Mutua Onyango","Grade 9 B",Female,"Utawala",8efa0e6c-79d9-4799-ad83-eb509bd69356
mock_8efa0e6c_G9B_056,MOCK-8EFA-G9B-056,"Beatrice Gitau Otieno","Grade 9 B",Female,"Utawala",8efa0e6c-79d9-4799-ad83-eb509bd69356
mock_8efa0e6c_G9B_057,MOCK-8EFA-G9B-057,"Lucy Kariuki Odhiambo","Grade 9 B",Female,"Utawala",8efa0e6c-79d9-4799-ad83-eb509bd69356
mock_8efa0e6c_G9B_058,MOCK-8EFA-G9B-058,"Brian Owino Gitau","Grade 9 B",Male,"Utawala",8efa0e6c-79d9-4799-ad83-eb509bd69356
mock_8efa0e6c_G9B_059,MOCK-8EFA-G9B-059,"Duncan Akinyi Chebet","Grade 9 B",Male,"Utawala",8efa0e6c-79d9-4799-ad83-eb509bd69356
mock_8efa0e6c_G9B_060,MOCK-8EFA-G9B-060,"Christine Nyokabi Akinyi","Grade 9 B",Female,"Utawala",8efa0e6c-79d9-4799-ad83-eb509bd69356
mock_8efa0e6c_G10A_001,MOCK-8EFA-G10A-001,"Pauline Karanja Mutiso","Grade 10 A",Female,"Utawala",8efa0e6c-79d9-4799-ad83-eb509bd69356
mock_8efa0e6c_G10A_002,MOCK-8EFA-G10A-002,"Daniel Mwangi Kamau","Grade 10 A",Male,"Utawala",8efa0e6c-79d9-4799-ad83-eb509bd69356
mock_8efa0e6c_G10A_003,MOCK-8EFA-G10A-003,"Nancy Nyokabi Achieng","Grade 10 A",Female,"Utawala",8efa0e6c-79d9-4799-ad83-eb509bd69356
mock_8efa0e6c_G10A_004,MOCK-8EFA-G10A-004,"Stella Odhiambo Korir","Grade 10 A",Female,"Utawala",8efa0e6c-79d9-4799-ad83-eb509bd69356
mock_8efa0e6c_G10A_005,MOCK-8EFA-G10A-005,"Lucy Nyokabi Ochieng","Grade 10 A",Female,"Utawala",8efa0e6c-79d9-4799-ad83-eb509bd69356
mock_8efa0e6c_G10A_006,MOCK-8EFA-G10A-006,"Emmanuel Juma Mutua","Grade 10 A",Male,"Utawala",8efa0e6c-79d9-4799-ad83-eb509bd69356
mock_8efa0e6c_G10A_007,MOCK-8EFA-G10A-007,"Diana Nyokabi Auma","Grade 10 A",Female,"Utawala",8efa0e6c-79d9-4799-ad83-eb509bd69356
mock_8efa0e6c_G10A_008,MOCK-8EFA-G10A-008,"Kevin Rotich Owino","Grade 10 A",Male,"Utawala",8efa0e6c-79d9-4799-ad83-eb509bd69356
mock_8efa0e6c_G10A_009,MOCK-8EFA-G10A-009,"Samuel Korir Korir","Grade 10 A",Male,"Utawala",8efa0e6c-79d9-4799-ad83-eb509bd69356
mock_8efa0e6c_G10A_010,MOCK-8EFA-G10A-010,"Mary Akinyi Kipchoge","Grade 10 A",Female,"Utawala",8efa0e6c-79d9-4799-ad83-eb509bd69356
mock_8efa0e6c_G10A_011,MOCK-8EFA-G10A-011,"Linet Nyambura Chepkemoi","Grade 10 A",Female,"Utawala",8efa0e6c-79d9-4799-ad83-eb509bd69356
mock_8efa0e6c_G10A_012,MOCK-8EFA-G10A-012,"Elvis Gitau Karanja","Grade 10 A",Male,"Utawala",8efa0e6c-79d9-4799-ad83-eb509bd69356
mock_8efa0e6c_G10A_013,MOCK-8EFA-G10A-013,"Peter Were Kariuki","Grade 10 A",Male,"Utawala",8efa0e6c-79d9-4799-ad83-eb509bd69356
mock_8efa0e6c_G10A_014,MOCK-8EFA-G10A-014,"Samuel Kariuki Onyango","Grade 10 A",Male,"Utawala",8efa0e6c-79d9-4799-ad83-eb509bd69356
mock_8efa0e6c_G10A_015,MOCK-8EFA-G10A-015,"Elvis Kibet Mutiso","Grade 10 A",Male,"Utawala",8efa0e6c-79d9-4799-ad83-eb509bd69356
mock_8efa0e6c_G10A_016,MOCK-8EFA-G10A-016,"Doreen Ochieng Mutiso","Grade 10 A",Female,"Utawala",8efa0e6c-79d9-4799-ad83-eb509bd69356
mock_8efa0e6c_G10A_017,MOCK-8EFA-G10A-017,"Beatrice Mutiso Atieno","Grade 10 A",Female,"Utawala",8efa0e6c-79d9-4799-ad83-eb509bd69356
mock_8efa0e6c_G10A_018,MOCK-8EFA-G10A-018,"Nicholas Kibet Nyambura","Grade 10 A",Male,"Utawala",8efa0e6c-79d9-4799-ad83-eb509bd69356
mock_8efa0e6c_G10A_019,MOCK-8EFA-G10A-019,"Purity Simiyu Karanja","Grade 10 A",Female,"Utawala",8efa0e6c-79d9-4799-ad83-eb509bd69356
mock_8efa0e6c_G10A_020,MOCK-8EFA-G10A-020,"Gideon Mwangi Onyango","Grade 10 A",Male,"Utawala",8efa0e6c-79d9-4799-ad83-eb509bd69356
mock_8efa0e6c_G10A_021,MOCK-8EFA-G10A-021,"Stephen Karanja Wairimu","Grade 10 A",Male,"Utawala",8efa0e6c-79d9-4799-ad83-eb509bd69356
mock_8efa0e6c_G10A_022,MOCK-8EFA-G10A-022,"Doreen Chebet Maina","Grade 10 A",Female,"Utawala",8efa0e6c-79d9-4799-ad83-eb509bd69356
mock_8efa0e6c_G10A_023,MOCK-8EFA-G10A-023,"Mercy Barasa Onyango","Grade 10 A",Female,"Utawala",8efa0e6c-79d9-4799-ad83-eb509bd69356
mock_8efa0e6c_G10A_024,MOCK-8EFA-G10A-024,"Samuel Auma Njeri","Grade 10 A",Male,"Utawala",8efa0e6c-79d9-4799-ad83-eb509bd69356
mock_8efa0e6c_G10A_025,MOCK-8EFA-G10A-025,"Dennis Nyokabi Simiyu","Grade 10 A",Male,"Utawala",8efa0e6c-79d9-4799-ad83-eb509bd69356
mock_8efa0e6c_G10A_026,MOCK-8EFA-G10A-026,"Vincent Wairimu Auma","Grade 10 A",Male,"Utawala",8efa0e6c-79d9-4799-ad83-eb509bd69356
mock_8efa0e6c_G10A_027,MOCK-8EFA-G10A-027,"Kelvin Kariuki Rotich","Grade 10 A",Male,"Utawala",8efa0e6c-79d9-4799-ad83-eb509bd69356
mock_8efa0e6c_G10A_028,MOCK-8EFA-G10A-028,"Cynthia Mutua Ochieng","Grade 10 A",Female,"Utawala",8efa0e6c-79d9-4799-ad83-eb509bd69356
mock_8efa0e6c_G10A_029,MOCK-8EFA-G10A-029,"Sharon Simiyu Were","Grade 10 A",Female,"Utawala",8efa0e6c-79d9-4799-ad83-eb509bd69356
mock_8efa0e6c_G10A_030,MOCK-8EFA-G10A-030,"Michael Barasa Nyambura","Grade 10 A",Male,"Utawala",8efa0e6c-79d9-4799-ad83-eb509bd69356
mock_8efa0e6c_G10A_031,MOCK-8EFA-G10A-031,"Grace Were Auma","Grade 10 A",Female,"Utawala",8efa0e6c-79d9-4799-ad83-eb509bd69356
mock_8efa0e6c_G10A_032,MOCK-8EFA-G10A-032,"Gideon Were Chepkemoi","Grade 10 A",Male,"Utawala",8efa0e6c-79d9-4799-ad83-eb509bd69356
mock_8efa0e6c_G10A_033,MOCK-8EFA-G10A-033,"Martin Onyango Simiyu","Grade 10 A",Male,"Utawala",8efa0e6c-79d9-4799-ad83-eb509bd69356
mock_8efa0e6c_G10A_034,MOCK-8EFA-G10A-034,"Elvis Karanja Karanja","Grade 10 A",Male,"Utawala",8efa0e6c-79d9-4799-ad83-eb509bd69356
mock_8efa0e6c_G10A_035,MOCK-8EFA-G10A-035,"Michael Chepkemoi Adhiambo","Grade 10 A",Male,"Utawala",8efa0e6c-79d9-4799-ad83-eb509bd69356
mock_8efa0e6c_G10A_036,MOCK-8EFA-G10A-036,"Kevin Nyambura Wambui","Grade 10 A",Male,"Utawala",8efa0e6c-79d9-4799-ad83-eb509bd69356
mock_8efa0e6c_G10A_037,MOCK-8EFA-G10A-037,"Felix Karanja Omondi","Grade 10 A",Male,"Utawala",8efa0e6c-79d9-4799-ad83-eb509bd69356
mock_8efa0e6c_G10A_038,MOCK-8EFA-G10A-038,"Linet Kipchoge Akinyi","Grade 10 A",Female,"Utawala",8efa0e6c-79d9-4799-ad83-eb509bd69356
mock_8efa0e6c_G10A_039,MOCK-8EFA-G10A-039,"Vincent Omondi Kipchoge","Grade 10 A",Male,"Utawala",8efa0e6c-79d9-4799-ad83-eb509bd69356
mock_8efa0e6c_G10A_040,MOCK-8EFA-G10A-040,"Patrick Mbugua Karanja","Grade 10 A",Male,"Utawala",8efa0e6c-79d9-4799-ad83-eb509bd69356
mock_8efa0e6c_G10A_041,MOCK-8EFA-G10A-041,"Purity Njeri Maina","Grade 10 A",Female,"Utawala",8efa0e6c-79d9-4799-ad83-eb509bd69356
mock_8efa0e6c_G10A_042,MOCK-8EFA-G10A-042,"Lucy Chebet Achieng","Grade 10 A",Female,"Utawala",8efa0e6c-79d9-4799-ad83-eb509bd69356
mock_8efa0e6c_G10A_043,MOCK-8EFA-G10A-043,"Sharon Kipchoge Kibet","Grade 10 A",Female,"Utawala",8efa0e6c-79d9-4799-ad83-eb509bd69356
mock_8efa0e6c_G10A_044,MOCK-8EFA-G10A-044,"Doreen Nyambura Kibet","Grade 10 A",Female,"Utawala",8efa0e6c-79d9-4799-ad83-eb509bd69356
mock_8efa0e6c_G10A_045,MOCK-8EFA-G10A-045,"Pauline Korir Kibet","Grade 10 A",Female,"Utawala",8efa0e6c-79d9-4799-ad83-eb509bd69356
mock_8efa0e6c_G10A_046,MOCK-8EFA-G10A-046,"Martin Onyango Juma","Grade 10 A",Male,"Utawala",8efa0e6c-79d9-4799-ad83-eb509bd69356
mock_8efa0e6c_G10A_047,MOCK-8EFA-G10A-047,"Mercy Kibet Kiplagat","Grade 10 A",Female,"Utawala",8efa0e6c-79d9-4799-ad83-eb509bd69356
mock_8efa0e6c_G10A_048,MOCK-8EFA-G10A-048,"Pauline Wambui Otieno","Grade 10 A",Female,"Utawala",8efa0e6c-79d9-4799-ad83-eb509bd69356
mock_8efa0e6c_G10A_049,MOCK-8EFA-G10A-049,"Peter Nyokabi Were","Grade 10 A",Male,"Utawala",8efa0e6c-79d9-4799-ad83-eb509bd69356
mock_8efa0e6c_G10A_050,MOCK-8EFA-G10A-050,"Lucy Chepkemoi Were","Grade 10 A",Female,"Utawala",8efa0e6c-79d9-4799-ad83-eb509bd69356
mock_8efa0e6c_G10A_051,MOCK-8EFA-G10A-051,"Nancy Auma Kibet","Grade 10 A",Female,"Utawala",8efa0e6c-79d9-4799-ad83-eb509bd69356
mock_8efa0e6c_G10A_052,MOCK-8EFA-G10A-052,"Eunice Barasa Onyango","Grade 10 A",Female,"Utawala",8efa0e6c-79d9-4799-ad83-eb509bd69356
mock_8efa0e6c_G10A_053,MOCK-8EFA-G10A-053,"Charles Nyambura Were","Grade 10 A",Male,"Utawala",8efa0e6c-79d9-4799-ad83-eb509bd69356
mock_8efa0e6c_G10A_054,MOCK-8EFA-G10A-054,"Joy Rotich Rotich","Grade 10 A",Female,"Utawala",8efa0e6c-79d9-4799-ad83-eb509bd69356
mock_8efa0e6c_G10A_055,MOCK-8EFA-G10A-055,"Charles Wairimu Wairimu","Grade 10 A",Male,"Utawala",8efa0e6c-79d9-4799-ad83-eb509bd69356
mock_8efa0e6c_G10A_056,MOCK-8EFA-G10A-056,"Elvis Omondi Njeri","Grade 10 A",Male,"Utawala",8efa0e6c-79d9-4799-ad83-eb509bd69356
mock_8efa0e6c_G10A_057,MOCK-8EFA-G10A-057,"Cynthia Kamau Kipchoge","Grade 10 A",Female,"Utawala",8efa0e6c-79d9-4799-ad83-eb509bd69356
mock_8efa0e6c_G10A_058,MOCK-8EFA-G10A-058,"Kelvin Chebet Kipchoge","Grade 10 A",Male,"Utawala",8efa0e6c-79d9-4799-ad83-eb509bd69356
mock_8efa0e6c_G10A_059,MOCK-8EFA-G10A-059,"Anthony Kamau Akinyi","Grade 10 A",Male,"Utawala",8efa0e6c-79d9-4799-ad83-eb509bd69356
mock_8efa0e6c_G10A_060,MOCK-8EFA-G10A-060,"Martin Simiyu Omondi","Grade 10 A",Male,"Utawala",8efa0e6c-79d9-4799-ad83-eb509bd69356
mock_8efa0e6c_G10B_001,MOCK-8EFA-G10B-001,"Rose Otieno Ochieng","Grade 10 B",Female,"Utawala",8efa0e6c-79d9-4799-ad83-eb509bd69356
mock_8efa0e6c_G10B_002,MOCK-8EFA-G10B-002,"Victor Mutua Akinyi","Grade 10 B",Male,"Utawala",8efa0e6c-79d9-4799-ad83-eb509bd69356
mock_8efa0e6c_G10B_003,MOCK-8EFA-G10B-003,"Purity Gitau Cheruiyot","Grade 10 B",Female,"Utawala",8efa0e6c-79d9-4799-ad83-eb509bd69356
mock_8efa0e6c_G10B_004,MOCK-8EFA-G10B-004,"Christine Achieng Adhiambo","Grade 10 B",Female,"Utawala",8efa0e6c-79d9-4799-ad83-eb509bd69356
mock_8efa0e6c_G10B_005,MOCK-8EFA-G10B-005,"Brian Simiyu Juma","Grade 10 B",Male,"Utawala",8efa0e6c-79d9-4799-ad83-eb509bd69356
mock_8efa0e6c_G10B_006,MOCK-8EFA-G10B-006,"Diana Atieno Wanjiru","Grade 10 B",Female,"Utawala",8efa0e6c-79d9-4799-ad83-eb509bd69356
mock_8efa0e6c_G10B_007,MOCK-8EFA-G10B-007,"Eric Wambui Chebet","Grade 10 B",Male,"Utawala",8efa0e6c-79d9-4799-ad83-eb509bd69356
mock_8efa0e6c_G10B_008,MOCK-8EFA-G10B-008,"Samuel Njoroge Atieno","Grade 10 B",Male,"Utawala",8efa0e6c-79d9-4799-ad83-eb509bd69356
mock_8efa0e6c_G10B_009,MOCK-8EFA-G10B-009,"Samuel Mbugua Mutiso","Grade 10 B",Male,"Utawala",8efa0e6c-79d9-4799-ad83-eb509bd69356
mock_8efa0e6c_G10B_010,MOCK-8EFA-G10B-010,"Nicholas Kamau Mutua","Grade 10 B",Male,"Utawala",8efa0e6c-79d9-4799-ad83-eb509bd69356
mock_8efa0e6c_G10B_011,MOCK-8EFA-G10B-011,"Valentine Owino Adhiambo","Grade 10 B",Female,"Utawala",8efa0e6c-79d9-4799-ad83-eb509bd69356
mock_8efa0e6c_G10B_012,MOCK-8EFA-G10B-012,"Nancy Auma Kipchoge","Grade 10 B",Female,"Utawala",8efa0e6c-79d9-4799-ad83-eb509bd69356
mock_8efa0e6c_G10B_013,MOCK-8EFA-G10B-013,"Victor Mutua Wairimu","Grade 10 B",Male,"Utawala",8efa0e6c-79d9-4799-ad83-eb509bd69356
mock_8efa0e6c_G10B_014,MOCK-8EFA-G10B-014,"Winnie Wanjiru Njoroge","Grade 10 B",Female,"Utawala",8efa0e6c-79d9-4799-ad83-eb509bd69356
mock_8efa0e6c_G10B_015,MOCK-8EFA-G10B-015,"Lydia Wanjiru Otieno","Grade 10 B",Female,"Utawala",8efa0e6c-79d9-4799-ad83-eb509bd69356
mock_8efa0e6c_G10B_016,MOCK-8EFA-G10B-016,"Janet Nyokabi Otieno","Grade 10 B",Female,"Utawala",8efa0e6c-79d9-4799-ad83-eb509bd69356
mock_8efa0e6c_G10B_017,MOCK-8EFA-G10B-017,"Dennis Wafula Kariuki","Grade 10 B",Male,"Utawala",8efa0e6c-79d9-4799-ad83-eb509bd69356
mock_8efa0e6c_G10B_018,MOCK-8EFA-G10B-018,"Rose Kibet Omondi","Grade 10 B",Female,"Utawala",8efa0e6c-79d9-4799-ad83-eb509bd69356
mock_8efa0e6c_G10B_019,MOCK-8EFA-G10B-019,"Pauline Chepkemoi Gitau","Grade 10 B",Female,"Utawala",8efa0e6c-79d9-4799-ad83-eb509bd69356
mock_8efa0e6c_G10B_020,MOCK-8EFA-G10B-020,"Collins Wairimu Kamau","Grade 10 B",Male,"Utawala",8efa0e6c-79d9-4799-ad83-eb509bd69356
mock_8efa0e6c_G10B_021,MOCK-8EFA-G10B-021,"Cornelius Kipchoge Kipchoge","Grade 10 B",Male,"Utawala",8efa0e6c-79d9-4799-ad83-eb509bd69356
mock_8efa0e6c_G10B_022,MOCK-8EFA-G10B-022,"Mary Owino Chepkemoi","Grade 10 B",Female,"Utawala",8efa0e6c-79d9-4799-ad83-eb509bd69356
mock_8efa0e6c_G10B_023,MOCK-8EFA-G10B-023,"Cornelius Kariuki Atieno","Grade 10 B",Male,"Utawala",8efa0e6c-79d9-4799-ad83-eb509bd69356
mock_8efa0e6c_G10B_024,MOCK-8EFA-G10B-024,"Charles Korir Mutiso","Grade 10 B",Male,"Utawala",8efa0e6c-79d9-4799-ad83-eb509bd69356
mock_8efa0e6c_G10B_025,MOCK-8EFA-G10B-025,"Kelvin Chepkemoi Adhiambo","Grade 10 B",Male,"Utawala",8efa0e6c-79d9-4799-ad83-eb509bd69356
mock_8efa0e6c_G10B_026,MOCK-8EFA-G10B-026,"Kelvin Auma Achieng","Grade 10 B",Male,"Utawala",8efa0e6c-79d9-4799-ad83-eb509bd69356
mock_8efa0e6c_G10B_027,MOCK-8EFA-G10B-027,"George Wambui Cheruiyot","Grade 10 B",Male,"Utawala",8efa0e6c-79d9-4799-ad83-eb509bd69356
mock_8efa0e6c_G10B_028,MOCK-8EFA-G10B-028,"Allan Cheruiyot Kariuki","Grade 10 B",Male,"Utawala",8efa0e6c-79d9-4799-ad83-eb509bd69356
mock_8efa0e6c_G10B_029,MOCK-8EFA-G10B-029,"Kevin Njeri Mutua","Grade 10 B",Male,"Utawala",8efa0e6c-79d9-4799-ad83-eb509bd69356
mock_8efa0e6c_G10B_030,MOCK-8EFA-G10B-030,"Collins Mutua Mutua","Grade 10 B",Male,"Utawala",8efa0e6c-79d9-4799-ad83-eb509bd69356
mock_8efa0e6c_G10B_031,MOCK-8EFA-G10B-031,"Kevin Rotich Mbugua","Grade 10 B",Male,"Utawala",8efa0e6c-79d9-4799-ad83-eb509bd69356
mock_8efa0e6c_G10B_032,MOCK-8EFA-G10B-032,"Gideon Njoroge Cheruiyot","Grade 10 B",Male,"Utawala",8efa0e6c-79d9-4799-ad83-eb509bd69356
mock_8efa0e6c_G10B_033,MOCK-8EFA-G10B-033,"Gideon Cheruiyot Njoroge","Grade 10 B",Male,"Utawala",8efa0e6c-79d9-4799-ad83-eb509bd69356
mock_8efa0e6c_G10B_034,MOCK-8EFA-G10B-034,"Beatrice Atieno Owino","Grade 10 B",Female,"Utawala",8efa0e6c-79d9-4799-ad83-eb509bd69356
mock_8efa0e6c_G10B_035,MOCK-8EFA-G10B-035,"Charles Atieno Maina","Grade 10 B",Male,"Utawala",8efa0e6c-79d9-4799-ad83-eb509bd69356
mock_8efa0e6c_G10B_036,MOCK-8EFA-G10B-036,"Joy Korir Kibet","Grade 10 B",Female,"Utawala",8efa0e6c-79d9-4799-ad83-eb509bd69356
mock_8efa0e6c_G10B_037,MOCK-8EFA-G10B-037,"Brayan Chepkemoi Owino","Grade 10 B",Male,"Utawala",8efa0e6c-79d9-4799-ad83-eb509bd69356
mock_8efa0e6c_G10B_038,MOCK-8EFA-G10B-038,"Stephen Adhiambo Ochieng","Grade 10 B",Male,"Utawala",8efa0e6c-79d9-4799-ad83-eb509bd69356
mock_8efa0e6c_G10B_039,MOCK-8EFA-G10B-039,"Felix Wanjiru Achieng","Grade 10 B",Male,"Utawala",8efa0e6c-79d9-4799-ad83-eb509bd69356
mock_8efa0e6c_G10B_040,MOCK-8EFA-G10B-040,"Janet Atieno Chebet","Grade 10 B",Female,"Utawala",8efa0e6c-79d9-4799-ad83-eb509bd69356
mock_8efa0e6c_G10B_041,MOCK-8EFA-G10B-041,"Collins Karanja Cheruiyot","Grade 10 B",Male,"Utawala",8efa0e6c-79d9-4799-ad83-eb509bd69356
mock_8efa0e6c_G10B_042,MOCK-8EFA-G10B-042,"Mary Mutua Kipchoge","Grade 10 B",Female,"Utawala",8efa0e6c-79d9-4799-ad83-eb509bd69356
mock_8efa0e6c_G10B_043,MOCK-8EFA-G10B-043,"Faith Kibet Chebet","Grade 10 B",Female,"Utawala",8efa0e6c-79d9-4799-ad83-eb509bd69356
mock_8efa0e6c_G10B_044,MOCK-8EFA-G10B-044,"Martin Otieno Wairimu","Grade 10 B",Male,"Utawala",8efa0e6c-79d9-4799-ad83-eb509bd69356
mock_8efa0e6c_G10B_045,MOCK-8EFA-G10B-045,"Janet Chebet Wambui","Grade 10 B",Female,"Utawala",8efa0e6c-79d9-4799-ad83-eb509bd69356
mock_8efa0e6c_G10B_046,MOCK-8EFA-G10B-046,"Valentine Adhiambo Mwangi","Grade 10 B",Female,"Utawala",8efa0e6c-79d9-4799-ad83-eb509bd69356
mock_8efa0e6c_G10B_047,MOCK-8EFA-G10B-047,"Martin Akinyi Rotich","Grade 10 B",Male,"Utawala",8efa0e6c-79d9-4799-ad83-eb509bd69356
mock_8efa0e6c_G10B_048,MOCK-8EFA-G10B-048,"Nicholas Nyokabi Wambui","Grade 10 B",Male,"Utawala",8efa0e6c-79d9-4799-ad83-eb509bd69356
mock_8efa0e6c_G10B_049,MOCK-8EFA-G10B-049,"Cornelius Korir Chepkemoi","Grade 10 B",Male,"Utawala",8efa0e6c-79d9-4799-ad83-eb509bd69356
mock_8efa0e6c_G10B_050,MOCK-8EFA-G10B-050,"Samuel Achieng Barasa","Grade 10 B",Male,"Utawala",8efa0e6c-79d9-4799-ad83-eb509bd69356
mock_8efa0e6c_G10B_051,MOCK-8EFA-G10B-051,"Fredrick Mwangi Korir","Grade 10 B",Male,"Utawala",8efa0e6c-79d9-4799-ad83-eb509bd69356
mock_8efa0e6c_G10B_052,MOCK-8EFA-G10B-052,"Vincent Kariuki Gitau","Grade 10 B",Male,"Utawala",8efa0e6c-79d9-4799-ad83-eb509bd69356
mock_8efa0e6c_G10B_053,MOCK-8EFA-G10B-053,"Doreen Chebet Owino","Grade 10 B",Female,"Utawala",8efa0e6c-79d9-4799-ad83-eb509bd69356
mock_8efa0e6c_G10B_054,MOCK-8EFA-G10B-054,"George Nyambura Mutiso","Grade 10 B",Male,"Utawala",8efa0e6c-79d9-4799-ad83-eb509bd69356
mock_8efa0e6c_G10B_055,MOCK-8EFA-G10B-055,"Eunice Njeri Mutua","Grade 10 B",Female,"Utawala",8efa0e6c-79d9-4799-ad83-eb509bd69356
mock_8efa0e6c_G10B_056,MOCK-8EFA-G10B-056,"Winnie Gitau Mbugua","Grade 10 B",Female,"Utawala",8efa0e6c-79d9-4799-ad83-eb509bd69356
mock_8efa0e6c_G10B_057,MOCK-8EFA-G10B-057,"Caroline Wanjiru Kariuki","Grade 10 B",Female,"Utawala",8efa0e6c-79d9-4799-ad83-eb509bd69356
mock_8efa0e6c_G10B_058,MOCK-8EFA-G10B-058,"Martin Rotich Mbugua","Grade 10 B",Male,"Utawala",8efa0e6c-79d9-4799-ad83-eb509bd69356
mock_8efa0e6c_G10B_059,MOCK-8EFA-G10B-059,"Winnie Nyokabi Auma","Grade 10 B",Female,"Utawala",8efa0e6c-79d9-4799-ad83-eb509bd69356
mock_8efa0e6c_G10B_060,MOCK-8EFA-G10B-060,"Martin Kariuki Kiplagat","Grade 10 B",Male,"Utawala",8efa0e6c-79d9-4799-ad83-eb509bd69356
mock_8efa0e6c_G11A_001,MOCK-8EFA-G11A-001,"Joseph Achieng Odhiambo","Grade 11 A",Male,"Utawala",8efa0e6c-79d9-4799-ad83-eb509bd69356
mock_8efa0e6c_G11A_002,MOCK-8EFA-G11A-002,"Samuel Karanja Cheruiyot","Grade 11 A",Male,"Utawala",8efa0e6c-79d9-4799-ad83-eb509bd69356
mock_8efa0e6c_G11A_003,MOCK-8EFA-G11A-003,"Mitchelle Wanjiru Chebet","Grade 11 A",Female,"Utawala",8efa0e6c-79d9-4799-ad83-eb509bd69356
mock_8efa0e6c_G11A_004,MOCK-8EFA-G11A-004,"Brian Adhiambo Nyambura","Grade 11 A",Male,"Utawala",8efa0e6c-79d9-4799-ad83-eb509bd69356
mock_8efa0e6c_G11A_005,MOCK-8EFA-G11A-005,"Christine Chepkemoi Rotich","Grade 11 A",Female,"Utawala",8efa0e6c-79d9-4799-ad83-eb509bd69356
mock_8efa0e6c_G11A_006,MOCK-8EFA-G11A-006,"Maureen Auma Onyango","Grade 11 A",Female,"Utawala",8efa0e6c-79d9-4799-ad83-eb509bd69356
mock_8efa0e6c_G11A_007,MOCK-8EFA-G11A-007,"Ian Korir Auma","Grade 11 A",Male,"Utawala",8efa0e6c-79d9-4799-ad83-eb509bd69356
mock_8efa0e6c_G11A_008,MOCK-8EFA-G11A-008,"Nancy Maina Maina","Grade 11 A",Female,"Utawala",8efa0e6c-79d9-4799-ad83-eb509bd69356
mock_8efa0e6c_G11A_009,MOCK-8EFA-G11A-009,"Christine Karanja Onyango","Grade 11 A",Female,"Utawala",8efa0e6c-79d9-4799-ad83-eb509bd69356
mock_8efa0e6c_G11A_010,MOCK-8EFA-G11A-010,"Esther Rotich Simiyu","Grade 11 A",Female,"Utawala",8efa0e6c-79d9-4799-ad83-eb509bd69356
mock_8efa0e6c_G11A_011,MOCK-8EFA-G11A-011,"Michael Barasa Atieno","Grade 11 A",Male,"Utawala",8efa0e6c-79d9-4799-ad83-eb509bd69356
mock_8efa0e6c_G11A_012,MOCK-8EFA-G11A-012,"Ann Wafula Njeri","Grade 11 A",Female,"Utawala",8efa0e6c-79d9-4799-ad83-eb509bd69356
mock_8efa0e6c_G11A_013,MOCK-8EFA-G11A-013,"Mitchelle Mutua Mbugua","Grade 11 A",Female,"Utawala",8efa0e6c-79d9-4799-ad83-eb509bd69356
mock_8efa0e6c_G11A_014,MOCK-8EFA-G11A-014,"Linet Mwangi Nyambura","Grade 11 A",Female,"Utawala",8efa0e6c-79d9-4799-ad83-eb509bd69356
mock_8efa0e6c_G11A_015,MOCK-8EFA-G11A-015,"Stella Wafula Chepkemoi","Grade 11 A",Female,"Utawala",8efa0e6c-79d9-4799-ad83-eb509bd69356
mock_8efa0e6c_G11A_016,MOCK-8EFA-G11A-016,"Maureen Mbugua Wambui","Grade 11 A",Female,"Utawala",8efa0e6c-79d9-4799-ad83-eb509bd69356
mock_8efa0e6c_G11A_017,MOCK-8EFA-G11A-017,"Winnie Chepkemoi Wairimu","Grade 11 A",Female,"Utawala",8efa0e6c-79d9-4799-ad83-eb509bd69356
mock_8efa0e6c_G11A_018,MOCK-8EFA-G11A-018,"Lucy Adhiambo Chebet","Grade 11 A",Female,"Utawala",8efa0e6c-79d9-4799-ad83-eb509bd69356
mock_8efa0e6c_G11A_019,MOCK-8EFA-G11A-019,"Vincent Onyango Odhiambo","Grade 11 A",Male,"Utawala",8efa0e6c-79d9-4799-ad83-eb509bd69356
mock_8efa0e6c_G11A_020,MOCK-8EFA-G11A-020,"Grace Chepkemoi Wairimu","Grade 11 A",Female,"Utawala",8efa0e6c-79d9-4799-ad83-eb509bd69356
mock_8efa0e6c_G11A_021,MOCK-8EFA-G11A-021,"Allan Chebet Atieno","Grade 11 A",Male,"Utawala",8efa0e6c-79d9-4799-ad83-eb509bd69356
mock_8efa0e6c_G11A_022,MOCK-8EFA-G11A-022,"Stephen Karanja Omondi","Grade 11 A",Male,"Utawala",8efa0e6c-79d9-4799-ad83-eb509bd69356
mock_8efa0e6c_G11A_023,MOCK-8EFA-G11A-023,"Daniel Njeri Kariuki","Grade 11 A",Male,"Utawala",8efa0e6c-79d9-4799-ad83-eb509bd69356
mock_8efa0e6c_G11A_024,MOCK-8EFA-G11A-024,"Emmanuel Wafula Adhiambo","Grade 11 A",Male,"Utawala",8efa0e6c-79d9-4799-ad83-eb509bd69356
mock_8efa0e6c_G11A_025,MOCK-8EFA-G11A-025,"Joy Mwangi Kibet","Grade 11 A",Female,"Utawala",8efa0e6c-79d9-4799-ad83-eb509bd69356
mock_8efa0e6c_G11A_026,MOCK-8EFA-G11A-026,"Samuel Rotich Kiplagat","Grade 11 A",Male,"Utawala",8efa0e6c-79d9-4799-ad83-eb509bd69356
mock_8efa0e6c_G11A_027,MOCK-8EFA-G11A-027,"Doreen Wanjiru Wafula","Grade 11 A",Female,"Utawala",8efa0e6c-79d9-4799-ad83-eb509bd69356
mock_8efa0e6c_G11A_028,MOCK-8EFA-G11A-028,"Michael Onyango Onyango","Grade 11 A",Male,"Utawala",8efa0e6c-79d9-4799-ad83-eb509bd69356
mock_8efa0e6c_G11A_029,MOCK-8EFA-G11A-029,"Joy Wairimu Nyokabi","Grade 11 A",Female,"Utawala",8efa0e6c-79d9-4799-ad83-eb509bd69356
mock_8efa0e6c_G11A_030,MOCK-8EFA-G11A-030,"Valentine Karanja Karanja","Grade 11 A",Female,"Utawala",8efa0e6c-79d9-4799-ad83-eb509bd69356
mock_8efa0e6c_G11A_031,MOCK-8EFA-G11A-031,"Michael Barasa Ochieng","Grade 11 A",Male,"Utawala",8efa0e6c-79d9-4799-ad83-eb509bd69356
mock_8efa0e6c_G11A_032,MOCK-8EFA-G11A-032,"Kelvin Wafula Mbugua","Grade 11 A",Male,"Utawala",8efa0e6c-79d9-4799-ad83-eb509bd69356
mock_8efa0e6c_G11A_033,MOCK-8EFA-G11A-033,"Joy Kiplagat Mwangi","Grade 11 A",Female,"Utawala",8efa0e6c-79d9-4799-ad83-eb509bd69356
mock_8efa0e6c_G11A_034,MOCK-8EFA-G11A-034,"Faith Korir Kipchoge","Grade 11 A",Female,"Utawala",8efa0e6c-79d9-4799-ad83-eb509bd69356
mock_8efa0e6c_G11A_035,MOCK-8EFA-G11A-035,"Eric Simiyu Auma","Grade 11 A",Male,"Utawala",8efa0e6c-79d9-4799-ad83-eb509bd69356
mock_8efa0e6c_G11A_036,MOCK-8EFA-G11A-036,"Gideon Mwangi Kamau","Grade 11 A",Male,"Utawala",8efa0e6c-79d9-4799-ad83-eb509bd69356
mock_8efa0e6c_G11A_037,MOCK-8EFA-G11A-037,"Joy Otieno Odhiambo","Grade 11 A",Female,"Utawala",8efa0e6c-79d9-4799-ad83-eb509bd69356
mock_8efa0e6c_G11A_038,MOCK-8EFA-G11A-038,"Brayan Juma Njeri","Grade 11 A",Male,"Utawala",8efa0e6c-79d9-4799-ad83-eb509bd69356
mock_8efa0e6c_G11A_039,MOCK-8EFA-G11A-039,"Lucy Wairimu Kamau","Grade 11 A",Female,"Utawala",8efa0e6c-79d9-4799-ad83-eb509bd69356
mock_8efa0e6c_G11A_040,MOCK-8EFA-G11A-040,"Faith Rotich Juma","Grade 11 A",Female,"Utawala",8efa0e6c-79d9-4799-ad83-eb509bd69356
mock_8efa0e6c_G11A_041,MOCK-8EFA-G11A-041,"Caroline Chebet Otieno","Grade 11 A",Female,"Utawala",8efa0e6c-79d9-4799-ad83-eb509bd69356
mock_8efa0e6c_G11A_042,MOCK-8EFA-G11A-042,"Nicholas Cheruiyot Mbugua","Grade 11 A",Male,"Utawala",8efa0e6c-79d9-4799-ad83-eb509bd69356
mock_8efa0e6c_G11A_043,MOCK-8EFA-G11A-043,"Lydia Onyango Rotich","Grade 11 A",Female,"Utawala",8efa0e6c-79d9-4799-ad83-eb509bd69356
mock_8efa0e6c_G11A_044,MOCK-8EFA-G11A-044,"Janet Simiyu Barasa","Grade 11 A",Female,"Utawala",8efa0e6c-79d9-4799-ad83-eb509bd69356
mock_8efa0e6c_G11A_045,MOCK-8EFA-G11A-045,"Pauline Ochieng Kiplagat","Grade 11 A",Female,"Utawala",8efa0e6c-79d9-4799-ad83-eb509bd69356
mock_8efa0e6c_G11A_046,MOCK-8EFA-G11A-046,"Daniel Gitau Njoroge","Grade 11 A",Male,"Utawala",8efa0e6c-79d9-4799-ad83-eb509bd69356
mock_8efa0e6c_G11A_047,MOCK-8EFA-G11A-047,"Pauline Rotich Ochieng","Grade 11 A",Female,"Utawala",8efa0e6c-79d9-4799-ad83-eb509bd69356
mock_8efa0e6c_G11A_048,MOCK-8EFA-G11A-048,"Emmanuel Korir Mutua","Grade 11 A",Male,"Utawala",8efa0e6c-79d9-4799-ad83-eb509bd69356
mock_8efa0e6c_G11A_049,MOCK-8EFA-G11A-049,"Kelvin Adhiambo Omondi","Grade 11 A",Male,"Utawala",8efa0e6c-79d9-4799-ad83-eb509bd69356
mock_8efa0e6c_G11A_050,MOCK-8EFA-G11A-050,"Duncan Auma Simiyu","Grade 11 A",Male,"Utawala",8efa0e6c-79d9-4799-ad83-eb509bd69356
mock_8efa0e6c_G11A_051,MOCK-8EFA-G11A-051,"Caroline Korir Njoroge","Grade 11 A",Female,"Utawala",8efa0e6c-79d9-4799-ad83-eb509bd69356
mock_8efa0e6c_G11A_052,MOCK-8EFA-G11A-052,"Cornelius Wairimu Adhiambo","Grade 11 A",Male,"Utawala",8efa0e6c-79d9-4799-ad83-eb509bd69356
mock_8efa0e6c_G11A_053,MOCK-8EFA-G11A-053,"Valentine Wafula Kamau","Grade 11 A",Female,"Utawala",8efa0e6c-79d9-4799-ad83-eb509bd69356
mock_8efa0e6c_G11A_054,MOCK-8EFA-G11A-054,"Doreen Kiplagat Adhiambo","Grade 11 A",Female,"Utawala",8efa0e6c-79d9-4799-ad83-eb509bd69356
mock_8efa0e6c_G11A_055,MOCK-8EFA-G11A-055,"Ian Rotich Adhiambo","Grade 11 A",Male,"Utawala",8efa0e6c-79d9-4799-ad83-eb509bd69356
mock_8efa0e6c_G11A_056,MOCK-8EFA-G11A-056,"Christine Rotich Owino","Grade 11 A",Female,"Utawala",8efa0e6c-79d9-4799-ad83-eb509bd69356
mock_8efa0e6c_G11A_057,MOCK-8EFA-G11A-057,"Dennis Kariuki Gitau","Grade 11 A",Male,"Utawala",8efa0e6c-79d9-4799-ad83-eb509bd69356
mock_8efa0e6c_G11A_058,MOCK-8EFA-G11A-058,"Sylvia Wairimu Auma","Grade 11 A",Female,"Utawala",8efa0e6c-79d9-4799-ad83-eb509bd69356
mock_8efa0e6c_G11A_059,MOCK-8EFA-G11A-059,"Emmanuel Mutiso Wanjiru","Grade 11 A",Male,"Utawala",8efa0e6c-79d9-4799-ad83-eb509bd69356
mock_8efa0e6c_G11A_060,MOCK-8EFA-G11A-060,"Nicholas Simiyu Kibet","Grade 11 A",Male,"Utawala",8efa0e6c-79d9-4799-ad83-eb509bd69356
mock_8efa0e6c_G11B_001,MOCK-8EFA-G11B-001,"Grace Simiyu Onyango","Grade 11 B",Female,"Utawala",8efa0e6c-79d9-4799-ad83-eb509bd69356
mock_8efa0e6c_G11B_002,MOCK-8EFA-G11B-002,"Ian Auma Barasa","Grade 11 B",Male,"Utawala",8efa0e6c-79d9-4799-ad83-eb509bd69356
mock_8efa0e6c_G11B_003,MOCK-8EFA-G11B-003,"Ian Achieng Wanjiru","Grade 11 B",Male,"Utawala",8efa0e6c-79d9-4799-ad83-eb509bd69356
mock_8efa0e6c_G11B_004,MOCK-8EFA-G11B-004,"Brenda Nyokabi Wafula","Grade 11 B",Female,"Utawala",8efa0e6c-79d9-4799-ad83-eb509bd69356
mock_8efa0e6c_G11B_005,MOCK-8EFA-G11B-005,"Grace Njoroge Nyambura","Grade 11 B",Female,"Utawala",8efa0e6c-79d9-4799-ad83-eb509bd69356
mock_8efa0e6c_G11B_006,MOCK-8EFA-G11B-006,"Patrick Wafula Wambui","Grade 11 B",Male,"Utawala",8efa0e6c-79d9-4799-ad83-eb509bd69356
mock_8efa0e6c_G11B_007,MOCK-8EFA-G11B-007,"Stella Akinyi Chebet","Grade 11 B",Female,"Utawala",8efa0e6c-79d9-4799-ad83-eb509bd69356
mock_8efa0e6c_G11B_008,MOCK-8EFA-G11B-008,"Diana Korir Ochieng","Grade 11 B",Female,"Utawala",8efa0e6c-79d9-4799-ad83-eb509bd69356
mock_8efa0e6c_G11B_009,MOCK-8EFA-G11B-009,"Mary Maina Simiyu","Grade 11 B",Female,"Utawala",8efa0e6c-79d9-4799-ad83-eb509bd69356
mock_8efa0e6c_G11B_010,MOCK-8EFA-G11B-010,"Nicholas Otieno Ochieng","Grade 11 B",Male,"Utawala",8efa0e6c-79d9-4799-ad83-eb509bd69356
mock_8efa0e6c_G11B_011,MOCK-8EFA-G11B-011,"Christine Barasa Nyambura","Grade 11 B",Female,"Utawala",8efa0e6c-79d9-4799-ad83-eb509bd69356
mock_8efa0e6c_G11B_012,MOCK-8EFA-G11B-012,"Nicholas Maina Simiyu","Grade 11 B",Male,"Utawala",8efa0e6c-79d9-4799-ad83-eb509bd69356
mock_8efa0e6c_G11B_013,MOCK-8EFA-G11B-013,"Nicholas Nyambura Kipchoge","Grade 11 B",Male,"Utawala",8efa0e6c-79d9-4799-ad83-eb509bd69356
mock_8efa0e6c_G11B_014,MOCK-8EFA-G11B-014,"Diana Kiplagat Kiplagat","Grade 11 B",Female,"Utawala",8efa0e6c-79d9-4799-ad83-eb509bd69356
mock_8efa0e6c_G11B_015,MOCK-8EFA-G11B-015,"Mercy Were Wairimu","Grade 11 B",Female,"Utawala",8efa0e6c-79d9-4799-ad83-eb509bd69356
mock_8efa0e6c_G11B_016,MOCK-8EFA-G11B-016,"Caroline Onyango Chebet","Grade 11 B",Female,"Utawala",8efa0e6c-79d9-4799-ad83-eb509bd69356
mock_8efa0e6c_G11B_017,MOCK-8EFA-G11B-017,"Caroline Cheruiyot Auma","Grade 11 B",Female,"Utawala",8efa0e6c-79d9-4799-ad83-eb509bd69356
mock_8efa0e6c_G11B_018,MOCK-8EFA-G11B-018,"Joy Odhiambo Odhiambo","Grade 11 B",Female,"Utawala",8efa0e6c-79d9-4799-ad83-eb509bd69356
mock_8efa0e6c_G11B_019,MOCK-8EFA-G11B-019,"Stephen Omondi Rotich","Grade 11 B",Male,"Utawala",8efa0e6c-79d9-4799-ad83-eb509bd69356
mock_8efa0e6c_G11B_020,MOCK-8EFA-G11B-020,"Gideon Nyambura Rotich","Grade 11 B",Male,"Utawala",8efa0e6c-79d9-4799-ad83-eb509bd69356
mock_8efa0e6c_G11B_021,MOCK-8EFA-G11B-021,"Fredrick Owino Chepkemoi","Grade 11 B",Male,"Utawala",8efa0e6c-79d9-4799-ad83-eb509bd69356
mock_8efa0e6c_G11B_022,MOCK-8EFA-G11B-022,"Emmanuel Kipchoge Juma","Grade 11 B",Male,"Utawala",8efa0e6c-79d9-4799-ad83-eb509bd69356
mock_8efa0e6c_G11B_023,MOCK-8EFA-G11B-023,"Nicholas Wambui Rotich","Grade 11 B",Male,"Utawala",8efa0e6c-79d9-4799-ad83-eb509bd69356
mock_8efa0e6c_G11B_024,MOCK-8EFA-G11B-024,"Diana Wambui Odhiambo","Grade 11 B",Female,"Utawala",8efa0e6c-79d9-4799-ad83-eb509bd69356
mock_8efa0e6c_G11B_025,MOCK-8EFA-G11B-025,"Diana Simiyu Njoroge","Grade 11 B",Female,"Utawala",8efa0e6c-79d9-4799-ad83-eb509bd69356
mock_8efa0e6c_G11B_026,MOCK-8EFA-G11B-026,"Cynthia Korir Owino","Grade 11 B",Female,"Utawala",8efa0e6c-79d9-4799-ad83-eb509bd69356
mock_8efa0e6c_G11B_027,MOCK-8EFA-G11B-027,"Peter Adhiambo Gitau","Grade 11 B",Male,"Utawala",8efa0e6c-79d9-4799-ad83-eb509bd69356
mock_8efa0e6c_G11B_028,MOCK-8EFA-G11B-028,"Joseph Chebet Achieng","Grade 11 B",Male,"Utawala",8efa0e6c-79d9-4799-ad83-eb509bd69356
mock_8efa0e6c_G11B_029,MOCK-8EFA-G11B-029,"Sylvia Chepkemoi Nyokabi","Grade 11 B",Female,"Utawala",8efa0e6c-79d9-4799-ad83-eb509bd69356
mock_8efa0e6c_G11B_030,MOCK-8EFA-G11B-030,"Janet Omondi Otieno","Grade 11 B",Female,"Utawala",8efa0e6c-79d9-4799-ad83-eb509bd69356
mock_8efa0e6c_G11B_031,MOCK-8EFA-G11B-031,"Joy Nyokabi Njoroge","Grade 11 B",Female,"Utawala",8efa0e6c-79d9-4799-ad83-eb509bd69356
mock_8efa0e6c_G11B_032,MOCK-8EFA-G11B-032,"Peter Mutua Rotich","Grade 11 B",Male,"Utawala",8efa0e6c-79d9-4799-ad83-eb509bd69356
mock_8efa0e6c_G11B_033,MOCK-8EFA-G11B-033,"Allan Wafula Kibet","Grade 11 B",Male,"Utawala",8efa0e6c-79d9-4799-ad83-eb509bd69356
mock_8efa0e6c_G11B_034,MOCK-8EFA-G11B-034,"Diana Nyokabi Otieno","Grade 11 B",Female,"Utawala",8efa0e6c-79d9-4799-ad83-eb509bd69356
mock_8efa0e6c_G11B_035,MOCK-8EFA-G11B-035,"Charles Njoroge Korir","Grade 11 B",Male,"Utawala",8efa0e6c-79d9-4799-ad83-eb509bd69356
mock_8efa0e6c_G11B_036,MOCK-8EFA-G11B-036,"Valentine Mutiso Kibet","Grade 11 B",Female,"Utawala",8efa0e6c-79d9-4799-ad83-eb509bd69356
mock_8efa0e6c_G11B_037,MOCK-8EFA-G11B-037,"Peter Nyambura Nyokabi","Grade 11 B",Male,"Utawala",8efa0e6c-79d9-4799-ad83-eb509bd69356
mock_8efa0e6c_G11B_038,MOCK-8EFA-G11B-038,"Anthony Njoroge Nyokabi","Grade 11 B",Male,"Utawala",8efa0e6c-79d9-4799-ad83-eb509bd69356
mock_8efa0e6c_G11B_039,MOCK-8EFA-G11B-039,"Nicholas Kamau Kipchoge","Grade 11 B",Male,"Utawala",8efa0e6c-79d9-4799-ad83-eb509bd69356
mock_8efa0e6c_G11B_040,MOCK-8EFA-G11B-040,"Lucy Njoroge Maina","Grade 11 B",Female,"Utawala",8efa0e6c-79d9-4799-ad83-eb509bd69356
mock_8efa0e6c_G11B_041,MOCK-8EFA-G11B-041,"Dennis Mbugua Barasa","Grade 11 B",Male,"Utawala",8efa0e6c-79d9-4799-ad83-eb509bd69356
mock_8efa0e6c_G11B_042,MOCK-8EFA-G11B-042,"Eric Omondi Ochieng","Grade 11 B",Male,"Utawala",8efa0e6c-79d9-4799-ad83-eb509bd69356
mock_8efa0e6c_G11B_043,MOCK-8EFA-G11B-043,"Elvis Juma Barasa","Grade 11 B",Male,"Utawala",8efa0e6c-79d9-4799-ad83-eb509bd69356
mock_8efa0e6c_G11B_044,MOCK-8EFA-G11B-044,"Victor Wanjiru Atieno","Grade 11 B",Male,"Utawala",8efa0e6c-79d9-4799-ad83-eb509bd69356
mock_8efa0e6c_G11B_045,MOCK-8EFA-G11B-045,"Brayan Wambui Njeri","Grade 11 B",Male,"Utawala",8efa0e6c-79d9-4799-ad83-eb509bd69356
mock_8efa0e6c_G11B_046,MOCK-8EFA-G11B-046,"Janet Achieng Barasa","Grade 11 B",Female,"Utawala",8efa0e6c-79d9-4799-ad83-eb509bd69356
mock_8efa0e6c_G11B_047,MOCK-8EFA-G11B-047,"Victor Rotich Nyambura","Grade 11 B",Male,"Utawala",8efa0e6c-79d9-4799-ad83-eb509bd69356
mock_8efa0e6c_G11B_048,MOCK-8EFA-G11B-048,"Elvis Atieno Mutua","Grade 11 B",Male,"Utawala",8efa0e6c-79d9-4799-ad83-eb509bd69356
mock_8efa0e6c_G11B_049,MOCK-8EFA-G11B-049,"Fredrick Simiyu Mutiso","Grade 11 B",Male,"Utawala",8efa0e6c-79d9-4799-ad83-eb509bd69356
mock_8efa0e6c_G11B_050,MOCK-8EFA-G11B-050,"Beatrice Karanja Ochieng","Grade 11 B",Female,"Utawala",8efa0e6c-79d9-4799-ad83-eb509bd69356
mock_8efa0e6c_G11B_051,MOCK-8EFA-G11B-051,"Maureen Mbugua Njeri","Grade 11 B",Female,"Utawala",8efa0e6c-79d9-4799-ad83-eb509bd69356
mock_8efa0e6c_G11B_052,MOCK-8EFA-G11B-052,"Faith Akinyi Mbugua","Grade 11 B",Female,"Utawala",8efa0e6c-79d9-4799-ad83-eb509bd69356
mock_8efa0e6c_G11B_053,MOCK-8EFA-G11B-053,"Mary Ochieng Otieno","Grade 11 B",Female,"Utawala",8efa0e6c-79d9-4799-ad83-eb509bd69356
mock_8efa0e6c_G11B_054,MOCK-8EFA-G11B-054,"Faith Simiyu Mwangi","Grade 11 B",Female,"Utawala",8efa0e6c-79d9-4799-ad83-eb509bd69356
mock_8efa0e6c_G11B_055,MOCK-8EFA-G11B-055,"Grace Wafula Cheruiyot","Grade 11 B",Female,"Utawala",8efa0e6c-79d9-4799-ad83-eb509bd69356
mock_8efa0e6c_G11B_056,MOCK-8EFA-G11B-056,"Faith Chebet Kariuki","Grade 11 B",Female,"Utawala",8efa0e6c-79d9-4799-ad83-eb509bd69356
mock_8efa0e6c_G11B_057,MOCK-8EFA-G11B-057,"Faith Kipchoge Nyokabi","Grade 11 B",Female,"Utawala",8efa0e6c-79d9-4799-ad83-eb509bd69356
mock_8efa0e6c_G11B_058,MOCK-8EFA-G11B-058,"Eric Rotich Wanjiru","Grade 11 B",Male,"Utawala",8efa0e6c-79d9-4799-ad83-eb509bd69356
mock_8efa0e6c_G11B_059,MOCK-8EFA-G11B-059,"Kelvin Korir Njeri","Grade 11 B",Male,"Utawala",8efa0e6c-79d9-4799-ad83-eb509bd69356
mock_8efa0e6c_G11B_060,MOCK-8EFA-G11B-060,"Stephen Kibet Wairimu","Grade 11 B",Male,"Utawala",8efa0e6c-79d9-4799-ad83-eb509bd69356
mock_8efa0e6c_G12A_001,MOCK-8EFA-G12A-001,"Diana Rotich Nyambura","Grade 12 A",Female,"Utawala",8efa0e6c-79d9-4799-ad83-eb509bd69356
mock_8efa0e6c_G12A_002,MOCK-8EFA-G12A-002,"Joseph Kamau Gitau","Grade 12 A",Male,"Utawala",8efa0e6c-79d9-4799-ad83-eb509bd69356
mock_8efa0e6c_G12A_003,MOCK-8EFA-G12A-003,"Nancy Achieng Wambui","Grade 12 A",Female,"Utawala",8efa0e6c-79d9-4799-ad83-eb509bd69356
mock_8efa0e6c_G12A_004,MOCK-8EFA-G12A-004,"Michael Nyokabi Achieng","Grade 12 A",Male,"Utawala",8efa0e6c-79d9-4799-ad83-eb509bd69356
mock_8efa0e6c_G12A_005,MOCK-8EFA-G12A-005,"Winnie Wanjiru Wanjiru","Grade 12 A",Female,"Utawala",8efa0e6c-79d9-4799-ad83-eb509bd69356
mock_8efa0e6c_G12A_006,MOCK-8EFA-G12A-006,"Valentine Kamau Njeri","Grade 12 A",Female,"Utawala",8efa0e6c-79d9-4799-ad83-eb509bd69356
mock_8efa0e6c_G12A_007,MOCK-8EFA-G12A-007,"Anthony Otieno Barasa","Grade 12 A",Male,"Utawala",8efa0e6c-79d9-4799-ad83-eb509bd69356
mock_8efa0e6c_G12A_008,MOCK-8EFA-G12A-008,"Charles Cheruiyot Wanjiru","Grade 12 A",Male,"Utawala",8efa0e6c-79d9-4799-ad83-eb509bd69356
mock_8efa0e6c_G12A_009,MOCK-8EFA-G12A-009,"Fredrick Maina Kipchoge","Grade 12 A",Male,"Utawala",8efa0e6c-79d9-4799-ad83-eb509bd69356
mock_8efa0e6c_G12A_010,MOCK-8EFA-G12A-010,"Vincent Mwangi Simiyu","Grade 12 A",Male,"Utawala",8efa0e6c-79d9-4799-ad83-eb509bd69356
mock_8efa0e6c_G12A_011,MOCK-8EFA-G12A-011,"Brenda Auma Nyokabi","Grade 12 A",Female,"Utawala",8efa0e6c-79d9-4799-ad83-eb509bd69356
mock_8efa0e6c_G12A_012,MOCK-8EFA-G12A-012,"Lucy Kipchoge Nyambura","Grade 12 A",Female,"Utawala",8efa0e6c-79d9-4799-ad83-eb509bd69356
mock_8efa0e6c_G12A_013,MOCK-8EFA-G12A-013,"Faith Wanjiru Juma","Grade 12 A",Female,"Utawala",8efa0e6c-79d9-4799-ad83-eb509bd69356
mock_8efa0e6c_G12A_014,MOCK-8EFA-G12A-014,"Mary Simiyu Wanjiru","Grade 12 A",Female,"Utawala",8efa0e6c-79d9-4799-ad83-eb509bd69356
mock_8efa0e6c_G12A_015,MOCK-8EFA-G12A-015,"Ann Otieno Nyokabi","Grade 12 A",Female,"Utawala",8efa0e6c-79d9-4799-ad83-eb509bd69356
mock_8efa0e6c_G12A_016,MOCK-8EFA-G12A-016,"Janet Rotich Wafula","Grade 12 A",Female,"Utawala",8efa0e6c-79d9-4799-ad83-eb509bd69356
mock_8efa0e6c_G12A_017,MOCK-8EFA-G12A-017,"Allan Wafula Cheruiyot","Grade 12 A",Male,"Utawala",8efa0e6c-79d9-4799-ad83-eb509bd69356
mock_8efa0e6c_G12A_018,MOCK-8EFA-G12A-018,"Eric Otieno Omondi","Grade 12 A",Male,"Utawala",8efa0e6c-79d9-4799-ad83-eb509bd69356
mock_8efa0e6c_G12A_019,MOCK-8EFA-G12A-019,"Cynthia Wafula Wafula","Grade 12 A",Female,"Utawala",8efa0e6c-79d9-4799-ad83-eb509bd69356
mock_8efa0e6c_G12A_020,MOCK-8EFA-G12A-020,"Martin Juma Nyokabi","Grade 12 A",Male,"Utawala",8efa0e6c-79d9-4799-ad83-eb509bd69356
mock_8efa0e6c_G12A_021,MOCK-8EFA-G12A-021,"Diana Barasa Wambui","Grade 12 A",Female,"Utawala",8efa0e6c-79d9-4799-ad83-eb509bd69356
mock_8efa0e6c_G12A_022,MOCK-8EFA-G12A-022,"Beatrice Atieno Rotich","Grade 12 A",Female,"Utawala",8efa0e6c-79d9-4799-ad83-eb509bd69356
mock_8efa0e6c_G12A_023,MOCK-8EFA-G12A-023,"Brian Wafula Nyokabi","Grade 12 A",Male,"Utawala",8efa0e6c-79d9-4799-ad83-eb509bd69356
mock_8efa0e6c_G12A_024,MOCK-8EFA-G12A-024,"Purity Were Omondi","Grade 12 A",Female,"Utawala",8efa0e6c-79d9-4799-ad83-eb509bd69356
mock_8efa0e6c_G12A_025,MOCK-8EFA-G12A-025,"Martin Auma Chebet","Grade 12 A",Male,"Utawala",8efa0e6c-79d9-4799-ad83-eb509bd69356
mock_8efa0e6c_G12A_026,MOCK-8EFA-G12A-026,"Winnie Nyokabi Kibet","Grade 12 A",Female,"Utawala",8efa0e6c-79d9-4799-ad83-eb509bd69356
mock_8efa0e6c_G12A_027,MOCK-8EFA-G12A-027,"Victor Achieng Chepkemoi","Grade 12 A",Male,"Utawala",8efa0e6c-79d9-4799-ad83-eb509bd69356
mock_8efa0e6c_G12A_028,MOCK-8EFA-G12A-028,"Patrick Achieng Nyambura","Grade 12 A",Male,"Utawala",8efa0e6c-79d9-4799-ad83-eb509bd69356
mock_8efa0e6c_G12A_029,MOCK-8EFA-G12A-029,"Brenda Auma Nyokabi","Grade 12 A",Female,"Utawala",8efa0e6c-79d9-4799-ad83-eb509bd69356
mock_8efa0e6c_G12A_030,MOCK-8EFA-G12A-030,"Beatrice Owino Barasa","Grade 12 A",Female,"Utawala",8efa0e6c-79d9-4799-ad83-eb509bd69356
mock_8efa0e6c_G12A_031,MOCK-8EFA-G12A-031,"George Omondi Wairimu","Grade 12 A",Male,"Utawala",8efa0e6c-79d9-4799-ad83-eb509bd69356
mock_8efa0e6c_G12A_032,MOCK-8EFA-G12A-032,"Charles Maina Akinyi","Grade 12 A",Male,"Utawala",8efa0e6c-79d9-4799-ad83-eb509bd69356
mock_8efa0e6c_G12A_033,MOCK-8EFA-G12A-033,"Anthony Owino Kamau","Grade 12 A",Male,"Utawala",8efa0e6c-79d9-4799-ad83-eb509bd69356
mock_8efa0e6c_G12A_034,MOCK-8EFA-G12A-034,"Brayan Wanjiru Gitau","Grade 12 A",Male,"Utawala",8efa0e6c-79d9-4799-ad83-eb509bd69356
mock_8efa0e6c_G12A_035,MOCK-8EFA-G12A-035,"Charles Odhiambo Mutiso","Grade 12 A",Male,"Utawala",8efa0e6c-79d9-4799-ad83-eb509bd69356
mock_8efa0e6c_G12A_036,MOCK-8EFA-G12A-036,"Kevin Atieno Kipchoge","Grade 12 A",Male,"Utawala",8efa0e6c-79d9-4799-ad83-eb509bd69356
mock_8efa0e6c_G12A_037,MOCK-8EFA-G12A-037,"Lucy Kibet Owino","Grade 12 A",Female,"Utawala",8efa0e6c-79d9-4799-ad83-eb509bd69356
mock_8efa0e6c_G12A_038,MOCK-8EFA-G12A-038,"Diana Adhiambo Onyango","Grade 12 A",Female,"Utawala",8efa0e6c-79d9-4799-ad83-eb509bd69356
mock_8efa0e6c_G12A_039,MOCK-8EFA-G12A-039,"Cornelius Juma Owino","Grade 12 A",Male,"Utawala",8efa0e6c-79d9-4799-ad83-eb509bd69356
mock_8efa0e6c_G12A_040,MOCK-8EFA-G12A-040,"Ian Atieno Nyokabi","Grade 12 A",Male,"Utawala",8efa0e6c-79d9-4799-ad83-eb509bd69356
mock_8efa0e6c_G12A_041,MOCK-8EFA-G12A-041,"Peter Adhiambo Kamau","Grade 12 A",Male,"Utawala",8efa0e6c-79d9-4799-ad83-eb509bd69356
mock_8efa0e6c_G12A_042,MOCK-8EFA-G12A-042,"Kevin Odhiambo Adhiambo","Grade 12 A",Male,"Utawala",8efa0e6c-79d9-4799-ad83-eb509bd69356
mock_8efa0e6c_G12A_043,MOCK-8EFA-G12A-043,"Anthony Chebet Juma","Grade 12 A",Male,"Utawala",8efa0e6c-79d9-4799-ad83-eb509bd69356
mock_8efa0e6c_G12A_044,MOCK-8EFA-G12A-044,"Brian Adhiambo Karanja","Grade 12 A",Male,"Utawala",8efa0e6c-79d9-4799-ad83-eb509bd69356
mock_8efa0e6c_G12A_045,MOCK-8EFA-G12A-045,"Joseph Mutua Ochieng","Grade 12 A",Male,"Utawala",8efa0e6c-79d9-4799-ad83-eb509bd69356
mock_8efa0e6c_G12A_046,MOCK-8EFA-G12A-046,"Nancy Kamau Wanjiru","Grade 12 A",Female,"Utawala",8efa0e6c-79d9-4799-ad83-eb509bd69356
mock_8efa0e6c_G12A_047,MOCK-8EFA-G12A-047,"Linet Karanja Rotich","Grade 12 A",Female,"Utawala",8efa0e6c-79d9-4799-ad83-eb509bd69356
mock_8efa0e6c_G12A_048,MOCK-8EFA-G12A-048,"Cynthia Mutiso Onyango","Grade 12 A",Female,"Utawala",8efa0e6c-79d9-4799-ad83-eb509bd69356
mock_8efa0e6c_G12A_049,MOCK-8EFA-G12A-049,"Joseph Kariuki Mwangi","Grade 12 A",Male,"Utawala",8efa0e6c-79d9-4799-ad83-eb509bd69356
mock_8efa0e6c_G12A_050,MOCK-8EFA-G12A-050,"Rose Njeri Rotich","Grade 12 A",Female,"Utawala",8efa0e6c-79d9-4799-ad83-eb509bd69356
mock_8efa0e6c_G12A_051,MOCK-8EFA-G12A-051,"Charles Were Maina","Grade 12 A",Male,"Utawala",8efa0e6c-79d9-4799-ad83-eb509bd69356
mock_8efa0e6c_G12A_052,MOCK-8EFA-G12A-052,"Emmanuel Wairimu Kibet","Grade 12 A",Male,"Utawala",8efa0e6c-79d9-4799-ad83-eb509bd69356
mock_8efa0e6c_G12A_053,MOCK-8EFA-G12A-053,"Esther Wafula Maina","Grade 12 A",Female,"Utawala",8efa0e6c-79d9-4799-ad83-eb509bd69356
mock_8efa0e6c_G12A_054,MOCK-8EFA-G12A-054,"Elvis Adhiambo Omondi","Grade 12 A",Male,"Utawala",8efa0e6c-79d9-4799-ad83-eb509bd69356
mock_8efa0e6c_G12A_055,MOCK-8EFA-G12A-055,"Caroline Were Simiyu","Grade 12 A",Female,"Utawala",8efa0e6c-79d9-4799-ad83-eb509bd69356
mock_8efa0e6c_G12A_056,MOCK-8EFA-G12A-056,"Beatrice Adhiambo Kipchoge","Grade 12 A",Female,"Utawala",8efa0e6c-79d9-4799-ad83-eb509bd69356
mock_8efa0e6c_G12A_057,MOCK-8EFA-G12A-057,"Brayan Wafula Achieng","Grade 12 A",Male,"Utawala",8efa0e6c-79d9-4799-ad83-eb509bd69356
mock_8efa0e6c_G12A_058,MOCK-8EFA-G12A-058,"Linet Cheruiyot Chebet","Grade 12 A",Female,"Utawala",8efa0e6c-79d9-4799-ad83-eb509bd69356
mock_8efa0e6c_G12A_059,MOCK-8EFA-G12A-059,"Beatrice Kiplagat Nyokabi","Grade 12 A",Female,"Utawala",8efa0e6c-79d9-4799-ad83-eb509bd69356
mock_8efa0e6c_G12A_060,MOCK-8EFA-G12A-060,"George Korir Njeri","Grade 12 A",Male,"Utawala",8efa0e6c-79d9-4799-ad83-eb509bd69356
mock_8efa0e6c_G12B_001,MOCK-8EFA-G12B-001,"Brenda Otieno Mutua","Grade 12 B",Female,"Utawala",8efa0e6c-79d9-4799-ad83-eb509bd69356
mock_8efa0e6c_G12B_002,MOCK-8EFA-G12B-002,"Cynthia Auma Kibet","Grade 12 B",Female,"Utawala",8efa0e6c-79d9-4799-ad83-eb509bd69356
mock_8efa0e6c_G12B_003,MOCK-8EFA-G12B-003,"Brayan Njeri Nyokabi","Grade 12 B",Male,"Utawala",8efa0e6c-79d9-4799-ad83-eb509bd69356
mock_8efa0e6c_G12B_004,MOCK-8EFA-G12B-004,"Charles Onyango Mutua","Grade 12 B",Male,"Utawala",8efa0e6c-79d9-4799-ad83-eb509bd69356
mock_8efa0e6c_G12B_005,MOCK-8EFA-G12B-005,"Daniel Njoroge Mbugua","Grade 12 B",Male,"Utawala",8efa0e6c-79d9-4799-ad83-eb509bd69356
mock_8efa0e6c_G12B_006,MOCK-8EFA-G12B-006,"Stella Kariuki Kiplagat","Grade 12 B",Female,"Utawala",8efa0e6c-79d9-4799-ad83-eb509bd69356
mock_8efa0e6c_G12B_007,MOCK-8EFA-G12B-007,"George Gitau Akinyi","Grade 12 B",Male,"Utawala",8efa0e6c-79d9-4799-ad83-eb509bd69356
mock_8efa0e6c_G12B_008,MOCK-8EFA-G12B-008,"Ann Njeri Wafula","Grade 12 B",Female,"Utawala",8efa0e6c-79d9-4799-ad83-eb509bd69356
mock_8efa0e6c_G12B_009,MOCK-8EFA-G12B-009,"Brenda Maina Juma","Grade 12 B",Female,"Utawala",8efa0e6c-79d9-4799-ad83-eb509bd69356
mock_8efa0e6c_G12B_010,MOCK-8EFA-G12B-010,"Dennis Adhiambo Achieng","Grade 12 B",Male,"Utawala",8efa0e6c-79d9-4799-ad83-eb509bd69356
mock_8efa0e6c_G12B_011,MOCK-8EFA-G12B-011,"Collins Wambui Mutua","Grade 12 B",Male,"Utawala",8efa0e6c-79d9-4799-ad83-eb509bd69356
mock_8efa0e6c_G12B_012,MOCK-8EFA-G12B-012,"Brayan Nyambura Cheruiyot","Grade 12 B",Male,"Utawala",8efa0e6c-79d9-4799-ad83-eb509bd69356
mock_8efa0e6c_G12B_013,MOCK-8EFA-G12B-013,"Elvis Achieng Wambui","Grade 12 B",Male,"Utawala",8efa0e6c-79d9-4799-ad83-eb509bd69356
mock_8efa0e6c_G12B_014,MOCK-8EFA-G12B-014,"Kelvin Otieno Adhiambo","Grade 12 B",Male,"Utawala",8efa0e6c-79d9-4799-ad83-eb509bd69356
mock_8efa0e6c_G12B_015,MOCK-8EFA-G12B-015,"Winnie Maina Wambui","Grade 12 B",Female,"Utawala",8efa0e6c-79d9-4799-ad83-eb509bd69356
mock_8efa0e6c_G12B_016,MOCK-8EFA-G12B-016,"Brayan Korir Wafula","Grade 12 B",Male,"Utawala",8efa0e6c-79d9-4799-ad83-eb509bd69356
mock_8efa0e6c_G12B_017,MOCK-8EFA-G12B-017,"Cornelius Odhiambo Mutua","Grade 12 B",Male,"Utawala",8efa0e6c-79d9-4799-ad83-eb509bd69356
mock_8efa0e6c_G12B_018,MOCK-8EFA-G12B-018,"Collins Korir Barasa","Grade 12 B",Male,"Utawala",8efa0e6c-79d9-4799-ad83-eb509bd69356
mock_8efa0e6c_G12B_019,MOCK-8EFA-G12B-019,"Anthony Odhiambo Chepkemoi","Grade 12 B",Male,"Utawala",8efa0e6c-79d9-4799-ad83-eb509bd69356
mock_8efa0e6c_G12B_020,MOCK-8EFA-G12B-020,"Samuel Njeri Nyambura","Grade 12 B",Male,"Utawala",8efa0e6c-79d9-4799-ad83-eb509bd69356
mock_8efa0e6c_G12B_021,MOCK-8EFA-G12B-021,"Mitchelle Achieng Gitau","Grade 12 B",Female,"Utawala",8efa0e6c-79d9-4799-ad83-eb509bd69356
mock_8efa0e6c_G12B_022,MOCK-8EFA-G12B-022,"Martin Rotich Chebet","Grade 12 B",Male,"Utawala",8efa0e6c-79d9-4799-ad83-eb509bd69356
mock_8efa0e6c_G12B_023,MOCK-8EFA-G12B-023,"Michael Achieng Otieno","Grade 12 B",Male,"Utawala",8efa0e6c-79d9-4799-ad83-eb509bd69356
mock_8efa0e6c_G12B_024,MOCK-8EFA-G12B-024,"Martin Auma Kiplagat","Grade 12 B",Male,"Utawala",8efa0e6c-79d9-4799-ad83-eb509bd69356
mock_8efa0e6c_G12B_025,MOCK-8EFA-G12B-025,"Janet Gitau Kibet","Grade 12 B",Female,"Utawala",8efa0e6c-79d9-4799-ad83-eb509bd69356
mock_8efa0e6c_G12B_026,MOCK-8EFA-G12B-026,"Cynthia Kibet Kariuki","Grade 12 B",Female,"Utawala",8efa0e6c-79d9-4799-ad83-eb509bd69356
mock_8efa0e6c_G12B_027,MOCK-8EFA-G12B-027,"Fredrick Mutiso Cheruiyot","Grade 12 B",Male,"Utawala",8efa0e6c-79d9-4799-ad83-eb509bd69356
mock_8efa0e6c_G12B_028,MOCK-8EFA-G12B-028,"Eunice Njeri Karanja","Grade 12 B",Female,"Utawala",8efa0e6c-79d9-4799-ad83-eb509bd69356
mock_8efa0e6c_G12B_029,MOCK-8EFA-G12B-029,"Elvis Chebet Odhiambo","Grade 12 B",Male,"Utawala",8efa0e6c-79d9-4799-ad83-eb509bd69356
mock_8efa0e6c_G12B_030,MOCK-8EFA-G12B-030,"Fredrick Chepkemoi Njoroge","Grade 12 B",Male,"Utawala",8efa0e6c-79d9-4799-ad83-eb509bd69356
mock_8efa0e6c_G12B_031,MOCK-8EFA-G12B-031,"Doreen Rotich Wambui","Grade 12 B",Female,"Utawala",8efa0e6c-79d9-4799-ad83-eb509bd69356
mock_8efa0e6c_G12B_032,MOCK-8EFA-G12B-032,"Dennis Owino Auma","Grade 12 B",Male,"Utawala",8efa0e6c-79d9-4799-ad83-eb509bd69356
mock_8efa0e6c_G12B_033,MOCK-8EFA-G12B-033,"Stephen Kamau Njoroge","Grade 12 B",Male,"Utawala",8efa0e6c-79d9-4799-ad83-eb509bd69356
mock_8efa0e6c_G12B_034,MOCK-8EFA-G12B-034,"Michael Wafula Onyango","Grade 12 B",Male,"Utawala",8efa0e6c-79d9-4799-ad83-eb509bd69356
mock_8efa0e6c_G12B_035,MOCK-8EFA-G12B-035,"Maureen Juma Otieno","Grade 12 B",Female,"Utawala",8efa0e6c-79d9-4799-ad83-eb509bd69356
mock_8efa0e6c_G12B_036,MOCK-8EFA-G12B-036,"Collins Kamau Omondi","Grade 12 B",Male,"Utawala",8efa0e6c-79d9-4799-ad83-eb509bd69356
mock_8efa0e6c_G12B_037,MOCK-8EFA-G12B-037,"George Auma Nyambura","Grade 12 B",Male,"Utawala",8efa0e6c-79d9-4799-ad83-eb509bd69356
mock_8efa0e6c_G12B_038,MOCK-8EFA-G12B-038,"Samuel Wairimu Barasa","Grade 12 B",Male,"Utawala",8efa0e6c-79d9-4799-ad83-eb509bd69356
mock_8efa0e6c_G12B_039,MOCK-8EFA-G12B-039,"Stella Wairimu Simiyu","Grade 12 B",Female,"Utawala",8efa0e6c-79d9-4799-ad83-eb509bd69356
mock_8efa0e6c_G12B_040,MOCK-8EFA-G12B-040,"Ian Wafula Auma","Grade 12 B",Male,"Utawala",8efa0e6c-79d9-4799-ad83-eb509bd69356
mock_8efa0e6c_G12B_041,MOCK-8EFA-G12B-041,"Patrick Owino Ochieng","Grade 12 B",Male,"Utawala",8efa0e6c-79d9-4799-ad83-eb509bd69356
mock_8efa0e6c_G12B_042,MOCK-8EFA-G12B-042,"Lucy Mutiso Mwangi","Grade 12 B",Female,"Utawala",8efa0e6c-79d9-4799-ad83-eb509bd69356
mock_8efa0e6c_G12B_043,MOCK-8EFA-G12B-043,"Mary Were Chebet","Grade 12 B",Female,"Utawala",8efa0e6c-79d9-4799-ad83-eb509bd69356
mock_8efa0e6c_G12B_044,MOCK-8EFA-G12B-044,"Kelvin Achieng Kibet","Grade 12 B",Male,"Utawala",8efa0e6c-79d9-4799-ad83-eb509bd69356
mock_8efa0e6c_G12B_045,MOCK-8EFA-G12B-045,"Mercy Chebet Barasa","Grade 12 B",Female,"Utawala",8efa0e6c-79d9-4799-ad83-eb509bd69356
mock_8efa0e6c_G12B_046,MOCK-8EFA-G12B-046,"Patrick Nyambura Wambui","Grade 12 B",Male,"Utawala",8efa0e6c-79d9-4799-ad83-eb509bd69356
mock_8efa0e6c_G12B_047,MOCK-8EFA-G12B-047,"Pauline Mutua Nyambura","Grade 12 B",Female,"Utawala",8efa0e6c-79d9-4799-ad83-eb509bd69356
mock_8efa0e6c_G12B_048,MOCK-8EFA-G12B-048,"Brenda Mwangi Barasa","Grade 12 B",Female,"Utawala",8efa0e6c-79d9-4799-ad83-eb509bd69356
mock_8efa0e6c_G12B_049,MOCK-8EFA-G12B-049,"Patrick Nyambura Maina","Grade 12 B",Male,"Utawala",8efa0e6c-79d9-4799-ad83-eb509bd69356
mock_8efa0e6c_G12B_050,MOCK-8EFA-G12B-050,"Caroline Atieno Mutiso","Grade 12 B",Female,"Utawala",8efa0e6c-79d9-4799-ad83-eb509bd69356
mock_8efa0e6c_G12B_051,MOCK-8EFA-G12B-051,"Stephen Njeri Adhiambo","Grade 12 B",Male,"Utawala",8efa0e6c-79d9-4799-ad83-eb509bd69356
mock_8efa0e6c_G12B_052,MOCK-8EFA-G12B-052,"Pauline Barasa Achieng","Grade 12 B",Female,"Utawala",8efa0e6c-79d9-4799-ad83-eb509bd69356
mock_8efa0e6c_G12B_053,MOCK-8EFA-G12B-053,"Lucy Nyambura Kibet","Grade 12 B",Female,"Utawala",8efa0e6c-79d9-4799-ad83-eb509bd69356
mock_8efa0e6c_G12B_054,MOCK-8EFA-G12B-054,"Lydia Wairimu Mutiso","Grade 12 B",Female,"Utawala",8efa0e6c-79d9-4799-ad83-eb509bd69356
mock_8efa0e6c_G12B_055,MOCK-8EFA-G12B-055,"Michael Adhiambo Maina","Grade 12 B",Male,"Utawala",8efa0e6c-79d9-4799-ad83-eb509bd69356
mock_8efa0e6c_G12B_056,MOCK-8EFA-G12B-056,"Mercy Omondi Nyokabi","Grade 12 B",Female,"Utawala",8efa0e6c-79d9-4799-ad83-eb509bd69356
mock_8efa0e6c_G12B_057,MOCK-8EFA-G12B-057,"Christine Omondi Kibet","Grade 12 B",Female,"Utawala",8efa0e6c-79d9-4799-ad83-eb509bd69356
mock_8efa0e6c_G12B_058,MOCK-8EFA-G12B-058,"Eric Rotich Njeri","Grade 12 B",Male,"Utawala",8efa0e6c-79d9-4799-ad83-eb509bd69356
mock_8efa0e6c_G12B_059,MOCK-8EFA-G12B-059,"Stephen Kibet Nyokabi","Grade 12 B",Male,"Utawala",8efa0e6c-79d9-4799-ad83-eb509bd69356
mock_8efa0e6c_G12B_060,MOCK-8EFA-G12B-060,"Patrick Nyambura Achieng","Grade 12 B",Male,"Utawala",8efa0e6c-79d9-4799-ad83-eb509bd69356
mock_8bda9787_G7A_001,MOCK-8BDA-G7A-001,"Mitchelle Njeri Adhiambo","Grade 7 A",Female,"UTAWALA HIGH SCHOOL",8bda9787-7173-4603-8003-cc9311c65abe
mock_8bda9787_G7A_002,MOCK-8BDA-G7A-002,"Grace Atieno Kiplagat","Grade 7 A",Female,"UTAWALA HIGH SCHOOL",8bda9787-7173-4603-8003-cc9311c65abe
mock_8bda9787_G7A_003,MOCK-8BDA-G7A-003,"Martin Cheruiyot Owino","Grade 7 A",Male,"UTAWALA HIGH SCHOOL",8bda9787-7173-4603-8003-cc9311c65abe
mock_8bda9787_G7A_004,MOCK-8BDA-G7A-004,"Christine Wanjiru Kipchoge","Grade 7 A",Female,"UTAWALA HIGH SCHOOL",8bda9787-7173-4603-8003-cc9311c65abe
mock_8bda9787_G7A_005,MOCK-8BDA-G7A-005,"Duncan Cheruiyot Wafula","Grade 7 A",Male,"UTAWALA HIGH SCHOOL",8bda9787-7173-4603-8003-cc9311c65abe
mock_8bda9787_G7A_006,MOCK-8BDA-G7A-006,"Charles Wambui Juma","Grade 7 A",Male,"UTAWALA HIGH SCHOOL",8bda9787-7173-4603-8003-cc9311c65abe
mock_8bda9787_G7A_007,MOCK-8BDA-G7A-007,"Diana Kariuki Nyokabi","Grade 7 A",Female,"UTAWALA HIGH SCHOOL",8bda9787-7173-4603-8003-cc9311c65abe
mock_8bda9787_G7A_008,MOCK-8BDA-G7A-008,"Nancy Karanja Kariuki","Grade 7 A",Female,"UTAWALA HIGH SCHOOL",8bda9787-7173-4603-8003-cc9311c65abe
mock_8bda9787_G7A_009,MOCK-8BDA-G7A-009,"Doreen Simiyu Atieno","Grade 7 A",Female,"UTAWALA HIGH SCHOOL",8bda9787-7173-4603-8003-cc9311c65abe
mock_8bda9787_G7A_010,MOCK-8BDA-G7A-010,"Collins Mwangi Auma","Grade 7 A",Male,"UTAWALA HIGH SCHOOL",8bda9787-7173-4603-8003-cc9311c65abe
mock_8bda9787_G7A_011,MOCK-8BDA-G7A-011,"Joseph Kibet Odhiambo","Grade 7 A",Male,"UTAWALA HIGH SCHOOL",8bda9787-7173-4603-8003-cc9311c65abe
mock_8bda9787_G7A_012,MOCK-8BDA-G7A-012,"Kelvin Rotich Owino","Grade 7 A",Male,"UTAWALA HIGH SCHOOL",8bda9787-7173-4603-8003-cc9311c65abe
mock_8bda9787_G7A_013,MOCK-8BDA-G7A-013,"Brian Korir Ochieng","Grade 7 A",Male,"UTAWALA HIGH SCHOOL",8bda9787-7173-4603-8003-cc9311c65abe
mock_8bda9787_G7A_014,MOCK-8BDA-G7A-014,"Ian Akinyi Auma","Grade 7 A",Male,"UTAWALA HIGH SCHOOL",8bda9787-7173-4603-8003-cc9311c65abe
mock_8bda9787_G7A_015,MOCK-8BDA-G7A-015,"Vincent Were Kariuki","Grade 7 A",Male,"UTAWALA HIGH SCHOOL",8bda9787-7173-4603-8003-cc9311c65abe
mock_8bda9787_G7A_016,MOCK-8BDA-G7A-016,"Elvis Atieno Akinyi","Grade 7 A",Male,"UTAWALA HIGH SCHOOL",8bda9787-7173-4603-8003-cc9311c65abe
mock_8bda9787_G7A_017,MOCK-8BDA-G7A-017,"Joy Adhiambo Kamau","Grade 7 A",Female,"UTAWALA HIGH SCHOOL",8bda9787-7173-4603-8003-cc9311c65abe
mock_8bda9787_G7A_018,MOCK-8BDA-G7A-018,"Joy Mutua Kipchoge","Grade 7 A",Female,"UTAWALA HIGH SCHOOL",8bda9787-7173-4603-8003-cc9311c65abe
mock_8bda9787_G7A_019,MOCK-8BDA-G7A-019,"Valentine Rotich Owino","Grade 7 A",Female,"UTAWALA HIGH SCHOOL",8bda9787-7173-4603-8003-cc9311c65abe
mock_8bda9787_G7A_020,MOCK-8BDA-G7A-020,"Beatrice Nyambura Wairimu","Grade 7 A",Female,"UTAWALA HIGH SCHOOL",8bda9787-7173-4603-8003-cc9311c65abe
mock_8bda9787_G7A_021,MOCK-8BDA-G7A-021,"Christine Karanja Wafula","Grade 7 A",Female,"UTAWALA HIGH SCHOOL",8bda9787-7173-4603-8003-cc9311c65abe
mock_8bda9787_G7A_022,MOCK-8BDA-G7A-022,"Allan Njoroge Gitau","Grade 7 A",Male,"UTAWALA HIGH SCHOOL",8bda9787-7173-4603-8003-cc9311c65abe
mock_8bda9787_G7A_023,MOCK-8BDA-G7A-023,"Janet Auma Chepkemoi","Grade 7 A",Female,"UTAWALA HIGH SCHOOL",8bda9787-7173-4603-8003-cc9311c65abe
mock_8bda9787_G7A_024,MOCK-8BDA-G7A-024,"Purity Barasa Wafula","Grade 7 A",Female,"UTAWALA HIGH SCHOOL",8bda9787-7173-4603-8003-cc9311c65abe
mock_8bda9787_G7A_025,MOCK-8BDA-G7A-025,"Cornelius Achieng Chepkemoi","Grade 7 A",Male,"UTAWALA HIGH SCHOOL",8bda9787-7173-4603-8003-cc9311c65abe
mock_8bda9787_G7A_026,MOCK-8BDA-G7A-026,"Allan Simiyu Achieng","Grade 7 A",Male,"UTAWALA HIGH SCHOOL",8bda9787-7173-4603-8003-cc9311c65abe
mock_8bda9787_G7A_027,MOCK-8BDA-G7A-027,"Anthony Mutua Mutiso","Grade 7 A",Male,"UTAWALA HIGH SCHOOL",8bda9787-7173-4603-8003-cc9311c65abe
mock_8bda9787_G7A_028,MOCK-8BDA-G7A-028,"Caroline Chepkemoi Onyango","Grade 7 A",Female,"UTAWALA HIGH SCHOOL",8bda9787-7173-4603-8003-cc9311c65abe
mock_8bda9787_G7A_029,MOCK-8BDA-G7A-029,"Linet Were Barasa","Grade 7 A",Female,"UTAWALA HIGH SCHOOL",8bda9787-7173-4603-8003-cc9311c65abe
mock_8bda9787_G7A_030,MOCK-8BDA-G7A-030,"Anthony Akinyi Barasa","Grade 7 A",Male,"UTAWALA HIGH SCHOOL",8bda9787-7173-4603-8003-cc9311c65abe
mock_8bda9787_G7A_031,MOCK-8BDA-G7A-031,"Sylvia Karanja Kamau","Grade 7 A",Female,"UTAWALA HIGH SCHOOL",8bda9787-7173-4603-8003-cc9311c65abe
mock_8bda9787_G7A_032,MOCK-8BDA-G7A-032,"Collins Adhiambo Rotich","Grade 7 A",Male,"UTAWALA HIGH SCHOOL",8bda9787-7173-4603-8003-cc9311c65abe
mock_8bda9787_G7A_033,MOCK-8BDA-G7A-033,"Charles Njeri Wambui","Grade 7 A",Male,"UTAWALA HIGH SCHOOL",8bda9787-7173-4603-8003-cc9311c65abe
mock_8bda9787_G7A_034,MOCK-8BDA-G7A-034,"Sharon Ochieng Mutiso","Grade 7 A",Female,"UTAWALA HIGH SCHOOL",8bda9787-7173-4603-8003-cc9311c65abe
mock_8bda9787_G7A_035,MOCK-8BDA-G7A-035,"Nicholas Nyokabi Juma","Grade 7 A",Male,"UTAWALA HIGH SCHOOL",8bda9787-7173-4603-8003-cc9311c65abe
mock_8bda9787_G7A_036,MOCK-8BDA-G7A-036,"Vincent Nyokabi Cheruiyot","Grade 7 A",Male,"UTAWALA HIGH SCHOOL",8bda9787-7173-4603-8003-cc9311c65abe
mock_8bda9787_G7A_037,MOCK-8BDA-G7A-037,"Faith Ochieng Omondi","Grade 7 A",Female,"UTAWALA HIGH SCHOOL",8bda9787-7173-4603-8003-cc9311c65abe
mock_8bda9787_G7A_038,MOCK-8BDA-G7A-038,"Janet Onyango Mutua","Grade 7 A",Female,"UTAWALA HIGH SCHOOL",8bda9787-7173-4603-8003-cc9311c65abe
mock_8bda9787_G7A_039,MOCK-8BDA-G7A-039,"Cornelius Mbugua Achieng","Grade 7 A",Male,"UTAWALA HIGH SCHOOL",8bda9787-7173-4603-8003-cc9311c65abe
mock_8bda9787_G7A_040,MOCK-8BDA-G7A-040,"Mitchelle Otieno Cheruiyot","Grade 7 A",Female,"UTAWALA HIGH SCHOOL",8bda9787-7173-4603-8003-cc9311c65abe
mock_8bda9787_G7A_041,MOCK-8BDA-G7A-041,"Peter Kariuki Juma","Grade 7 A",Male,"UTAWALA HIGH SCHOOL",8bda9787-7173-4603-8003-cc9311c65abe
mock_8bda9787_G7A_042,MOCK-8BDA-G7A-042,"Gideon Mwangi Otieno","Grade 7 A",Male,"UTAWALA HIGH SCHOOL",8bda9787-7173-4603-8003-cc9311c65abe
mock_8bda9787_G7A_043,MOCK-8BDA-G7A-043,"Caroline Wambui Mutiso","Grade 7 A",Female,"UTAWALA HIGH SCHOOL",8bda9787-7173-4603-8003-cc9311c65abe
mock_8bda9787_G7A_044,MOCK-8BDA-G7A-044,"Grace Omondi Kipchoge","Grade 7 A",Female,"UTAWALA HIGH SCHOOL",8bda9787-7173-4603-8003-cc9311c65abe
mock_8bda9787_G7A_045,MOCK-8BDA-G7A-045,"Janet Wambui Cheruiyot","Grade 7 A",Female,"UTAWALA HIGH SCHOOL",8bda9787-7173-4603-8003-cc9311c65abe
mock_8bda9787_G7A_046,MOCK-8BDA-G7A-046,"Lucy Simiyu Chebet","Grade 7 A",Female,"UTAWALA HIGH SCHOOL",8bda9787-7173-4603-8003-cc9311c65abe
mock_8bda9787_G7A_047,MOCK-8BDA-G7A-047,"Mitchelle Kibet Mutiso","Grade 7 A",Female,"UTAWALA HIGH SCHOOL",8bda9787-7173-4603-8003-cc9311c65abe
mock_8bda9787_G7A_048,MOCK-8BDA-G7A-048,"Joseph Njeri Chebet","Grade 7 A",Male,"UTAWALA HIGH SCHOOL",8bda9787-7173-4603-8003-cc9311c65abe
mock_8bda9787_G7A_049,MOCK-8BDA-G7A-049,"Linet Barasa Rotich","Grade 7 A",Female,"UTAWALA HIGH SCHOOL",8bda9787-7173-4603-8003-cc9311c65abe
mock_8bda9787_G7A_050,MOCK-8BDA-G7A-050,"Peter Omondi Wafula","Grade 7 A",Male,"UTAWALA HIGH SCHOOL",8bda9787-7173-4603-8003-cc9311c65abe
mock_8bda9787_G7A_051,MOCK-8BDA-G7A-051,"Maureen Njeri Mutiso","Grade 7 A",Female,"UTAWALA HIGH SCHOOL",8bda9787-7173-4603-8003-cc9311c65abe
mock_8bda9787_G7A_052,MOCK-8BDA-G7A-052,"Beatrice Adhiambo Chepkemoi","Grade 7 A",Female,"UTAWALA HIGH SCHOOL",8bda9787-7173-4603-8003-cc9311c65abe
mock_8bda9787_G7A_053,MOCK-8BDA-G7A-053,"Elvis Chepkemoi Rotich","Grade 7 A",Male,"UTAWALA HIGH SCHOOL",8bda9787-7173-4603-8003-cc9311c65abe
mock_8bda9787_G7A_054,MOCK-8BDA-G7A-054,"Lydia Nyokabi Kibet","Grade 7 A",Female,"UTAWALA HIGH SCHOOL",8bda9787-7173-4603-8003-cc9311c65abe
mock_8bda9787_G7A_055,MOCK-8BDA-G7A-055,"Beatrice Wafula Rotich","Grade 7 A",Female,"UTAWALA HIGH SCHOOL",8bda9787-7173-4603-8003-cc9311c65abe
mock_8bda9787_G7A_056,MOCK-8BDA-G7A-056,"Anthony Nyambura Gitau","Grade 7 A",Male,"UTAWALA HIGH SCHOOL",8bda9787-7173-4603-8003-cc9311c65abe
mock_8bda9787_G7A_057,MOCK-8BDA-G7A-057,"Mary Onyango Odhiambo","Grade 7 A",Female,"UTAWALA HIGH SCHOOL",8bda9787-7173-4603-8003-cc9311c65abe
mock_8bda9787_G7A_058,MOCK-8BDA-G7A-058,"Winnie Mutiso Atieno","Grade 7 A",Female,"UTAWALA HIGH SCHOOL",8bda9787-7173-4603-8003-cc9311c65abe
mock_8bda9787_G7A_059,MOCK-8BDA-G7A-059,"Collins Kamau Chepkemoi","Grade 7 A",Male,"UTAWALA HIGH SCHOOL",8bda9787-7173-4603-8003-cc9311c65abe
mock_8bda9787_G7A_060,MOCK-8BDA-G7A-060,"Brayan Were Mwangi","Grade 7 A",Male,"UTAWALA HIGH SCHOOL",8bda9787-7173-4603-8003-cc9311c65abe
mock_8bda9787_G7B_001,MOCK-8BDA-G7B-001,"Lucy Njoroge Karanja","Grade 7 B",Female,"UTAWALA HIGH SCHOOL",8bda9787-7173-4603-8003-cc9311c65abe
mock_8bda9787_G7B_002,MOCK-8BDA-G7B-002,"Purity Owino Wafula","Grade 7 B",Female,"UTAWALA HIGH SCHOOL",8bda9787-7173-4603-8003-cc9311c65abe
mock_8bda9787_G7B_003,MOCK-8BDA-G7B-003,"Christine Wanjiru Mbugua","Grade 7 B",Female,"UTAWALA HIGH SCHOOL",8bda9787-7173-4603-8003-cc9311c65abe
mock_8bda9787_G7B_004,MOCK-8BDA-G7B-004,"Anthony Mutua Gitau","Grade 7 B",Male,"UTAWALA HIGH SCHOOL",8bda9787-7173-4603-8003-cc9311c65abe
mock_8bda9787_G7B_005,MOCK-8BDA-G7B-005,"Anthony Wambui Achieng","Grade 7 B",Male,"UTAWALA HIGH SCHOOL",8bda9787-7173-4603-8003-cc9311c65abe
mock_8bda9787_G7B_006,MOCK-8BDA-G7B-006,"Victor Atieno Juma","Grade 7 B",Male,"UTAWALA HIGH SCHOOL",8bda9787-7173-4603-8003-cc9311c65abe
mock_8bda9787_G7B_007,MOCK-8BDA-G7B-007,"Doreen Mutiso Gitau","Grade 7 B",Female,"UTAWALA HIGH SCHOOL",8bda9787-7173-4603-8003-cc9311c65abe
mock_8bda9787_G7B_008,MOCK-8BDA-G7B-008,"Brian Maina Otieno","Grade 7 B",Male,"UTAWALA HIGH SCHOOL",8bda9787-7173-4603-8003-cc9311c65abe
mock_8bda9787_G7B_009,MOCK-8BDA-G7B-009,"Collins Odhiambo Mutiso","Grade 7 B",Male,"UTAWALA HIGH SCHOOL",8bda9787-7173-4603-8003-cc9311c65abe
mock_8bda9787_G7B_010,MOCK-8BDA-G7B-010,"Peter Mbugua Mutiso","Grade 7 B",Male,"UTAWALA HIGH SCHOOL",8bda9787-7173-4603-8003-cc9311c65abe
mock_8bda9787_G7B_011,MOCK-8BDA-G7B-011,"Mercy Wambui Rotich","Grade 7 B",Female,"UTAWALA HIGH SCHOOL",8bda9787-7173-4603-8003-cc9311c65abe
mock_8bda9787_G7B_012,MOCK-8BDA-G7B-012,"Mercy Wairimu Kiplagat","Grade 7 B",Female,"UTAWALA HIGH SCHOOL",8bda9787-7173-4603-8003-cc9311c65abe
mock_8bda9787_G7B_013,MOCK-8BDA-G7B-013,"Patrick Kipchoge Onyango","Grade 7 B",Male,"UTAWALA HIGH SCHOOL",8bda9787-7173-4603-8003-cc9311c65abe
mock_8bda9787_G7B_014,MOCK-8BDA-G7B-014,"Stephen Kibet Barasa","Grade 7 B",Male,"UTAWALA HIGH SCHOOL",8bda9787-7173-4603-8003-cc9311c65abe
mock_8bda9787_G7B_015,MOCK-8BDA-G7B-015,"Martin Mutiso Cheruiyot","Grade 7 B",Male,"UTAWALA HIGH SCHOOL",8bda9787-7173-4603-8003-cc9311c65abe
mock_8bda9787_G7B_016,MOCK-8BDA-G7B-016,"Doreen Juma Wambui","Grade 7 B",Female,"UTAWALA HIGH SCHOOL",8bda9787-7173-4603-8003-cc9311c65abe
mock_8bda9787_G7B_017,MOCK-8BDA-G7B-017,"Elvis Wambui Njoroge","Grade 7 B",Male,"UTAWALA HIGH SCHOOL",8bda9787-7173-4603-8003-cc9311c65abe
mock_8bda9787_G7B_018,MOCK-8BDA-G7B-018,"Vincent Otieno Karanja","Grade 7 B",Male,"UTAWALA HIGH SCHOOL",8bda9787-7173-4603-8003-cc9311c65abe
mock_8bda9787_G7B_019,MOCK-8BDA-G7B-019,"Diana Mbugua Njeri","Grade 7 B",Female,"UTAWALA HIGH SCHOOL",8bda9787-7173-4603-8003-cc9311c65abe
mock_8bda9787_G7B_020,MOCK-8BDA-G7B-020,"Stephen Mutiso Maina","Grade 7 B",Male,"UTAWALA HIGH SCHOOL",8bda9787-7173-4603-8003-cc9311c65abe
mock_8bda9787_G7B_021,MOCK-8BDA-G7B-021,"Nancy Wafula Cheruiyot","Grade 7 B",Female,"UTAWALA HIGH SCHOOL",8bda9787-7173-4603-8003-cc9311c65abe
mock_8bda9787_G7B_022,MOCK-8BDA-G7B-022,"Fredrick Mbugua Cheruiyot","Grade 7 B",Male,"UTAWALA HIGH SCHOOL",8bda9787-7173-4603-8003-cc9311c65abe
mock_8bda9787_G7B_023,MOCK-8BDA-G7B-023,"Cynthia Auma Kibet","Grade 7 B",Female,"UTAWALA HIGH SCHOOL",8bda9787-7173-4603-8003-cc9311c65abe
mock_8bda9787_G7B_024,MOCK-8BDA-G7B-024,"Mary Atieno Onyango","Grade 7 B",Female,"UTAWALA HIGH SCHOOL",8bda9787-7173-4603-8003-cc9311c65abe
mock_8bda9787_G7B_025,MOCK-8BDA-G7B-025,"Sylvia Simiyu Njeri","Grade 7 B",Female,"UTAWALA HIGH SCHOOL",8bda9787-7173-4603-8003-cc9311c65abe
mock_8bda9787_G7B_026,MOCK-8BDA-G7B-026,"Eric Gitau Wairimu","Grade 7 B",Male,"UTAWALA HIGH SCHOOL",8bda9787-7173-4603-8003-cc9311c65abe
mock_8bda9787_G7B_027,MOCK-8BDA-G7B-027,"Patrick Mutua Barasa","Grade 7 B",Male,"UTAWALA HIGH SCHOOL",8bda9787-7173-4603-8003-cc9311c65abe
mock_8bda9787_G7B_028,MOCK-8BDA-G7B-028,"Lydia Onyango Otieno","Grade 7 B",Female,"UTAWALA HIGH SCHOOL",8bda9787-7173-4603-8003-cc9311c65abe
mock_8bda9787_G7B_029,MOCK-8BDA-G7B-029,"Lydia Wambui Atieno","Grade 7 B",Female,"UTAWALA HIGH SCHOOL",8bda9787-7173-4603-8003-cc9311c65abe
mock_8bda9787_G7B_030,MOCK-8BDA-G7B-030,"Doreen Wambui Chepkemoi","Grade 7 B",Female,"UTAWALA HIGH SCHOOL",8bda9787-7173-4603-8003-cc9311c65abe
mock_8bda9787_G7B_031,MOCK-8BDA-G7B-031,"Valentine Ochieng Mutua","Grade 7 B",Female,"UTAWALA HIGH SCHOOL",8bda9787-7173-4603-8003-cc9311c65abe
mock_8bda9787_G7B_032,MOCK-8BDA-G7B-032,"Mitchelle Gitau Ochieng","Grade 7 B",Female,"UTAWALA HIGH SCHOOL",8bda9787-7173-4603-8003-cc9311c65abe
mock_8bda9787_G7B_033,MOCK-8BDA-G7B-033,"Vincent Atieno Otieno","Grade 7 B",Male,"UTAWALA HIGH SCHOOL",8bda9787-7173-4603-8003-cc9311c65abe
mock_8bda9787_G7B_034,MOCK-8BDA-G7B-034,"Patrick Mutiso Juma","Grade 7 B",Male,"UTAWALA HIGH SCHOOL",8bda9787-7173-4603-8003-cc9311c65abe
mock_8bda9787_G7B_035,MOCK-8BDA-G7B-035,"Collins Gitau Kariuki","Grade 7 B",Male,"UTAWALA HIGH SCHOOL",8bda9787-7173-4603-8003-cc9311c65abe
mock_8bda9787_G7B_036,MOCK-8BDA-G7B-036,"Lucy Akinyi Karanja","Grade 7 B",Female,"UTAWALA HIGH SCHOOL",8bda9787-7173-4603-8003-cc9311c65abe
mock_8bda9787_G7B_037,MOCK-8BDA-G7B-037,"Emmanuel Kiplagat Achieng","Grade 7 B",Male,"UTAWALA HIGH SCHOOL",8bda9787-7173-4603-8003-cc9311c65abe
mock_8bda9787_G7B_038,MOCK-8BDA-G7B-038,"Pauline Karanja Atieno","Grade 7 B",Female,"UTAWALA HIGH SCHOOL",8bda9787-7173-4603-8003-cc9311c65abe
mock_8bda9787_G7B_039,MOCK-8BDA-G7B-039,"Allan Achieng Rotich","Grade 7 B",Male,"UTAWALA HIGH SCHOOL",8bda9787-7173-4603-8003-cc9311c65abe
mock_8bda9787_G7B_040,MOCK-8BDA-G7B-040,"Peter Kiplagat Wairimu","Grade 7 B",Male,"UTAWALA HIGH SCHOOL",8bda9787-7173-4603-8003-cc9311c65abe
mock_8bda9787_G7B_041,MOCK-8BDA-G7B-041,"Anthony Auma Adhiambo","Grade 7 B",Male,"UTAWALA HIGH SCHOOL",8bda9787-7173-4603-8003-cc9311c65abe
mock_8bda9787_G7B_042,MOCK-8BDA-G7B-042,"Kelvin Auma Mutiso","Grade 7 B",Male,"UTAWALA HIGH SCHOOL",8bda9787-7173-4603-8003-cc9311c65abe
mock_8bda9787_G7B_043,MOCK-8BDA-G7B-043,"Samuel Ochieng Cheruiyot","Grade 7 B",Male,"UTAWALA HIGH SCHOOL",8bda9787-7173-4603-8003-cc9311c65abe
mock_8bda9787_G7B_044,MOCK-8BDA-G7B-044,"Collins Kibet Gitau","Grade 7 B",Male,"UTAWALA HIGH SCHOOL",8bda9787-7173-4603-8003-cc9311c65abe
mock_8bda9787_G7B_045,MOCK-8BDA-G7B-045,"Brayan Wambui Kariuki","Grade 7 B",Male,"UTAWALA HIGH SCHOOL",8bda9787-7173-4603-8003-cc9311c65abe
mock_8bda9787_G7B_046,MOCK-8BDA-G7B-046,"Cornelius Kiplagat Kiplagat","Grade 7 B",Male,"UTAWALA HIGH SCHOOL",8bda9787-7173-4603-8003-cc9311c65abe
mock_8bda9787_G7B_047,MOCK-8BDA-G7B-047,"Collins Wairimu Simiyu","Grade 7 B",Male,"UTAWALA HIGH SCHOOL",8bda9787-7173-4603-8003-cc9311c65abe
mock_8bda9787_G7B_048,MOCK-8BDA-G7B-048,"Ann Cheruiyot Were","Grade 7 B",Female,"UTAWALA HIGH SCHOOL",8bda9787-7173-4603-8003-cc9311c65abe
mock_8bda9787_G7B_049,MOCK-8BDA-G7B-049,"Christine Mwangi Atieno","Grade 7 B",Female,"UTAWALA HIGH SCHOOL",8bda9787-7173-4603-8003-cc9311c65abe
mock_8bda9787_G7B_050,MOCK-8BDA-G7B-050,"Joy Akinyi Owino","Grade 7 B",Female,"UTAWALA HIGH SCHOOL",8bda9787-7173-4603-8003-cc9311c65abe
mock_8bda9787_G7B_051,MOCK-8BDA-G7B-051,"Joseph Auma Ochieng","Grade 7 B",Male,"UTAWALA HIGH SCHOOL",8bda9787-7173-4603-8003-cc9311c65abe
mock_8bda9787_G7B_052,MOCK-8BDA-G7B-052,"Allan Mutua Onyango","Grade 7 B",Male,"UTAWALA HIGH SCHOOL",8bda9787-7173-4603-8003-cc9311c65abe
mock_8bda9787_G7B_053,MOCK-8BDA-G7B-053,"Lydia Kamau Mwangi","Grade 7 B",Female,"UTAWALA HIGH SCHOOL",8bda9787-7173-4603-8003-cc9311c65abe
mock_8bda9787_G7B_054,MOCK-8BDA-G7B-054,"Janet Adhiambo Kibet","Grade 7 B",Female,"UTAWALA HIGH SCHOOL",8bda9787-7173-4603-8003-cc9311c65abe
mock_8bda9787_G7B_055,MOCK-8BDA-G7B-055,"Martin Chepkemoi Odhiambo","Grade 7 B",Male,"UTAWALA HIGH SCHOOL",8bda9787-7173-4603-8003-cc9311c65abe
mock_8bda9787_G7B_056,MOCK-8BDA-G7B-056,"Pauline Cheruiyot Achieng","Grade 7 B",Female,"UTAWALA HIGH SCHOOL",8bda9787-7173-4603-8003-cc9311c65abe
mock_8bda9787_G7B_057,MOCK-8BDA-G7B-057,"Joy Wafula Kipchoge","Grade 7 B",Female,"UTAWALA HIGH SCHOOL",8bda9787-7173-4603-8003-cc9311c65abe
mock_8bda9787_G7B_058,MOCK-8BDA-G7B-058,"Stephen Chepkemoi Cheruiyot","Grade 7 B",Male,"UTAWALA HIGH SCHOOL",8bda9787-7173-4603-8003-cc9311c65abe
mock_8bda9787_G7B_059,MOCK-8BDA-G7B-059,"Doreen Maina Kibet","Grade 7 B",Female,"UTAWALA HIGH SCHOOL",8bda9787-7173-4603-8003-cc9311c65abe
mock_8bda9787_G7B_060,MOCK-8BDA-G7B-060,"Doreen Juma Karanja","Grade 7 B",Female,"UTAWALA HIGH SCHOOL",8bda9787-7173-4603-8003-cc9311c65abe
mock_8bda9787_G8A_001,MOCK-8BDA-G8A-001,"Christine Barasa Akinyi","Grade 8 A",Female,"UTAWALA HIGH SCHOOL",8bda9787-7173-4603-8003-cc9311c65abe
mock_8bda9787_G8A_002,MOCK-8BDA-G8A-002,"Ann Cheruiyot Wanjiru","Grade 8 A",Female,"UTAWALA HIGH SCHOOL",8bda9787-7173-4603-8003-cc9311c65abe
mock_8bda9787_G8A_003,MOCK-8BDA-G8A-003,"Fredrick Barasa Wairimu","Grade 8 A",Male,"UTAWALA HIGH SCHOOL",8bda9787-7173-4603-8003-cc9311c65abe
mock_8bda9787_G8A_004,MOCK-8BDA-G8A-004,"Lydia Owino Wambui","Grade 8 A",Female,"UTAWALA HIGH SCHOOL",8bda9787-7173-4603-8003-cc9311c65abe
mock_8bda9787_G8A_005,MOCK-8BDA-G8A-005,"Esther Nyokabi Kamau","Grade 8 A",Female,"UTAWALA HIGH SCHOOL",8bda9787-7173-4603-8003-cc9311c65abe
mock_8bda9787_G8A_006,MOCK-8BDA-G8A-006,"Kelvin Wambui Mutua","Grade 8 A",Male,"UTAWALA HIGH SCHOOL",8bda9787-7173-4603-8003-cc9311c65abe
mock_8bda9787_G8A_007,MOCK-8BDA-G8A-007,"Rose Akinyi Wafula","Grade 8 A",Female,"UTAWALA HIGH SCHOOL",8bda9787-7173-4603-8003-cc9311c65abe
mock_8bda9787_G8A_008,MOCK-8BDA-G8A-008,"Kevin Njeri Omondi","Grade 8 A",Male,"UTAWALA HIGH SCHOOL",8bda9787-7173-4603-8003-cc9311c65abe
mock_8bda9787_G8A_009,MOCK-8BDA-G8A-009,"Pauline Kamau Nyokabi","Grade 8 A",Female,"UTAWALA HIGH SCHOOL",8bda9787-7173-4603-8003-cc9311c65abe
mock_8bda9787_G8A_010,MOCK-8BDA-G8A-010,"Mary Mutiso Mbugua","Grade 8 A",Female,"UTAWALA HIGH SCHOOL",8bda9787-7173-4603-8003-cc9311c65abe
mock_8bda9787_G8A_011,MOCK-8BDA-G8A-011,"Brenda Karanja Maina","Grade 8 A",Female,"UTAWALA HIGH SCHOOL",8bda9787-7173-4603-8003-cc9311c65abe
mock_8bda9787_G8A_012,MOCK-8BDA-G8A-012,"Brayan Njoroge Wairimu","Grade 8 A",Male,"UTAWALA HIGH SCHOOL",8bda9787-7173-4603-8003-cc9311c65abe
mock_8bda9787_G8A_013,MOCK-8BDA-G8A-013,"Diana Owino Kamau","Grade 8 A",Female,"UTAWALA HIGH SCHOOL",8bda9787-7173-4603-8003-cc9311c65abe
mock_8bda9787_G8A_014,MOCK-8BDA-G8A-014,"Mercy Mutiso Nyokabi","Grade 8 A",Female,"UTAWALA HIGH SCHOOL",8bda9787-7173-4603-8003-cc9311c65abe
mock_8bda9787_G8A_015,MOCK-8BDA-G8A-015,"Gideon Kipchoge Maina","Grade 8 A",Male,"UTAWALA HIGH SCHOOL",8bda9787-7173-4603-8003-cc9311c65abe
mock_8bda9787_G8A_016,MOCK-8BDA-G8A-016,"Sylvia Chepkemoi Mwangi","Grade 8 A",Female,"UTAWALA HIGH SCHOOL",8bda9787-7173-4603-8003-cc9311c65abe
mock_8bda9787_G8A_017,MOCK-8BDA-G8A-017,"Eunice Wambui Kibet","Grade 8 A",Female,"UTAWALA HIGH SCHOOL",8bda9787-7173-4603-8003-cc9311c65abe
mock_8bda9787_G8A_018,MOCK-8BDA-G8A-018,"Faith Ochieng Chepkemoi","Grade 8 A",Female,"UTAWALA HIGH SCHOOL",8bda9787-7173-4603-8003-cc9311c65abe
mock_8bda9787_G8A_019,MOCK-8BDA-G8A-019,"Stephen Njeri Were","Grade 8 A",Male,"UTAWALA HIGH SCHOOL",8bda9787-7173-4603-8003-cc9311c65abe
mock_8bda9787_G8A_020,MOCK-8BDA-G8A-020,"Elvis Chepkemoi Kipchoge","Grade 8 A",Male,"UTAWALA HIGH SCHOOL",8bda9787-7173-4603-8003-cc9311c65abe
mock_8bda9787_G8A_021,MOCK-8BDA-G8A-021,"Eunice Wanjiru Omondi","Grade 8 A",Female,"UTAWALA HIGH SCHOOL",8bda9787-7173-4603-8003-cc9311c65abe
mock_8bda9787_G8A_022,MOCK-8BDA-G8A-022,"Nicholas Kariuki Owino","Grade 8 A",Male,"UTAWALA HIGH SCHOOL",8bda9787-7173-4603-8003-cc9311c65abe
mock_8bda9787_G8A_023,MOCK-8BDA-G8A-023,"Rose Mwangi Kariuki","Grade 8 A",Female,"UTAWALA HIGH SCHOOL",8bda9787-7173-4603-8003-cc9311c65abe
mock_8bda9787_G8A_024,MOCK-8BDA-G8A-024,"Charles Owino Kiplagat","Grade 8 A",Male,"UTAWALA HIGH SCHOOL",8bda9787-7173-4603-8003-cc9311c65abe
mock_8bda9787_G8A_025,MOCK-8BDA-G8A-025,"Gideon Mutiso Simiyu","Grade 8 A",Male,"UTAWALA HIGH SCHOOL",8bda9787-7173-4603-8003-cc9311c65abe
mock_8bda9787_G8A_026,MOCK-8BDA-G8A-026,"Samuel Simiyu Njeri","Grade 8 A",Male,"UTAWALA HIGH SCHOOL",8bda9787-7173-4603-8003-cc9311c65abe
mock_8bda9787_G8A_027,MOCK-8BDA-G8A-027,"Felix Juma Rotich","Grade 8 A",Male,"UTAWALA HIGH SCHOOL",8bda9787-7173-4603-8003-cc9311c65abe
mock_8bda9787_G8A_028,MOCK-8BDA-G8A-028,"Lucy Juma Wanjiru","Grade 8 A",Female,"UTAWALA HIGH SCHOOL",8bda9787-7173-4603-8003-cc9311c65abe
mock_8bda9787_G8A_029,MOCK-8BDA-G8A-029,"Elvis Wanjiru Wambui","Grade 8 A",Male,"UTAWALA HIGH SCHOOL",8bda9787-7173-4603-8003-cc9311c65abe
mock_8bda9787_G8A_030,MOCK-8BDA-G8A-030,"Cynthia Akinyi Kipchoge","Grade 8 A",Female,"UTAWALA HIGH SCHOOL",8bda9787-7173-4603-8003-cc9311c65abe
mock_8bda9787_G8A_031,MOCK-8BDA-G8A-031,"Kelvin Mutua Nyokabi","Grade 8 A",Male,"UTAWALA HIGH SCHOOL",8bda9787-7173-4603-8003-cc9311c65abe
mock_8bda9787_G8A_032,MOCK-8BDA-G8A-032,"Kevin Cheruiyot Atieno","Grade 8 A",Male,"UTAWALA HIGH SCHOOL",8bda9787-7173-4603-8003-cc9311c65abe
mock_8bda9787_G8A_033,MOCK-8BDA-G8A-033,"Eric Mwangi Mutua","Grade 8 A",Male,"UTAWALA HIGH SCHOOL",8bda9787-7173-4603-8003-cc9311c65abe
mock_8bda9787_G8A_034,MOCK-8BDA-G8A-034,"Purity Wambui Nyokabi","Grade 8 A",Female,"UTAWALA HIGH SCHOOL",8bda9787-7173-4603-8003-cc9311c65abe
mock_8bda9787_G8A_035,MOCK-8BDA-G8A-035,"Gideon Wafula Barasa","Grade 8 A",Male,"UTAWALA HIGH SCHOOL",8bda9787-7173-4603-8003-cc9311c65abe
mock_8bda9787_G8A_036,MOCK-8BDA-G8A-036,"Samuel Mutiso Nyambura","Grade 8 A",Male,"UTAWALA HIGH SCHOOL",8bda9787-7173-4603-8003-cc9311c65abe
mock_8bda9787_G8A_037,MOCK-8BDA-G8A-037,"Christine Kibet Juma","Grade 8 A",Female,"UTAWALA HIGH SCHOOL",8bda9787-7173-4603-8003-cc9311c65abe
mock_8bda9787_G8A_038,MOCK-8BDA-G8A-038,"Christine Cheruiyot Omondi","Grade 8 A",Female,"UTAWALA HIGH SCHOOL",8bda9787-7173-4603-8003-cc9311c65abe
mock_8bda9787_G8A_039,MOCK-8BDA-G8A-039,"Janet Korir Maina","Grade 8 A",Female,"UTAWALA HIGH SCHOOL",8bda9787-7173-4603-8003-cc9311c65abe
mock_8bda9787_G8A_040,MOCK-8BDA-G8A-040,"Diana Kariuki Wairimu","Grade 8 A",Female,"UTAWALA HIGH SCHOOL",8bda9787-7173-4603-8003-cc9311c65abe
mock_8bda9787_G8A_041,MOCK-8BDA-G8A-041,"Beatrice Mutua Auma","Grade 8 A",Female,"UTAWALA HIGH SCHOOL",8bda9787-7173-4603-8003-cc9311c65abe
mock_8bda9787_G8A_042,MOCK-8BDA-G8A-042,"Linet Nyambura Simiyu","Grade 8 A",Female,"UTAWALA HIGH SCHOOL",8bda9787-7173-4603-8003-cc9311c65abe
mock_8bda9787_G8A_043,MOCK-8BDA-G8A-043,"Doreen Odhiambo Mwangi","Grade 8 A",Female,"UTAWALA HIGH SCHOOL",8bda9787-7173-4603-8003-cc9311c65abe
mock_8bda9787_G8A_044,MOCK-8BDA-G8A-044,"Stephen Achieng Akinyi","Grade 8 A",Male,"UTAWALA HIGH SCHOOL",8bda9787-7173-4603-8003-cc9311c65abe
mock_8bda9787_G8A_045,MOCK-8BDA-G8A-045,"Lydia Kamau Mbugua","Grade 8 A",Female,"UTAWALA HIGH SCHOOL",8bda9787-7173-4603-8003-cc9311c65abe
mock_8bda9787_G8A_046,MOCK-8BDA-G8A-046,"George Mbugua Njeri","Grade 8 A",Male,"UTAWALA HIGH SCHOOL",8bda9787-7173-4603-8003-cc9311c65abe
mock_8bda9787_G8A_047,MOCK-8BDA-G8A-047,"Cornelius Akinyi Atieno","Grade 8 A",Male,"UTAWALA HIGH SCHOOL",8bda9787-7173-4603-8003-cc9311c65abe
mock_8bda9787_G8A_048,MOCK-8BDA-G8A-048,"Martin Akinyi Mwangi","Grade 8 A",Male,"UTAWALA HIGH SCHOOL",8bda9787-7173-4603-8003-cc9311c65abe
mock_8bda9787_G8A_049,MOCK-8BDA-G8A-049,"Charles Njoroge Ochieng","Grade 8 A",Male,"UTAWALA HIGH SCHOOL",8bda9787-7173-4603-8003-cc9311c65abe
mock_8bda9787_G8A_050,MOCK-8BDA-G8A-050,"Maureen Akinyi Wambui","Grade 8 A",Female,"UTAWALA HIGH SCHOOL",8bda9787-7173-4603-8003-cc9311c65abe
mock_8bda9787_G8A_051,MOCK-8BDA-G8A-051,"Duncan Gitau Kibet","Grade 8 A",Male,"UTAWALA HIGH SCHOOL",8bda9787-7173-4603-8003-cc9311c65abe
mock_8bda9787_G8A_052,MOCK-8BDA-G8A-052,"Victor Kiplagat Rotich","Grade 8 A",Male,"UTAWALA HIGH SCHOOL",8bda9787-7173-4603-8003-cc9311c65abe
mock_8bda9787_G8A_053,MOCK-8BDA-G8A-053,"Grace Juma Onyango","Grade 8 A",Female,"UTAWALA HIGH SCHOOL",8bda9787-7173-4603-8003-cc9311c65abe
mock_8bda9787_G8A_054,MOCK-8BDA-G8A-054,"Stephen Adhiambo Njoroge","Grade 8 A",Male,"UTAWALA HIGH SCHOOL",8bda9787-7173-4603-8003-cc9311c65abe
mock_8bda9787_G8A_055,MOCK-8BDA-G8A-055,"Elvis Otieno Chebet","Grade 8 A",Male,"UTAWALA HIGH SCHOOL",8bda9787-7173-4603-8003-cc9311c65abe
mock_8bda9787_G8A_056,MOCK-8BDA-G8A-056,"Ian Njeri Odhiambo","Grade 8 A",Male,"UTAWALA HIGH SCHOOL",8bda9787-7173-4603-8003-cc9311c65abe
mock_8bda9787_G8A_057,MOCK-8BDA-G8A-057,"Joseph Achieng Adhiambo","Grade 8 A",Male,"UTAWALA HIGH SCHOOL",8bda9787-7173-4603-8003-cc9311c65abe
mock_8bda9787_G8A_058,MOCK-8BDA-G8A-058,"Gideon Chebet Were","Grade 8 A",Male,"UTAWALA HIGH SCHOOL",8bda9787-7173-4603-8003-cc9311c65abe
mock_8bda9787_G8A_059,MOCK-8BDA-G8A-059,"Grace Kipchoge Odhiambo","Grade 8 A",Female,"UTAWALA HIGH SCHOOL",8bda9787-7173-4603-8003-cc9311c65abe
mock_8bda9787_G8A_060,MOCK-8BDA-G8A-060,"Brian Mbugua Juma","Grade 8 A",Male,"UTAWALA HIGH SCHOOL",8bda9787-7173-4603-8003-cc9311c65abe
mock_8bda9787_G8B_001,MOCK-8BDA-G8B-001,"Esther Owino Wafula","Grade 8 B",Female,"UTAWALA HIGH SCHOOL",8bda9787-7173-4603-8003-cc9311c65abe
mock_8bda9787_G8B_002,MOCK-8BDA-G8B-002,"Fredrick Nyokabi Ochieng","Grade 8 B",Male,"UTAWALA HIGH SCHOOL",8bda9787-7173-4603-8003-cc9311c65abe
mock_8bda9787_G8B_003,MOCK-8BDA-G8B-003,"Gideon Juma Mwangi","Grade 8 B",Male,"UTAWALA HIGH SCHOOL",8bda9787-7173-4603-8003-cc9311c65abe
mock_8bda9787_G8B_004,MOCK-8BDA-G8B-004,"Lydia Wambui Akinyi","Grade 8 B",Female,"UTAWALA HIGH SCHOOL",8bda9787-7173-4603-8003-cc9311c65abe
mock_8bda9787_G8B_005,MOCK-8BDA-G8B-005,"Charles Maina Were","Grade 8 B",Male,"UTAWALA HIGH SCHOOL",8bda9787-7173-4603-8003-cc9311c65abe
mock_8bda9787_G8B_006,MOCK-8BDA-G8B-006,"Mitchelle Korir Wanjiru","Grade 8 B",Female,"UTAWALA HIGH SCHOOL",8bda9787-7173-4603-8003-cc9311c65abe
mock_8bda9787_G8B_007,MOCK-8BDA-G8B-007,"Christine Were Wafula","Grade 8 B",Female,"UTAWALA HIGH SCHOOL",8bda9787-7173-4603-8003-cc9311c65abe
mock_8bda9787_G8B_008,MOCK-8BDA-G8B-008,"Kevin Kibet Wafula","Grade 8 B",Male,"UTAWALA HIGH SCHOOL",8bda9787-7173-4603-8003-cc9311c65abe
mock_8bda9787_G8B_009,MOCK-8BDA-G8B-009,"Charles Owino Maina","Grade 8 B",Male,"UTAWALA HIGH SCHOOL",8bda9787-7173-4603-8003-cc9311c65abe
mock_8bda9787_G8B_010,MOCK-8BDA-G8B-010,"Fredrick Mutua Chepkemoi","Grade 8 B",Male,"UTAWALA HIGH SCHOOL",8bda9787-7173-4603-8003-cc9311c65abe
mock_8bda9787_G8B_011,MOCK-8BDA-G8B-011,"Vincent Kamau Mbugua","Grade 8 B",Male,"UTAWALA HIGH SCHOOL",8bda9787-7173-4603-8003-cc9311c65abe
mock_8bda9787_G8B_012,MOCK-8BDA-G8B-012,"Elvis Nyambura Owino","Grade 8 B",Male,"UTAWALA HIGH SCHOOL",8bda9787-7173-4603-8003-cc9311c65abe
mock_8bda9787_G8B_013,MOCK-8BDA-G8B-013,"Eunice Owino Juma","Grade 8 B",Female,"UTAWALA HIGH SCHOOL",8bda9787-7173-4603-8003-cc9311c65abe
mock_8bda9787_G8B_014,MOCK-8BDA-G8B-014,"Duncan Kariuki Karanja","Grade 8 B",Male,"UTAWALA HIGH SCHOOL",8bda9787-7173-4603-8003-cc9311c65abe
mock_8bda9787_G8B_015,MOCK-8BDA-G8B-015,"Mercy Mbugua Achieng","Grade 8 B",Female,"UTAWALA HIGH SCHOOL",8bda9787-7173-4603-8003-cc9311c65abe
mock_8bda9787_G8B_016,MOCK-8BDA-G8B-016,"Caroline Atieno Kariuki","Grade 8 B",Female,"UTAWALA HIGH SCHOOL",8bda9787-7173-4603-8003-cc9311c65abe
mock_8bda9787_G8B_017,MOCK-8BDA-G8B-017,"Martin Cheruiyot Karanja","Grade 8 B",Male,"UTAWALA HIGH SCHOOL",8bda9787-7173-4603-8003-cc9311c65abe
mock_8bda9787_G8B_018,MOCK-8BDA-G8B-018,"Pauline Kibet Korir","Grade 8 B",Female,"UTAWALA HIGH SCHOOL",8bda9787-7173-4603-8003-cc9311c65abe
mock_8bda9787_G8B_019,MOCK-8BDA-G8B-019,"Caroline Wanjiru Achieng","Grade 8 B",Female,"UTAWALA HIGH SCHOOL",8bda9787-7173-4603-8003-cc9311c65abe
mock_8bda9787_G8B_020,MOCK-8BDA-G8B-020,"Vincent Karanja Mwangi","Grade 8 B",Male,"UTAWALA HIGH SCHOOL",8bda9787-7173-4603-8003-cc9311c65abe
mock_8bda9787_G8B_021,MOCK-8BDA-G8B-021,"Felix Maina Auma","Grade 8 B",Male,"UTAWALA HIGH SCHOOL",8bda9787-7173-4603-8003-cc9311c65abe
mock_8bda9787_G8B_022,MOCK-8BDA-G8B-022,"Esther Mutua Wairimu","Grade 8 B",Female,"UTAWALA HIGH SCHOOL",8bda9787-7173-4603-8003-cc9311c65abe
mock_8bda9787_G8B_023,MOCK-8BDA-G8B-023,"Pauline Odhiambo Karanja","Grade 8 B",Female,"UTAWALA HIGH SCHOOL",8bda9787-7173-4603-8003-cc9311c65abe
mock_8bda9787_G8B_024,MOCK-8BDA-G8B-024,"Patrick Simiyu Mbugua","Grade 8 B",Male,"UTAWALA HIGH SCHOOL",8bda9787-7173-4603-8003-cc9311c65abe
mock_8bda9787_G8B_025,MOCK-8BDA-G8B-025,"Lydia Njoroge Nyokabi","Grade 8 B",Female,"UTAWALA HIGH SCHOOL",8bda9787-7173-4603-8003-cc9311c65abe
mock_8bda9787_G8B_026,MOCK-8BDA-G8B-026,"Joy Mbugua Mwangi","Grade 8 B",Female,"UTAWALA HIGH SCHOOL",8bda9787-7173-4603-8003-cc9311c65abe
mock_8bda9787_G8B_027,MOCK-8BDA-G8B-027,"Lucy Gitau Atieno","Grade 8 B",Female,"UTAWALA HIGH SCHOOL",8bda9787-7173-4603-8003-cc9311c65abe
mock_8bda9787_G8B_028,MOCK-8BDA-G8B-028,"Vincent Auma Akinyi","Grade 8 B",Male,"UTAWALA HIGH SCHOOL",8bda9787-7173-4603-8003-cc9311c65abe
mock_8bda9787_G8B_029,MOCK-8BDA-G8B-029,"Ann Kiplagat Odhiambo","Grade 8 B",Female,"UTAWALA HIGH SCHOOL",8bda9787-7173-4603-8003-cc9311c65abe
mock_8bda9787_G8B_030,MOCK-8BDA-G8B-030,"Duncan Rotich Owino","Grade 8 B",Male,"UTAWALA HIGH SCHOOL",8bda9787-7173-4603-8003-cc9311c65abe
mock_8bda9787_G8B_031,MOCK-8BDA-G8B-031,"Collins Chepkemoi Mutua","Grade 8 B",Male,"UTAWALA HIGH SCHOOL",8bda9787-7173-4603-8003-cc9311c65abe
mock_8bda9787_G8B_032,MOCK-8BDA-G8B-032,"Felix Njoroge Nyokabi","Grade 8 B",Male,"UTAWALA HIGH SCHOOL",8bda9787-7173-4603-8003-cc9311c65abe
mock_8bda9787_G8B_033,MOCK-8BDA-G8B-033,"Christine Simiyu Were","Grade 8 B",Female,"UTAWALA HIGH SCHOOL",8bda9787-7173-4603-8003-cc9311c65abe
mock_8bda9787_G8B_034,MOCK-8BDA-G8B-034,"Pauline Owino Kiplagat","Grade 8 B",Female,"UTAWALA HIGH SCHOOL",8bda9787-7173-4603-8003-cc9311c65abe
mock_8bda9787_G8B_035,MOCK-8BDA-G8B-035,"Winnie Maina Wambui","Grade 8 B",Female,"UTAWALA HIGH SCHOOL",8bda9787-7173-4603-8003-cc9311c65abe
mock_8bda9787_G8B_036,MOCK-8BDA-G8B-036,"Michael Maina Achieng","Grade 8 B",Male,"UTAWALA HIGH SCHOOL",8bda9787-7173-4603-8003-cc9311c65abe
mock_8bda9787_G8B_037,MOCK-8BDA-G8B-037,"Rose Omondi Barasa","Grade 8 B",Female,"UTAWALA HIGH SCHOOL",8bda9787-7173-4603-8003-cc9311c65abe
mock_8bda9787_G8B_038,MOCK-8BDA-G8B-038,"Eunice Atieno Omondi","Grade 8 B",Female,"UTAWALA HIGH SCHOOL",8bda9787-7173-4603-8003-cc9311c65abe
mock_8bda9787_G8B_039,MOCK-8BDA-G8B-039,"Mary Owino Karanja","Grade 8 B",Female,"UTAWALA HIGH SCHOOL",8bda9787-7173-4603-8003-cc9311c65abe
mock_8bda9787_G8B_040,MOCK-8BDA-G8B-040,"Nancy Kipchoge Were","Grade 8 B",Female,"UTAWALA HIGH SCHOOL",8bda9787-7173-4603-8003-cc9311c65abe
mock_8bda9787_G8B_041,MOCK-8BDA-G8B-041,"Mary Wafula Nyokabi","Grade 8 B",Female,"UTAWALA HIGH SCHOOL",8bda9787-7173-4603-8003-cc9311c65abe
mock_8bda9787_G8B_042,MOCK-8BDA-G8B-042,"Collins Wairimu Kibet","Grade 8 B",Male,"UTAWALA HIGH SCHOOL",8bda9787-7173-4603-8003-cc9311c65abe
mock_8bda9787_G8B_043,MOCK-8BDA-G8B-043,"Dennis Akinyi Kiplagat","Grade 8 B",Male,"UTAWALA HIGH SCHOOL",8bda9787-7173-4603-8003-cc9311c65abe
mock_8bda9787_G8B_044,MOCK-8BDA-G8B-044,"Lydia Wafula Mutiso","Grade 8 B",Female,"UTAWALA HIGH SCHOOL",8bda9787-7173-4603-8003-cc9311c65abe
mock_8bda9787_G8B_045,MOCK-8BDA-G8B-045,"Valentine Mutua Mwangi","Grade 8 B",Female,"UTAWALA HIGH SCHOOL",8bda9787-7173-4603-8003-cc9311c65abe
mock_8bda9787_G8B_046,MOCK-8BDA-G8B-046,"Joy Kamau Njoroge","Grade 8 B",Female,"UTAWALA HIGH SCHOOL",8bda9787-7173-4603-8003-cc9311c65abe
mock_8bda9787_G8B_047,MOCK-8BDA-G8B-047,"George Onyango Were","Grade 8 B",Male,"UTAWALA HIGH SCHOOL",8bda9787-7173-4603-8003-cc9311c65abe
mock_8bda9787_G8B_048,MOCK-8BDA-G8B-048,"Sharon Owino Rotich","Grade 8 B",Female,"UTAWALA HIGH SCHOOL",8bda9787-7173-4603-8003-cc9311c65abe
mock_8bda9787_G8B_049,MOCK-8BDA-G8B-049,"Diana Mutiso Auma","Grade 8 B",Female,"UTAWALA HIGH SCHOOL",8bda9787-7173-4603-8003-cc9311c65abe
mock_8bda9787_G8B_050,MOCK-8BDA-G8B-050,"Brenda Simiyu Rotich","Grade 8 B",Female,"UTAWALA HIGH SCHOOL",8bda9787-7173-4603-8003-cc9311c65abe
mock_8bda9787_G8B_051,MOCK-8BDA-G8B-051,"Caroline Odhiambo Owino","Grade 8 B",Female,"UTAWALA HIGH SCHOOL",8bda9787-7173-4603-8003-cc9311c65abe
mock_8bda9787_G8B_052,MOCK-8BDA-G8B-052,"Gideon Barasa Wafula","Grade 8 B",Male,"UTAWALA HIGH SCHOOL",8bda9787-7173-4603-8003-cc9311c65abe
mock_8bda9787_G8B_053,MOCK-8BDA-G8B-053,"Martin Karanja Njoroge","Grade 8 B",Male,"UTAWALA HIGH SCHOOL",8bda9787-7173-4603-8003-cc9311c65abe
mock_8bda9787_G8B_054,MOCK-8BDA-G8B-054,"Charles Kamau Wairimu","Grade 8 B",Male,"UTAWALA HIGH SCHOOL",8bda9787-7173-4603-8003-cc9311c65abe
mock_8bda9787_G8B_055,MOCK-8BDA-G8B-055,"Vincent Kiplagat Kibet","Grade 8 B",Male,"UTAWALA HIGH SCHOOL",8bda9787-7173-4603-8003-cc9311c65abe
mock_8bda9787_G8B_056,MOCK-8BDA-G8B-056,"Christine Mutua Rotich","Grade 8 B",Female,"UTAWALA HIGH SCHOOL",8bda9787-7173-4603-8003-cc9311c65abe
mock_8bda9787_G8B_057,MOCK-8BDA-G8B-057,"Winnie Kiplagat Rotich","Grade 8 B",Female,"UTAWALA HIGH SCHOOL",8bda9787-7173-4603-8003-cc9311c65abe
mock_8bda9787_G8B_058,MOCK-8BDA-G8B-058,"Christine Auma Odhiambo","Grade 8 B",Female,"UTAWALA HIGH SCHOOL",8bda9787-7173-4603-8003-cc9311c65abe
mock_8bda9787_G8B_059,MOCK-8BDA-G8B-059,"Mary Atieno Wanjiru","Grade 8 B",Female,"UTAWALA HIGH SCHOOL",8bda9787-7173-4603-8003-cc9311c65abe
mock_8bda9787_G8B_060,MOCK-8BDA-G8B-060,"George Njeri Kiplagat","Grade 8 B",Male,"UTAWALA HIGH SCHOOL",8bda9787-7173-4603-8003-cc9311c65abe
mock_8bda9787_G9A_001,MOCK-8BDA-G9A-001,"Maureen Kipchoge Mutiso","Grade 9 A",Female,"UTAWALA HIGH SCHOOL",8bda9787-7173-4603-8003-cc9311c65abe
mock_8bda9787_G9A_002,MOCK-8BDA-G9A-002,"Maureen Barasa Were","Grade 9 A",Female,"UTAWALA HIGH SCHOOL",8bda9787-7173-4603-8003-cc9311c65abe
mock_8bda9787_G9A_003,MOCK-8BDA-G9A-003,"Diana Nyambura Otieno","Grade 9 A",Female,"UTAWALA HIGH SCHOOL",8bda9787-7173-4603-8003-cc9311c65abe
mock_8bda9787_G9A_004,MOCK-8BDA-G9A-004,"Mary Maina Maina","Grade 9 A",Female,"UTAWALA HIGH SCHOOL",8bda9787-7173-4603-8003-cc9311c65abe
mock_8bda9787_G9A_005,MOCK-8BDA-G9A-005,"Purity Njoroge Mutua","Grade 9 A",Female,"UTAWALA HIGH SCHOOL",8bda9787-7173-4603-8003-cc9311c65abe
mock_8bda9787_G9A_006,MOCK-8BDA-G9A-006,"Dennis Chepkemoi Juma","Grade 9 A",Male,"UTAWALA HIGH SCHOOL",8bda9787-7173-4603-8003-cc9311c65abe
mock_8bda9787_G9A_007,MOCK-8BDA-G9A-007,"Diana Karanja Auma","Grade 9 A",Female,"UTAWALA HIGH SCHOOL",8bda9787-7173-4603-8003-cc9311c65abe
mock_8bda9787_G9A_008,MOCK-8BDA-G9A-008,"Emmanuel Were Barasa","Grade 9 A",Male,"UTAWALA HIGH SCHOOL",8bda9787-7173-4603-8003-cc9311c65abe
mock_8bda9787_G9A_009,MOCK-8BDA-G9A-009,"Mercy Maina Maina","Grade 9 A",Female,"UTAWALA HIGH SCHOOL",8bda9787-7173-4603-8003-cc9311c65abe
mock_8bda9787_G9A_010,MOCK-8BDA-G9A-010,"Joseph Otieno Juma","Grade 9 A",Male,"UTAWALA HIGH SCHOOL",8bda9787-7173-4603-8003-cc9311c65abe
mock_8bda9787_G9A_011,MOCK-8BDA-G9A-011,"Eric Onyango Karanja","Grade 9 A",Male,"UTAWALA HIGH SCHOOL",8bda9787-7173-4603-8003-cc9311c65abe
mock_8bda9787_G9A_012,MOCK-8BDA-G9A-012,"George Akinyi Juma","Grade 9 A",Male,"UTAWALA HIGH SCHOOL",8bda9787-7173-4603-8003-cc9311c65abe
mock_8bda9787_G9A_013,MOCK-8BDA-G9A-013,"Kevin Wanjiru Wambui","Grade 9 A",Male,"UTAWALA HIGH SCHOOL",8bda9787-7173-4603-8003-cc9311c65abe
mock_8bda9787_G9A_014,MOCK-8BDA-G9A-014,"Patrick Mutua Omondi","Grade 9 A",Male,"UTAWALA HIGH SCHOOL",8bda9787-7173-4603-8003-cc9311c65abe
mock_8bda9787_G9A_015,MOCK-8BDA-G9A-015,"Faith Njeri Karanja","Grade 9 A",Female,"UTAWALA HIGH SCHOOL",8bda9787-7173-4603-8003-cc9311c65abe
mock_8bda9787_G9A_016,MOCK-8BDA-G9A-016,"Mary Akinyi Korir","Grade 9 A",Female,"UTAWALA HIGH SCHOOL",8bda9787-7173-4603-8003-cc9311c65abe
mock_8bda9787_G9A_017,MOCK-8BDA-G9A-017,"Duncan Kiplagat Owino","Grade 9 A",Male,"UTAWALA HIGH SCHOOL",8bda9787-7173-4603-8003-cc9311c65abe
mock_8bda9787_G9A_018,MOCK-8BDA-G9A-018,"Patrick Odhiambo Owino","Grade 9 A",Male,"UTAWALA HIGH SCHOOL",8bda9787-7173-4603-8003-cc9311c65abe
mock_8bda9787_G9A_019,MOCK-8BDA-G9A-019,"Mary Nyokabi Omondi","Grade 9 A",Female,"UTAWALA HIGH SCHOOL",8bda9787-7173-4603-8003-cc9311c65abe
mock_8bda9787_G9A_020,MOCK-8BDA-G9A-020,"Emmanuel Simiyu Rotich","Grade 9 A",Male,"UTAWALA HIGH SCHOOL",8bda9787-7173-4603-8003-cc9311c65abe
mock_8bda9787_G9A_021,MOCK-8BDA-G9A-021,"George Omondi Maina","Grade 9 A",Male,"UTAWALA HIGH SCHOOL",8bda9787-7173-4603-8003-cc9311c65abe
mock_8bda9787_G9A_022,MOCK-8BDA-G9A-022,"Beatrice Auma Maina","Grade 9 A",Female,"UTAWALA HIGH SCHOOL",8bda9787-7173-4603-8003-cc9311c65abe
mock_8bda9787_G9A_023,MOCK-8BDA-G9A-023,"Brenda Onyango Gitau","Grade 9 A",Female,"UTAWALA HIGH SCHOOL",8bda9787-7173-4603-8003-cc9311c65abe
mock_8bda9787_G9A_024,MOCK-8BDA-G9A-024,"Brian Otieno Kiplagat","Grade 9 A",Male,"UTAWALA HIGH SCHOOL",8bda9787-7173-4603-8003-cc9311c65abe
mock_8bda9787_G9A_025,MOCK-8BDA-G9A-025,"Samuel Maina Rotich","Grade 9 A",Male,"UTAWALA HIGH SCHOOL",8bda9787-7173-4603-8003-cc9311c65abe
mock_8bda9787_G9A_026,MOCK-8BDA-G9A-026,"Grace Kamau Rotich","Grade 9 A",Female,"UTAWALA HIGH SCHOOL",8bda9787-7173-4603-8003-cc9311c65abe
mock_8bda9787_G9A_027,MOCK-8BDA-G9A-027,"Mitchelle Kariuki Auma","Grade 9 A",Female,"UTAWALA HIGH SCHOOL",8bda9787-7173-4603-8003-cc9311c65abe
mock_8bda9787_G9A_028,MOCK-8BDA-G9A-028,"Kevin Njoroge Ochieng","Grade 9 A",Male,"UTAWALA HIGH SCHOOL",8bda9787-7173-4603-8003-cc9311c65abe
mock_8bda9787_G9A_029,MOCK-8BDA-G9A-029,"Nicholas Mbugua Rotich","Grade 9 A",Male,"UTAWALA HIGH SCHOOL",8bda9787-7173-4603-8003-cc9311c65abe
mock_8bda9787_G9A_030,MOCK-8BDA-G9A-030,"Ian Ochieng Rotich","Grade 9 A",Male,"UTAWALA HIGH SCHOOL",8bda9787-7173-4603-8003-cc9311c65abe
mock_8bda9787_G9A_031,MOCK-8BDA-G9A-031,"Daniel Korir Chepkemoi","Grade 9 A",Male,"UTAWALA HIGH SCHOOL",8bda9787-7173-4603-8003-cc9311c65abe
mock_8bda9787_G9A_032,MOCK-8BDA-G9A-032,"Michael Kibet Mwangi","Grade 9 A",Male,"UTAWALA HIGH SCHOOL",8bda9787-7173-4603-8003-cc9311c65abe
mock_8bda9787_G9A_033,MOCK-8BDA-G9A-033,"Daniel Kipchoge Atieno","Grade 9 A",Male,"UTAWALA HIGH SCHOOL",8bda9787-7173-4603-8003-cc9311c65abe
mock_8bda9787_G9A_034,MOCK-8BDA-G9A-034,"George Kipchoge Achieng","Grade 9 A",Male,"UTAWALA HIGH SCHOOL",8bda9787-7173-4603-8003-cc9311c65abe
mock_8bda9787_G9A_035,MOCK-8BDA-G9A-035,"Nancy Adhiambo Atieno","Grade 9 A",Female,"UTAWALA HIGH SCHOOL",8bda9787-7173-4603-8003-cc9311c65abe
mock_8bda9787_G9A_036,MOCK-8BDA-G9A-036,"Esther Wanjiru Omondi","Grade 9 A",Female,"UTAWALA HIGH SCHOOL",8bda9787-7173-4603-8003-cc9311c65abe
mock_8bda9787_G9A_037,MOCK-8BDA-G9A-037,"Mitchelle Gitau Barasa","Grade 9 A",Female,"UTAWALA HIGH SCHOOL",8bda9787-7173-4603-8003-cc9311c65abe
mock_8bda9787_G9A_038,MOCK-8BDA-G9A-038,"Nancy Kibet Maina","Grade 9 A",Female,"UTAWALA HIGH SCHOOL",8bda9787-7173-4603-8003-cc9311c65abe
mock_8bda9787_G9A_039,MOCK-8BDA-G9A-039,"Kelvin Chebet Rotich","Grade 9 A",Male,"UTAWALA HIGH SCHOOL",8bda9787-7173-4603-8003-cc9311c65abe
mock_8bda9787_G9A_040,MOCK-8BDA-G9A-040,"Nancy Simiyu Were","Grade 9 A",Female,"UTAWALA HIGH SCHOOL",8bda9787-7173-4603-8003-cc9311c65abe
mock_8bda9787_G9A_041,MOCK-8BDA-G9A-041,"Caroline Achieng Mwangi","Grade 9 A",Female,"UTAWALA HIGH SCHOOL",8bda9787-7173-4603-8003-cc9311c65abe
mock_8bda9787_G9A_042,MOCK-8BDA-G9A-042,"Linet Karanja Owino","Grade 9 A",Female,"UTAWALA HIGH SCHOOL",8bda9787-7173-4603-8003-cc9311c65abe
mock_8bda9787_G9A_043,MOCK-8BDA-G9A-043,"Cynthia Kibet Owino","Grade 9 A",Female,"UTAWALA HIGH SCHOOL",8bda9787-7173-4603-8003-cc9311c65abe
mock_8bda9787_G9A_044,MOCK-8BDA-G9A-044,"Grace Maina Wanjiru","Grade 9 A",Female,"UTAWALA HIGH SCHOOL",8bda9787-7173-4603-8003-cc9311c65abe
mock_8bda9787_G9A_045,MOCK-8BDA-G9A-045,"Faith Kariuki Rotich","Grade 9 A",Female,"UTAWALA HIGH SCHOOL",8bda9787-7173-4603-8003-cc9311c65abe
mock_8bda9787_G9A_046,MOCK-8BDA-G9A-046,"Lydia Otieno Mutua","Grade 9 A",Female,"UTAWALA HIGH SCHOOL",8bda9787-7173-4603-8003-cc9311c65abe
mock_8bda9787_G9A_047,MOCK-8BDA-G9A-047,"Cynthia Mbugua Kariuki","Grade 9 A",Female,"UTAWALA HIGH SCHOOL",8bda9787-7173-4603-8003-cc9311c65abe
mock_8bda9787_G9A_048,MOCK-8BDA-G9A-048,"Allan Kamau Kipchoge","Grade 9 A",Male,"UTAWALA HIGH SCHOOL",8bda9787-7173-4603-8003-cc9311c65abe
mock_8bda9787_G9A_049,MOCK-8BDA-G9A-049,"Charles Wafula Odhiambo","Grade 9 A",Male,"UTAWALA HIGH SCHOOL",8bda9787-7173-4603-8003-cc9311c65abe
mock_8bda9787_G9A_050,MOCK-8BDA-G9A-050,"Nicholas Onyango Omondi","Grade 9 A",Male,"UTAWALA HIGH SCHOOL",8bda9787-7173-4603-8003-cc9311c65abe
mock_8bda9787_G9A_051,MOCK-8BDA-G9A-051,"Lydia Odhiambo Mutua","Grade 9 A",Female,"UTAWALA HIGH SCHOOL",8bda9787-7173-4603-8003-cc9311c65abe
mock_8bda9787_G9A_052,MOCK-8BDA-G9A-052,"Charles Juma Korir","Grade 9 A",Male,"UTAWALA HIGH SCHOOL",8bda9787-7173-4603-8003-cc9311c65abe
mock_8bda9787_G9A_053,MOCK-8BDA-G9A-053,"Kelvin Njeri Auma","Grade 9 A",Male,"UTAWALA HIGH SCHOOL",8bda9787-7173-4603-8003-cc9311c65abe
mock_8bda9787_G9A_054,MOCK-8BDA-G9A-054,"Cornelius Cheruiyot Kariuki","Grade 9 A",Male,"UTAWALA HIGH SCHOOL",8bda9787-7173-4603-8003-cc9311c65abe
mock_8bda9787_G9A_055,MOCK-8BDA-G9A-055,"Allan Odhiambo Cheruiyot","Grade 9 A",Male,"UTAWALA HIGH SCHOOL",8bda9787-7173-4603-8003-cc9311c65abe
mock_8bda9787_G9A_056,MOCK-8BDA-G9A-056,"Sharon Achieng Mutiso","Grade 9 A",Female,"UTAWALA HIGH SCHOOL",8bda9787-7173-4603-8003-cc9311c65abe
mock_8bda9787_G9A_057,MOCK-8BDA-G9A-057,"Ian Auma Juma","Grade 9 A",Male,"UTAWALA HIGH SCHOOL",8bda9787-7173-4603-8003-cc9311c65abe
mock_8bda9787_G9A_058,MOCK-8BDA-G9A-058,"Elvis Wambui Ochieng","Grade 9 A",Male,"UTAWALA HIGH SCHOOL",8bda9787-7173-4603-8003-cc9311c65abe
mock_8bda9787_G9A_059,MOCK-8BDA-G9A-059,"Dennis Karanja Mutiso","Grade 9 A",Male,"UTAWALA HIGH SCHOOL",8bda9787-7173-4603-8003-cc9311c65abe
mock_8bda9787_G9A_060,MOCK-8BDA-G9A-060,"Sylvia Korir Kipchoge","Grade 9 A",Female,"UTAWALA HIGH SCHOOL",8bda9787-7173-4603-8003-cc9311c65abe
mock_8bda9787_G9B_001,MOCK-8BDA-G9B-001,"Felix Njoroge Adhiambo","Grade 9 B",Male,"UTAWALA HIGH SCHOOL",8bda9787-7173-4603-8003-cc9311c65abe
mock_8bda9787_G9B_002,MOCK-8BDA-G9B-002,"Pauline Korir Auma","Grade 9 B",Female,"UTAWALA HIGH SCHOOL",8bda9787-7173-4603-8003-cc9311c65abe
mock_8bda9787_G9B_003,MOCK-8BDA-G9B-003,"Gideon Adhiambo Kibet","Grade 9 B",Male,"UTAWALA HIGH SCHOOL",8bda9787-7173-4603-8003-cc9311c65abe
mock_8bda9787_G9B_004,MOCK-8BDA-G9B-004,"Christine Rotich Were","Grade 9 B",Female,"UTAWALA HIGH SCHOOL",8bda9787-7173-4603-8003-cc9311c65abe
mock_8bda9787_G9B_005,MOCK-8BDA-G9B-005,"Cornelius Omondi Mwangi","Grade 9 B",Male,"UTAWALA HIGH SCHOOL",8bda9787-7173-4603-8003-cc9311c65abe
mock_8bda9787_G9B_006,MOCK-8BDA-G9B-006,"Cornelius Odhiambo Nyambura","Grade 9 B",Male,"UTAWALA HIGH SCHOOL",8bda9787-7173-4603-8003-cc9311c65abe
mock_8bda9787_G9B_007,MOCK-8BDA-G9B-007,"Lydia Korir Cheruiyot","Grade 9 B",Female,"UTAWALA HIGH SCHOOL",8bda9787-7173-4603-8003-cc9311c65abe
mock_8bda9787_G9B_008,MOCK-8BDA-G9B-008,"Christine Kipchoge Atieno","Grade 9 B",Female,"UTAWALA HIGH SCHOOL",8bda9787-7173-4603-8003-cc9311c65abe
mock_8bda9787_G9B_009,MOCK-8BDA-G9B-009,"George Chebet Atieno","Grade 9 B",Male,"UTAWALA HIGH SCHOOL",8bda9787-7173-4603-8003-cc9311c65abe
mock_8bda9787_G9B_010,MOCK-8BDA-G9B-010,"Beatrice Omondi Otieno","Grade 9 B",Female,"UTAWALA HIGH SCHOOL",8bda9787-7173-4603-8003-cc9311c65abe
mock_8bda9787_G9B_011,MOCK-8BDA-G9B-011,"Ian Karanja Kiplagat","Grade 9 B",Male,"UTAWALA HIGH SCHOOL",8bda9787-7173-4603-8003-cc9311c65abe
mock_8bda9787_G9B_012,MOCK-8BDA-G9B-012,"Mary Mutiso Njoroge","Grade 9 B",Female,"UTAWALA HIGH SCHOOL",8bda9787-7173-4603-8003-cc9311c65abe
mock_8bda9787_G9B_013,MOCK-8BDA-G9B-013,"Beatrice Nyokabi Owino","Grade 9 B",Female,"UTAWALA HIGH SCHOOL",8bda9787-7173-4603-8003-cc9311c65abe
mock_8bda9787_G9B_014,MOCK-8BDA-G9B-014,"Christine Korir Karanja","Grade 9 B",Female,"UTAWALA HIGH SCHOOL",8bda9787-7173-4603-8003-cc9311c65abe
mock_8bda9787_G9B_015,MOCK-8BDA-G9B-015,"Purity Chebet Wairimu","Grade 9 B",Female,"UTAWALA HIGH SCHOOL",8bda9787-7173-4603-8003-cc9311c65abe
mock_8bda9787_G9B_016,MOCK-8BDA-G9B-016,"Diana Chebet Korir","Grade 9 B",Female,"UTAWALA HIGH SCHOOL",8bda9787-7173-4603-8003-cc9311c65abe
mock_8bda9787_G9B_017,MOCK-8BDA-G9B-017,"Linet Owino Kipchoge","Grade 9 B",Female,"UTAWALA HIGH SCHOOL",8bda9787-7173-4603-8003-cc9311c65abe
mock_8bda9787_G9B_018,MOCK-8BDA-G9B-018,"Elvis Juma Korir","Grade 9 B",Male,"UTAWALA HIGH SCHOOL",8bda9787-7173-4603-8003-cc9311c65abe
mock_8bda9787_G9B_019,MOCK-8BDA-G9B-019,"Rose Maina Were","Grade 9 B",Female,"UTAWALA HIGH SCHOOL",8bda9787-7173-4603-8003-cc9311c65abe
mock_8bda9787_G9B_020,MOCK-8BDA-G9B-020,"Samuel Kariuki Auma","Grade 9 B",Male,"UTAWALA HIGH SCHOOL",8bda9787-7173-4603-8003-cc9311c65abe
mock_8bda9787_G9B_021,MOCK-8BDA-G9B-021,"Doreen Wairimu Atieno","Grade 9 B",Female,"UTAWALA HIGH SCHOOL",8bda9787-7173-4603-8003-cc9311c65abe
mock_8bda9787_G9B_022,MOCK-8BDA-G9B-022,"Dennis Chebet Njoroge","Grade 9 B",Male,"UTAWALA HIGH SCHOOL",8bda9787-7173-4603-8003-cc9311c65abe
mock_8bda9787_G9B_023,MOCK-8BDA-G9B-023,"Victor Karanja Nyokabi","Grade 9 B",Male,"UTAWALA HIGH SCHOOL",8bda9787-7173-4603-8003-cc9311c65abe
mock_8bda9787_G9B_024,MOCK-8BDA-G9B-024,"Fredrick Nyambura Odhiambo","Grade 9 B",Male,"UTAWALA HIGH SCHOOL",8bda9787-7173-4603-8003-cc9311c65abe
mock_8bda9787_G9B_025,MOCK-8BDA-G9B-025,"Brayan Akinyi Adhiambo","Grade 9 B",Male,"UTAWALA HIGH SCHOOL",8bda9787-7173-4603-8003-cc9311c65abe
mock_8bda9787_G9B_026,MOCK-8BDA-G9B-026,"Cornelius Kipchoge Wairimu","Grade 9 B",Male,"UTAWALA HIGH SCHOOL",8bda9787-7173-4603-8003-cc9311c65abe
mock_8bda9787_G9B_027,MOCK-8BDA-G9B-027,"Caroline Gitau Rotich","Grade 9 B",Female,"UTAWALA HIGH SCHOOL",8bda9787-7173-4603-8003-cc9311c65abe
mock_8bda9787_G9B_028,MOCK-8BDA-G9B-028,"Charles Ochieng Mutiso","Grade 9 B",Male,"UTAWALA HIGH SCHOOL",8bda9787-7173-4603-8003-cc9311c65abe
mock_8bda9787_G9B_029,MOCK-8BDA-G9B-029,"Brian Wambui Wanjiru","Grade 9 B",Male,"UTAWALA HIGH SCHOOL",8bda9787-7173-4603-8003-cc9311c65abe
mock_8bda9787_G9B_030,MOCK-8BDA-G9B-030,"Elvis Karanja Onyango","Grade 9 B",Male,"UTAWALA HIGH SCHOOL",8bda9787-7173-4603-8003-cc9311c65abe
mock_8bda9787_G9B_031,MOCK-8BDA-G9B-031,"Lucy Nyambura Onyango","Grade 9 B",Female,"UTAWALA HIGH SCHOOL",8bda9787-7173-4603-8003-cc9311c65abe
mock_8bda9787_G9B_032,MOCK-8BDA-G9B-032,"Stephen Mbugua Chebet","Grade 9 B",Male,"UTAWALA HIGH SCHOOL",8bda9787-7173-4603-8003-cc9311c65abe
mock_8bda9787_G9B_033,MOCK-8BDA-G9B-033,"Kevin Wafula Were","Grade 9 B",Male,"UTAWALA HIGH SCHOOL",8bda9787-7173-4603-8003-cc9311c65abe
mock_8bda9787_G9B_034,MOCK-8BDA-G9B-034,"Cynthia Rotich Were","Grade 9 B",Female,"UTAWALA HIGH SCHOOL",8bda9787-7173-4603-8003-cc9311c65abe
mock_8bda9787_G9B_035,MOCK-8BDA-G9B-035,"Stella Adhiambo Achieng","Grade 9 B",Female,"UTAWALA HIGH SCHOOL",8bda9787-7173-4603-8003-cc9311c65abe
mock_8bda9787_G9B_036,MOCK-8BDA-G9B-036,"Victor Mwangi Juma","Grade 9 B",Male,"UTAWALA HIGH SCHOOL",8bda9787-7173-4603-8003-cc9311c65abe
mock_8bda9787_G9B_037,MOCK-8BDA-G9B-037,"Esther Njoroge Mbugua","Grade 9 B",Female,"UTAWALA HIGH SCHOOL",8bda9787-7173-4603-8003-cc9311c65abe
mock_8bda9787_G9B_038,MOCK-8BDA-G9B-038,"Nicholas Kiplagat Otieno","Grade 9 B",Male,"UTAWALA HIGH SCHOOL",8bda9787-7173-4603-8003-cc9311c65abe
mock_8bda9787_G9B_039,MOCK-8BDA-G9B-039,"Beatrice Kariuki Njoroge","Grade 9 B",Female,"UTAWALA HIGH SCHOOL",8bda9787-7173-4603-8003-cc9311c65abe
mock_8bda9787_G9B_040,MOCK-8BDA-G9B-040,"Valentine Omondi Simiyu","Grade 9 B",Female,"UTAWALA HIGH SCHOOL",8bda9787-7173-4603-8003-cc9311c65abe
mock_8bda9787_G9B_041,MOCK-8BDA-G9B-041,"Diana Achieng Nyambura","Grade 9 B",Female,"UTAWALA HIGH SCHOOL",8bda9787-7173-4603-8003-cc9311c65abe
mock_8bda9787_G9B_042,MOCK-8BDA-G9B-042,"Faith Akinyi Wafula","Grade 9 B",Female,"UTAWALA HIGH SCHOOL",8bda9787-7173-4603-8003-cc9311c65abe
mock_8bda9787_G9B_043,MOCK-8BDA-G9B-043,"Daniel Chebet Mutiso","Grade 9 B",Male,"UTAWALA HIGH SCHOOL",8bda9787-7173-4603-8003-cc9311c65abe
mock_8bda9787_G9B_044,MOCK-8BDA-G9B-044,"Mary Barasa Wambui","Grade 9 B",Female,"UTAWALA HIGH SCHOOL",8bda9787-7173-4603-8003-cc9311c65abe
mock_8bda9787_G9B_045,MOCK-8BDA-G9B-045,"Doreen Mwangi Juma","Grade 9 B",Female,"UTAWALA HIGH SCHOOL",8bda9787-7173-4603-8003-cc9311c65abe
mock_8bda9787_G9B_046,MOCK-8BDA-G9B-046,"Brian Owino Mbugua","Grade 9 B",Male,"UTAWALA HIGH SCHOOL",8bda9787-7173-4603-8003-cc9311c65abe
mock_8bda9787_G9B_047,MOCK-8BDA-G9B-047,"Rose Korir Juma","Grade 9 B",Female,"UTAWALA HIGH SCHOOL",8bda9787-7173-4603-8003-cc9311c65abe
mock_8bda9787_G9B_048,MOCK-8BDA-G9B-048,"Beatrice Juma Mwangi","Grade 9 B",Female,"UTAWALA HIGH SCHOOL",8bda9787-7173-4603-8003-cc9311c65abe
mock_8bda9787_G9B_049,MOCK-8BDA-G9B-049,"Kelvin Cheruiyot Wambui","Grade 9 B",Male,"UTAWALA HIGH SCHOOL",8bda9787-7173-4603-8003-cc9311c65abe
mock_8bda9787_G9B_050,MOCK-8BDA-G9B-050,"Ann Gitau Owino","Grade 9 B",Female,"UTAWALA HIGH SCHOOL",8bda9787-7173-4603-8003-cc9311c65abe
mock_8bda9787_G9B_051,MOCK-8BDA-G9B-051,"Sylvia Karanja Njoroge","Grade 9 B",Female,"UTAWALA HIGH SCHOOL",8bda9787-7173-4603-8003-cc9311c65abe
mock_8bda9787_G9B_052,MOCK-8BDA-G9B-052,"Diana Odhiambo Nyambura","Grade 9 B",Female,"UTAWALA HIGH SCHOOL",8bda9787-7173-4603-8003-cc9311c65abe
mock_8bda9787_G9B_053,MOCK-8BDA-G9B-053,"Ian Omondi Wanjiru","Grade 9 B",Male,"UTAWALA HIGH SCHOOL",8bda9787-7173-4603-8003-cc9311c65abe
mock_8bda9787_G9B_054,MOCK-8BDA-G9B-054,"Mitchelle Atieno Wafula","Grade 9 B",Female,"UTAWALA HIGH SCHOOL",8bda9787-7173-4603-8003-cc9311c65abe
mock_8bda9787_G9B_055,MOCK-8BDA-G9B-055,"Grace Korir Maina","Grade 9 B",Female,"UTAWALA HIGH SCHOOL",8bda9787-7173-4603-8003-cc9311c65abe
mock_8bda9787_G9B_056,MOCK-8BDA-G9B-056,"Mary Owino Wambui","Grade 9 B",Female,"UTAWALA HIGH SCHOOL",8bda9787-7173-4603-8003-cc9311c65abe
mock_8bda9787_G9B_057,MOCK-8BDA-G9B-057,"Cynthia Kipchoge Kariuki","Grade 9 B",Female,"UTAWALA HIGH SCHOOL",8bda9787-7173-4603-8003-cc9311c65abe
mock_8bda9787_G9B_058,MOCK-8BDA-G9B-058,"Peter Njeri Simiyu","Grade 9 B",Male,"UTAWALA HIGH SCHOOL",8bda9787-7173-4603-8003-cc9311c65abe
mock_8bda9787_G9B_059,MOCK-8BDA-G9B-059,"Stephen Wafula Maina","Grade 9 B",Male,"UTAWALA HIGH SCHOOL",8bda9787-7173-4603-8003-cc9311c65abe
mock_8bda9787_G9B_060,MOCK-8BDA-G9B-060,"Purity Owino Wambui","Grade 9 B",Female,"UTAWALA HIGH SCHOOL",8bda9787-7173-4603-8003-cc9311c65abe
mock_8bda9787_G10A_001,MOCK-8BDA-G10A-001,"Michael Achieng Wafula","Grade 10 A",Male,"UTAWALA HIGH SCHOOL",8bda9787-7173-4603-8003-cc9311c65abe
mock_8bda9787_G10A_002,MOCK-8BDA-G10A-002,"Sharon Kibet Juma","Grade 10 A",Female,"UTAWALA HIGH SCHOOL",8bda9787-7173-4603-8003-cc9311c65abe
mock_8bda9787_G10A_003,MOCK-8BDA-G10A-003,"Martin Wambui Nyambura","Grade 10 A",Male,"UTAWALA HIGH SCHOOL",8bda9787-7173-4603-8003-cc9311c65abe
mock_8bda9787_G10A_004,MOCK-8BDA-G10A-004,"Joy Chebet Atieno","Grade 10 A",Female,"UTAWALA HIGH SCHOOL",8bda9787-7173-4603-8003-cc9311c65abe
mock_8bda9787_G10A_005,MOCK-8BDA-G10A-005,"Lucy Akinyi Simiyu","Grade 10 A",Female,"UTAWALA HIGH SCHOOL",8bda9787-7173-4603-8003-cc9311c65abe
mock_8bda9787_G10A_006,MOCK-8BDA-G10A-006,"Maureen Nyokabi Akinyi","Grade 10 A",Female,"UTAWALA HIGH SCHOOL",8bda9787-7173-4603-8003-cc9311c65abe
mock_8bda9787_G10A_007,MOCK-8BDA-G10A-007,"Collins Nyokabi Simiyu","Grade 10 A",Male,"UTAWALA HIGH SCHOOL",8bda9787-7173-4603-8003-cc9311c65abe
mock_8bda9787_G10A_008,MOCK-8BDA-G10A-008,"Brayan Juma Auma","Grade 10 A",Male,"UTAWALA HIGH SCHOOL",8bda9787-7173-4603-8003-cc9311c65abe
mock_8bda9787_G10A_009,MOCK-8BDA-G10A-009,"Nancy Otieno Juma","Grade 10 A",Female,"UTAWALA HIGH SCHOOL",8bda9787-7173-4603-8003-cc9311c65abe
mock_8bda9787_G10A_010,MOCK-8BDA-G10A-010,"Joseph Owino Otieno","Grade 10 A",Male,"UTAWALA HIGH SCHOOL",8bda9787-7173-4603-8003-cc9311c65abe
mock_8bda9787_G10A_011,MOCK-8BDA-G10A-011,"George Mutiso Kamau","Grade 10 A",Male,"UTAWALA HIGH SCHOOL",8bda9787-7173-4603-8003-cc9311c65abe
mock_8bda9787_G10A_012,MOCK-8BDA-G10A-012,"Mary Mwangi Chepkemoi","Grade 10 A",Female,"UTAWALA HIGH SCHOOL",8bda9787-7173-4603-8003-cc9311c65abe
mock_8bda9787_G10A_013,MOCK-8BDA-G10A-013,"Patrick Kiplagat Njoroge","Grade 10 A",Male,"UTAWALA HIGH SCHOOL",8bda9787-7173-4603-8003-cc9311c65abe
mock_8bda9787_G10A_014,MOCK-8BDA-G10A-014,"Caroline Atieno Atieno","Grade 10 A",Female,"UTAWALA HIGH SCHOOL",8bda9787-7173-4603-8003-cc9311c65abe
mock_8bda9787_G10A_015,MOCK-8BDA-G10A-015,"Maureen Kamau Adhiambo","Grade 10 A",Female,"UTAWALA HIGH SCHOOL",8bda9787-7173-4603-8003-cc9311c65abe
mock_8bda9787_G10A_016,MOCK-8BDA-G10A-016,"Pauline Odhiambo Achieng","Grade 10 A",Female,"UTAWALA HIGH SCHOOL",8bda9787-7173-4603-8003-cc9311c65abe
mock_8bda9787_G10A_017,MOCK-8BDA-G10A-017,"Ian Chebet Wambui","Grade 10 A",Male,"UTAWALA HIGH SCHOOL",8bda9787-7173-4603-8003-cc9311c65abe
mock_8bda9787_G10A_018,MOCK-8BDA-G10A-018,"Diana Odhiambo Cheruiyot","Grade 10 A",Female,"UTAWALA HIGH SCHOOL",8bda9787-7173-4603-8003-cc9311c65abe
mock_8bda9787_G10A_019,MOCK-8BDA-G10A-019,"Vincent Wambui Korir","Grade 10 A",Male,"UTAWALA HIGH SCHOOL",8bda9787-7173-4603-8003-cc9311c65abe
mock_8bda9787_G10A_020,MOCK-8BDA-G10A-020,"Brian Nyambura Juma","Grade 10 A",Male,"UTAWALA HIGH SCHOOL",8bda9787-7173-4603-8003-cc9311c65abe
mock_8bda9787_G10A_021,MOCK-8BDA-G10A-021,"Cynthia Mutiso Auma","Grade 10 A",Female,"UTAWALA HIGH SCHOOL",8bda9787-7173-4603-8003-cc9311c65abe
mock_8bda9787_G10A_022,MOCK-8BDA-G10A-022,"Winnie Wafula Kiplagat","Grade 10 A",Female,"UTAWALA HIGH SCHOOL",8bda9787-7173-4603-8003-cc9311c65abe
mock_8bda9787_G10A_023,MOCK-8BDA-G10A-023,"Kevin Wanjiru Wafula","Grade 10 A",Male,"UTAWALA HIGH SCHOOL",8bda9787-7173-4603-8003-cc9311c65abe
mock_8bda9787_G10A_024,MOCK-8BDA-G10A-024,"Lucy Wanjiru Nyambura","Grade 10 A",Female,"UTAWALA HIGH SCHOOL",8bda9787-7173-4603-8003-cc9311c65abe
mock_8bda9787_G10A_025,MOCK-8BDA-G10A-025,"Sharon Wafula Korir","Grade 10 A",Female,"UTAWALA HIGH SCHOOL",8bda9787-7173-4603-8003-cc9311c65abe
mock_8bda9787_G10A_026,MOCK-8BDA-G10A-026,"Winnie Nyambura Kiplagat","Grade 10 A",Female,"UTAWALA HIGH SCHOOL",8bda9787-7173-4603-8003-cc9311c65abe
mock_8bda9787_G10A_027,MOCK-8BDA-G10A-027,"Eunice Maina Njeri","Grade 10 A",Female,"UTAWALA HIGH SCHOOL",8bda9787-7173-4603-8003-cc9311c65abe
mock_8bda9787_G10A_028,MOCK-8BDA-G10A-028,"Eunice Chebet Chepkemoi","Grade 10 A",Female,"UTAWALA HIGH SCHOOL",8bda9787-7173-4603-8003-cc9311c65abe
mock_8bda9787_G10A_029,MOCK-8BDA-G10A-029,"Kevin Wairimu Barasa","Grade 10 A",Male,"UTAWALA HIGH SCHOOL",8bda9787-7173-4603-8003-cc9311c65abe
mock_8bda9787_G10A_030,MOCK-8BDA-G10A-030,"Kevin Mwangi Atieno","Grade 10 A",Male,"UTAWALA HIGH SCHOOL",8bda9787-7173-4603-8003-cc9311c65abe
mock_8bda9787_G10A_031,MOCK-8BDA-G10A-031,"Mary Omondi Atieno","Grade 10 A",Female,"UTAWALA HIGH SCHOOL",8bda9787-7173-4603-8003-cc9311c65abe
mock_8bda9787_G10A_032,MOCK-8BDA-G10A-032,"Lucy Chepkemoi Owino","Grade 10 A",Female,"UTAWALA HIGH SCHOOL",8bda9787-7173-4603-8003-cc9311c65abe
mock_8bda9787_G10A_033,MOCK-8BDA-G10A-033,"Christine Atieno Akinyi","Grade 10 A",Female,"UTAWALA HIGH SCHOOL",8bda9787-7173-4603-8003-cc9311c65abe
mock_8bda9787_G10A_034,MOCK-8BDA-G10A-034,"Faith Wafula Wairimu","Grade 10 A",Female,"UTAWALA HIGH SCHOOL",8bda9787-7173-4603-8003-cc9311c65abe
mock_8bda9787_G10A_035,MOCK-8BDA-G10A-035,"Brenda Rotich Njeri","Grade 10 A",Female,"UTAWALA HIGH SCHOOL",8bda9787-7173-4603-8003-cc9311c65abe
mock_8bda9787_G10A_036,MOCK-8BDA-G10A-036,"Ann Onyango Ochieng","Grade 10 A",Female,"UTAWALA HIGH SCHOOL",8bda9787-7173-4603-8003-cc9311c65abe
mock_8bda9787_G10A_037,MOCK-8BDA-G10A-037,"Faith Kipchoge Cheruiyot","Grade 10 A",Female,"UTAWALA HIGH SCHOOL",8bda9787-7173-4603-8003-cc9311c65abe
mock_8bda9787_G10A_038,MOCK-8BDA-G10A-038,"Ian Kibet Omondi","Grade 10 A",Male,"UTAWALA HIGH SCHOOL",8bda9787-7173-4603-8003-cc9311c65abe
mock_8bda9787_G10A_039,MOCK-8BDA-G10A-039,"Sylvia Wafula Wafula","Grade 10 A",Female,"UTAWALA HIGH SCHOOL",8bda9787-7173-4603-8003-cc9311c65abe
mock_8bda9787_G10A_040,MOCK-8BDA-G10A-040,"Mitchelle Karanja Adhiambo","Grade 10 A",Female,"UTAWALA HIGH SCHOOL",8bda9787-7173-4603-8003-cc9311c65abe
mock_8bda9787_G10A_041,MOCK-8BDA-G10A-041,"Linet Mutiso Karanja","Grade 10 A",Female,"UTAWALA HIGH SCHOOL",8bda9787-7173-4603-8003-cc9311c65abe
mock_8bda9787_G10A_042,MOCK-8BDA-G10A-042,"Mercy Nyambura Nyokabi","Grade 10 A",Female,"UTAWALA HIGH SCHOOL",8bda9787-7173-4603-8003-cc9311c65abe
mock_8bda9787_G10A_043,MOCK-8BDA-G10A-043,"Cynthia Onyango Omondi","Grade 10 A",Female,"UTAWALA HIGH SCHOOL",8bda9787-7173-4603-8003-cc9311c65abe
mock_8bda9787_G10A_044,MOCK-8BDA-G10A-044,"Daniel Cheruiyot Karanja","Grade 10 A",Male,"UTAWALA HIGH SCHOOL",8bda9787-7173-4603-8003-cc9311c65abe
mock_8bda9787_G10A_045,MOCK-8BDA-G10A-045,"Duncan Nyambura Barasa","Grade 10 A",Male,"UTAWALA HIGH SCHOOL",8bda9787-7173-4603-8003-cc9311c65abe
mock_8bda9787_G10A_046,MOCK-8BDA-G10A-046,"Brayan Odhiambo Barasa","Grade 10 A",Male,"UTAWALA HIGH SCHOOL",8bda9787-7173-4603-8003-cc9311c65abe
mock_8bda9787_G10A_047,MOCK-8BDA-G10A-047,"Felix Rotich Gitau","Grade 10 A",Male,"UTAWALA HIGH SCHOOL",8bda9787-7173-4603-8003-cc9311c65abe
mock_8bda9787_G10A_048,MOCK-8BDA-G10A-048,"Joy Omondi Juma","Grade 10 A",Female,"UTAWALA HIGH SCHOOL",8bda9787-7173-4603-8003-cc9311c65abe
mock_8bda9787_G10A_049,MOCK-8BDA-G10A-049,"Mercy Wambui Ochieng","Grade 10 A",Female,"UTAWALA HIGH SCHOOL",8bda9787-7173-4603-8003-cc9311c65abe
mock_8bda9787_G10A_050,MOCK-8BDA-G10A-050,"Mary Kamau Mutua","Grade 10 A",Female,"UTAWALA HIGH SCHOOL",8bda9787-7173-4603-8003-cc9311c65abe
mock_8bda9787_G10A_051,MOCK-8BDA-G10A-051,"Ian Mwangi Gitau","Grade 10 A",Male,"UTAWALA HIGH SCHOOL",8bda9787-7173-4603-8003-cc9311c65abe
mock_8bda9787_G10A_052,MOCK-8BDA-G10A-052,"Esther Omondi Barasa","Grade 10 A",Female,"UTAWALA HIGH SCHOOL",8bda9787-7173-4603-8003-cc9311c65abe
mock_8bda9787_G10A_053,MOCK-8BDA-G10A-053,"Eunice Korir Maina","Grade 10 A",Female,"UTAWALA HIGH SCHOOL",8bda9787-7173-4603-8003-cc9311c65abe
mock_8bda9787_G10A_054,MOCK-8BDA-G10A-054,"Allan Nyokabi Atieno","Grade 10 A",Male,"UTAWALA HIGH SCHOOL",8bda9787-7173-4603-8003-cc9311c65abe
mock_8bda9787_G10A_055,MOCK-8BDA-G10A-055,"Stella Rotich Mbugua","Grade 10 A",Female,"UTAWALA HIGH SCHOOL",8bda9787-7173-4603-8003-cc9311c65abe
mock_8bda9787_G10A_056,MOCK-8BDA-G10A-056,"Ian Barasa Owino","Grade 10 A",Male,"UTAWALA HIGH SCHOOL",8bda9787-7173-4603-8003-cc9311c65abe
mock_8bda9787_G10A_057,MOCK-8BDA-G10A-057,"Nancy Njeri Onyango","Grade 10 A",Female,"UTAWALA HIGH SCHOOL",8bda9787-7173-4603-8003-cc9311c65abe
mock_8bda9787_G10A_058,MOCK-8BDA-G10A-058,"Christine Omondi Adhiambo","Grade 10 A",Female,"UTAWALA HIGH SCHOOL",8bda9787-7173-4603-8003-cc9311c65abe
mock_8bda9787_G10A_059,MOCK-8BDA-G10A-059,"Faith Wairimu Mutua","Grade 10 A",Female,"UTAWALA HIGH SCHOOL",8bda9787-7173-4603-8003-cc9311c65abe
mock_8bda9787_G10A_060,MOCK-8BDA-G10A-060,"Samuel Wanjiru Gitau","Grade 10 A",Male,"UTAWALA HIGH SCHOOL",8bda9787-7173-4603-8003-cc9311c65abe
mock_8bda9787_G10B_001,MOCK-8BDA-G10B-001,"Esther Odhiambo Otieno","Grade 10 B",Female,"UTAWALA HIGH SCHOOL",8bda9787-7173-4603-8003-cc9311c65abe
mock_8bda9787_G10B_002,MOCK-8BDA-G10B-002,"Charles Maina Ochieng","Grade 10 B",Male,"UTAWALA HIGH SCHOOL",8bda9787-7173-4603-8003-cc9311c65abe
mock_8bda9787_G10B_003,MOCK-8BDA-G10B-003,"Sylvia Wairimu Njoroge","Grade 10 B",Female,"UTAWALA HIGH SCHOOL",8bda9787-7173-4603-8003-cc9311c65abe
mock_8bda9787_G10B_004,MOCK-8BDA-G10B-004,"Stella Ochieng Kipchoge","Grade 10 B",Female,"UTAWALA HIGH SCHOOL",8bda9787-7173-4603-8003-cc9311c65abe
mock_8bda9787_G10B_005,MOCK-8BDA-G10B-005,"Winnie Nyambura Wairimu","Grade 10 B",Female,"UTAWALA HIGH SCHOOL",8bda9787-7173-4603-8003-cc9311c65abe
mock_8bda9787_G10B_006,MOCK-8BDA-G10B-006,"Grace Otieno Simiyu","Grade 10 B",Female,"UTAWALA HIGH SCHOOL",8bda9787-7173-4603-8003-cc9311c65abe
mock_8bda9787_G10B_007,MOCK-8BDA-G10B-007,"Cynthia Cheruiyot Nyambura","Grade 10 B",Female,"UTAWALA HIGH SCHOOL",8bda9787-7173-4603-8003-cc9311c65abe
mock_8bda9787_G10B_008,MOCK-8BDA-G10B-008,"Fredrick Kibet Odhiambo","Grade 10 B",Male,"UTAWALA HIGH SCHOOL",8bda9787-7173-4603-8003-cc9311c65abe
mock_8bda9787_G10B_009,MOCK-8BDA-G10B-009,"Nancy Nyambura Barasa","Grade 10 B",Female,"UTAWALA HIGH SCHOOL",8bda9787-7173-4603-8003-cc9311c65abe
mock_8bda9787_G10B_010,MOCK-8BDA-G10B-010,"Grace Rotich Njoroge","Grade 10 B",Female,"UTAWALA HIGH SCHOOL",8bda9787-7173-4603-8003-cc9311c65abe
mock_8bda9787_G10B_011,MOCK-8BDA-G10B-011,"Collins Rotich Korir","Grade 10 B",Male,"UTAWALA HIGH SCHOOL",8bda9787-7173-4603-8003-cc9311c65abe
mock_8bda9787_G10B_012,MOCK-8BDA-G10B-012,"Stella Odhiambo Kamau","Grade 10 B",Female,"UTAWALA HIGH SCHOOL",8bda9787-7173-4603-8003-cc9311c65abe
mock_8bda9787_G10B_013,MOCK-8BDA-G10B-013,"Charles Rotich Karanja","Grade 10 B",Male,"UTAWALA HIGH SCHOOL",8bda9787-7173-4603-8003-cc9311c65abe
mock_8bda9787_G10B_014,MOCK-8BDA-G10B-014,"Emmanuel Rotich Mwangi","Grade 10 B",Male,"UTAWALA HIGH SCHOOL",8bda9787-7173-4603-8003-cc9311c65abe
mock_8bda9787_G10B_015,MOCK-8BDA-G10B-015,"Mitchelle Kipchoge Gitau","Grade 10 B",Female,"UTAWALA HIGH SCHOOL",8bda9787-7173-4603-8003-cc9311c65abe
mock_8bda9787_G10B_016,MOCK-8BDA-G10B-016,"Joy Achieng Atieno","Grade 10 B",Female,"UTAWALA HIGH SCHOOL",8bda9787-7173-4603-8003-cc9311c65abe
mock_8bda9787_G10B_017,MOCK-8BDA-G10B-017,"Daniel Mbugua Adhiambo","Grade 10 B",Male,"UTAWALA HIGH SCHOOL",8bda9787-7173-4603-8003-cc9311c65abe
mock_8bda9787_G10B_018,MOCK-8BDA-G10B-018,"Maureen Nyokabi Mutua","Grade 10 B",Female,"UTAWALA HIGH SCHOOL",8bda9787-7173-4603-8003-cc9311c65abe
mock_8bda9787_G10B_019,MOCK-8BDA-G10B-019,"Purity Mwangi Achieng","Grade 10 B",Female,"UTAWALA HIGH SCHOOL",8bda9787-7173-4603-8003-cc9311c65abe
mock_8bda9787_G10B_020,MOCK-8BDA-G10B-020,"Elvis Nyambura Onyango","Grade 10 B",Male,"UTAWALA HIGH SCHOOL",8bda9787-7173-4603-8003-cc9311c65abe
mock_8bda9787_G10B_021,MOCK-8BDA-G10B-021,"Lydia Cheruiyot Achieng","Grade 10 B",Female,"UTAWALA HIGH SCHOOL",8bda9787-7173-4603-8003-cc9311c65abe
mock_8bda9787_G10B_022,MOCK-8BDA-G10B-022,"Nicholas Rotich Mbugua","Grade 10 B",Male,"UTAWALA HIGH SCHOOL",8bda9787-7173-4603-8003-cc9311c65abe
mock_8bda9787_G10B_023,MOCK-8BDA-G10B-023,"Janet Were Auma","Grade 10 B",Female,"UTAWALA HIGH SCHOOL",8bda9787-7173-4603-8003-cc9311c65abe
mock_8bda9787_G10B_024,MOCK-8BDA-G10B-024,"Charles Wafula Otieno","Grade 10 B",Male,"UTAWALA HIGH SCHOOL",8bda9787-7173-4603-8003-cc9311c65abe
mock_8bda9787_G10B_025,MOCK-8BDA-G10B-025,"Beatrice Cheruiyot Atieno","Grade 10 B",Female,"UTAWALA HIGH SCHOOL",8bda9787-7173-4603-8003-cc9311c65abe
mock_8bda9787_G10B_026,MOCK-8BDA-G10B-026,"Michael Karanja Were","Grade 10 B",Male,"UTAWALA HIGH SCHOOL",8bda9787-7173-4603-8003-cc9311c65abe
mock_8bda9787_G10B_027,MOCK-8BDA-G10B-027,"Martin Kiplagat Chepkemoi","Grade 10 B",Male,"UTAWALA HIGH SCHOOL",8bda9787-7173-4603-8003-cc9311c65abe
mock_8bda9787_G10B_028,MOCK-8BDA-G10B-028,"George Nyambura Kibet","Grade 10 B",Male,"UTAWALA HIGH SCHOOL",8bda9787-7173-4603-8003-cc9311c65abe
mock_8bda9787_G10B_029,MOCK-8BDA-G10B-029,"Rose Chebet Njoroge","Grade 10 B",Female,"UTAWALA HIGH SCHOOL",8bda9787-7173-4603-8003-cc9311c65abe
mock_8bda9787_G10B_030,MOCK-8BDA-G10B-030,"Grace Were Nyokabi","Grade 10 B",Female,"UTAWALA HIGH SCHOOL",8bda9787-7173-4603-8003-cc9311c65abe
mock_8bda9787_G10B_031,MOCK-8BDA-G10B-031,"Mitchelle Omondi Onyango","Grade 10 B",Female,"UTAWALA HIGH SCHOOL",8bda9787-7173-4603-8003-cc9311c65abe
mock_8bda9787_G10B_032,MOCK-8BDA-G10B-032,"Stephen Owino Wanjiru","Grade 10 B",Male,"UTAWALA HIGH SCHOOL",8bda9787-7173-4603-8003-cc9311c65abe
mock_8bda9787_G10B_033,MOCK-8BDA-G10B-033,"Dennis Odhiambo Adhiambo","Grade 10 B",Male,"UTAWALA HIGH SCHOOL",8bda9787-7173-4603-8003-cc9311c65abe
mock_8bda9787_G10B_034,MOCK-8BDA-G10B-034,"Linet Mwangi Wanjiru","Grade 10 B",Female,"UTAWALA HIGH SCHOOL",8bda9787-7173-4603-8003-cc9311c65abe
mock_8bda9787_G10B_035,MOCK-8BDA-G10B-035,"Charles Kipchoge Rotich","Grade 10 B",Male,"UTAWALA HIGH SCHOOL",8bda9787-7173-4603-8003-cc9311c65abe
mock_8bda9787_G10B_036,MOCK-8BDA-G10B-036,"Brian Otieno Mutiso","Grade 10 B",Male,"UTAWALA HIGH SCHOOL",8bda9787-7173-4603-8003-cc9311c65abe
mock_8bda9787_G10B_037,MOCK-8BDA-G10B-037,"Sylvia Adhiambo Gitau","Grade 10 B",Female,"UTAWALA HIGH SCHOOL",8bda9787-7173-4603-8003-cc9311c65abe
mock_8bda9787_G10B_038,MOCK-8BDA-G10B-038,"Pauline Wairimu Wairimu","Grade 10 B",Female,"UTAWALA HIGH SCHOOL",8bda9787-7173-4603-8003-cc9311c65abe
mock_8bda9787_G10B_039,MOCK-8BDA-G10B-039,"Duncan Simiyu Auma","Grade 10 B",Male,"UTAWALA HIGH SCHOOL",8bda9787-7173-4603-8003-cc9311c65abe
mock_8bda9787_G10B_040,MOCK-8BDA-G10B-040,"Brayan Ochieng Barasa","Grade 10 B",Male,"UTAWALA HIGH SCHOOL",8bda9787-7173-4603-8003-cc9311c65abe
mock_8bda9787_G10B_041,MOCK-8BDA-G10B-041,"Duncan Mutiso Gitau","Grade 10 B",Male,"UTAWALA HIGH SCHOOL",8bda9787-7173-4603-8003-cc9311c65abe
mock_8bda9787_G10B_042,MOCK-8BDA-G10B-042,"Allan Ochieng Mwangi","Grade 10 B",Male,"UTAWALA HIGH SCHOOL",8bda9787-7173-4603-8003-cc9311c65abe
mock_8bda9787_G10B_043,MOCK-8BDA-G10B-043,"Vincent Omondi Ochieng","Grade 10 B",Male,"UTAWALA HIGH SCHOOL",8bda9787-7173-4603-8003-cc9311c65abe
mock_8bda9787_G10B_044,MOCK-8BDA-G10B-044,"Charles Atieno Mwangi","Grade 10 B",Male,"UTAWALA HIGH SCHOOL",8bda9787-7173-4603-8003-cc9311c65abe
mock_8bda9787_G10B_045,MOCK-8BDA-G10B-045,"Mitchelle Mutiso Mwangi","Grade 10 B",Female,"UTAWALA HIGH SCHOOL",8bda9787-7173-4603-8003-cc9311c65abe
mock_8bda9787_G10B_046,MOCK-8BDA-G10B-046,"Christine Korir Owino","Grade 10 B",Female,"UTAWALA HIGH SCHOOL",8bda9787-7173-4603-8003-cc9311c65abe
mock_8bda9787_G10B_047,MOCK-8BDA-G10B-047,"Charles Nyokabi Nyokabi","Grade 10 B",Male,"UTAWALA HIGH SCHOOL",8bda9787-7173-4603-8003-cc9311c65abe
mock_8bda9787_G10B_048,MOCK-8BDA-G10B-048,"Joy Otieno Chepkemoi","Grade 10 B",Female,"UTAWALA HIGH SCHOOL",8bda9787-7173-4603-8003-cc9311c65abe
mock_8bda9787_G10B_049,MOCK-8BDA-G10B-049,"Purity Gitau Mutua","Grade 10 B",Female,"UTAWALA HIGH SCHOOL",8bda9787-7173-4603-8003-cc9311c65abe
mock_8bda9787_G10B_050,MOCK-8BDA-G10B-050,"Maureen Simiyu Kibet","Grade 10 B",Female,"UTAWALA HIGH SCHOOL",8bda9787-7173-4603-8003-cc9311c65abe
mock_8bda9787_G10B_051,MOCK-8BDA-G10B-051,"Victor Akinyi Simiyu","Grade 10 B",Male,"UTAWALA HIGH SCHOOL",8bda9787-7173-4603-8003-cc9311c65abe
mock_8bda9787_G10B_052,MOCK-8BDA-G10B-052,"Lydia Ochieng Mbugua","Grade 10 B",Female,"UTAWALA HIGH SCHOOL",8bda9787-7173-4603-8003-cc9311c65abe
mock_8bda9787_G10B_053,MOCK-8BDA-G10B-053,"Gideon Kipchoge Ochieng","Grade 10 B",Male,"UTAWALA HIGH SCHOOL",8bda9787-7173-4603-8003-cc9311c65abe
mock_8bda9787_G10B_054,MOCK-8BDA-G10B-054,"Doreen Odhiambo Adhiambo","Grade 10 B",Female,"UTAWALA HIGH SCHOOL",8bda9787-7173-4603-8003-cc9311c65abe
mock_8bda9787_G10B_055,MOCK-8BDA-G10B-055,"Mary Kibet Simiyu","Grade 10 B",Female,"UTAWALA HIGH SCHOOL",8bda9787-7173-4603-8003-cc9311c65abe
mock_8bda9787_G10B_056,MOCK-8BDA-G10B-056,"Kelvin Kibet Barasa","Grade 10 B",Male,"UTAWALA HIGH SCHOOL",8bda9787-7173-4603-8003-cc9311c65abe
mock_8bda9787_G10B_057,MOCK-8BDA-G10B-057,"Collins Akinyi Maina","Grade 10 B",Male,"UTAWALA HIGH SCHOOL",8bda9787-7173-4603-8003-cc9311c65abe
mock_8bda9787_G10B_058,MOCK-8BDA-G10B-058,"Sharon Auma Chepkemoi","Grade 10 B",Female,"UTAWALA HIGH SCHOOL",8bda9787-7173-4603-8003-cc9311c65abe
mock_8bda9787_G10B_059,MOCK-8BDA-G10B-059,"Vincent Mwangi Were","Grade 10 B",Male,"UTAWALA HIGH SCHOOL",8bda9787-7173-4603-8003-cc9311c65abe
mock_8bda9787_G10B_060,MOCK-8BDA-G10B-060,"Ann Wairimu Were","Grade 10 B",Female,"UTAWALA HIGH SCHOOL",8bda9787-7173-4603-8003-cc9311c65abe
mock_8bda9787_G11A_001,MOCK-8BDA-G11A-001,"Peter Mutiso Kiplagat","Grade 11 A",Male,"UTAWALA HIGH SCHOOL",8bda9787-7173-4603-8003-cc9311c65abe
mock_8bda9787_G11A_002,MOCK-8BDA-G11A-002,"Grace Korir Nyambura","Grade 11 A",Female,"UTAWALA HIGH SCHOOL",8bda9787-7173-4603-8003-cc9311c65abe
mock_8bda9787_G11A_003,MOCK-8BDA-G11A-003,"Charles Nyambura Mwangi","Grade 11 A",Male,"UTAWALA HIGH SCHOOL",8bda9787-7173-4603-8003-cc9311c65abe
mock_8bda9787_G11A_004,MOCK-8BDA-G11A-004,"Caroline Kiplagat Mwangi","Grade 11 A",Female,"UTAWALA HIGH SCHOOL",8bda9787-7173-4603-8003-cc9311c65abe
mock_8bda9787_G11A_005,MOCK-8BDA-G11A-005,"Grace Mutua Karanja","Grade 11 A",Female,"UTAWALA HIGH SCHOOL",8bda9787-7173-4603-8003-cc9311c65abe
mock_8bda9787_G11A_006,MOCK-8BDA-G11A-006,"Sharon Barasa Mbugua","Grade 11 A",Female,"UTAWALA HIGH SCHOOL",8bda9787-7173-4603-8003-cc9311c65abe
mock_8bda9787_G11A_007,MOCK-8BDA-G11A-007,"Martin Kariuki Cheruiyot","Grade 11 A",Male,"UTAWALA HIGH SCHOOL",8bda9787-7173-4603-8003-cc9311c65abe
mock_8bda9787_G11A_008,MOCK-8BDA-G11A-008,"Maureen Kibet Korir","Grade 11 A",Female,"UTAWALA HIGH SCHOOL",8bda9787-7173-4603-8003-cc9311c65abe
mock_8bda9787_G11A_009,MOCK-8BDA-G11A-009,"Peter Juma Nyambura","Grade 11 A",Male,"UTAWALA HIGH SCHOOL",8bda9787-7173-4603-8003-cc9311c65abe
mock_8bda9787_G11A_010,MOCK-8BDA-G11A-010,"Kelvin Wanjiru Onyango","Grade 11 A",Male,"UTAWALA HIGH SCHOOL",8bda9787-7173-4603-8003-cc9311c65abe
mock_8bda9787_G11A_011,MOCK-8BDA-G11A-011,"George Kipchoge Njeri","Grade 11 A",Male,"UTAWALA HIGH SCHOOL",8bda9787-7173-4603-8003-cc9311c65abe
mock_8bda9787_G11A_012,MOCK-8BDA-G11A-012,"Linet Karanja Omondi","Grade 11 A",Female,"UTAWALA HIGH SCHOOL",8bda9787-7173-4603-8003-cc9311c65abe
mock_8bda9787_G11A_013,MOCK-8BDA-G11A-013,"Michael Onyango Mutiso","Grade 11 A",Male,"UTAWALA HIGH SCHOOL",8bda9787-7173-4603-8003-cc9311c65abe
mock_8bda9787_G11A_014,MOCK-8BDA-G11A-014,"Diana Njoroge Kamau","Grade 11 A",Female,"UTAWALA HIGH SCHOOL",8bda9787-7173-4603-8003-cc9311c65abe
mock_8bda9787_G11A_015,MOCK-8BDA-G11A-015,"Peter Otieno Atieno","Grade 11 A",Male,"UTAWALA HIGH SCHOOL",8bda9787-7173-4603-8003-cc9311c65abe
mock_8bda9787_G11A_016,MOCK-8BDA-G11A-016,"Mitchelle Barasa Chebet","Grade 11 A",Female,"UTAWALA HIGH SCHOOL",8bda9787-7173-4603-8003-cc9311c65abe
mock_8bda9787_G11A_017,MOCK-8BDA-G11A-017,"Duncan Nyambura Owino","Grade 11 A",Male,"UTAWALA HIGH SCHOOL",8bda9787-7173-4603-8003-cc9311c65abe
mock_8bda9787_G11A_018,MOCK-8BDA-G11A-018,"Collins Mwangi Nyokabi","Grade 11 A",Male,"UTAWALA HIGH SCHOOL",8bda9787-7173-4603-8003-cc9311c65abe
mock_8bda9787_G11A_019,MOCK-8BDA-G11A-019,"Felix Omondi Barasa","Grade 11 A",Male,"UTAWALA HIGH SCHOOL",8bda9787-7173-4603-8003-cc9311c65abe
mock_8bda9787_G11A_020,MOCK-8BDA-G11A-020,"Diana Nyambura Barasa","Grade 11 A",Female,"UTAWALA HIGH SCHOOL",8bda9787-7173-4603-8003-cc9311c65abe
mock_8bda9787_G11A_021,MOCK-8BDA-G11A-021,"Emmanuel Cheruiyot Chepkemoi","Grade 11 A",Male,"UTAWALA HIGH SCHOOL",8bda9787-7173-4603-8003-cc9311c65abe
mock_8bda9787_G11A_022,MOCK-8BDA-G11A-022,"Kevin Mbugua Maina","Grade 11 A",Male,"UTAWALA HIGH SCHOOL",8bda9787-7173-4603-8003-cc9311c65abe
mock_8bda9787_G11A_023,MOCK-8BDA-G11A-023,"Elvis Onyango Atieno","Grade 11 A",Male,"UTAWALA HIGH SCHOOL",8bda9787-7173-4603-8003-cc9311c65abe
mock_8bda9787_G11A_024,MOCK-8BDA-G11A-024,"George Ochieng Chepkemoi","Grade 11 A",Male,"UTAWALA HIGH SCHOOL",8bda9787-7173-4603-8003-cc9311c65abe
mock_8bda9787_G11A_025,MOCK-8BDA-G11A-025,"Felix Mwangi Were","Grade 11 A",Male,"UTAWALA HIGH SCHOOL",8bda9787-7173-4603-8003-cc9311c65abe
mock_8bda9787_G11A_026,MOCK-8BDA-G11A-026,"Faith Adhiambo Omondi","Grade 11 A",Female,"UTAWALA HIGH SCHOOL",8bda9787-7173-4603-8003-cc9311c65abe
mock_8bda9787_G11A_027,MOCK-8BDA-G11A-027,"Michael Karanja Kariuki","Grade 11 A",Male,"UTAWALA HIGH SCHOOL",8bda9787-7173-4603-8003-cc9311c65abe
mock_8bda9787_G11A_028,MOCK-8BDA-G11A-028,"George Mutua Adhiambo","Grade 11 A",Male,"UTAWALA HIGH SCHOOL",8bda9787-7173-4603-8003-cc9311c65abe
mock_8bda9787_G11A_029,MOCK-8BDA-G11A-029,"Eunice Ochieng Nyambura","Grade 11 A",Female,"UTAWALA HIGH SCHOOL",8bda9787-7173-4603-8003-cc9311c65abe
mock_8bda9787_G11A_030,MOCK-8BDA-G11A-030,"Brenda Onyango Mutiso","Grade 11 A",Female,"UTAWALA HIGH SCHOOL",8bda9787-7173-4603-8003-cc9311c65abe
mock_8bda9787_G11A_031,MOCK-8BDA-G11A-031,"Nancy Karanja Were","Grade 11 A",Female,"UTAWALA HIGH SCHOOL",8bda9787-7173-4603-8003-cc9311c65abe
mock_8bda9787_G11A_032,MOCK-8BDA-G11A-032,"Fredrick Karanja Simiyu","Grade 11 A",Male,"UTAWALA HIGH SCHOOL",8bda9787-7173-4603-8003-cc9311c65abe
mock_8bda9787_G11A_033,MOCK-8BDA-G11A-033,"Janet Gitau Chepkemoi","Grade 11 A",Female,"UTAWALA HIGH SCHOOL",8bda9787-7173-4603-8003-cc9311c65abe
mock_8bda9787_G11A_034,MOCK-8BDA-G11A-034,"Peter Njeri Maina","Grade 11 A",Male,"UTAWALA HIGH SCHOOL",8bda9787-7173-4603-8003-cc9311c65abe
mock_8bda9787_G11A_035,MOCK-8BDA-G11A-035,"Charles Chepkemoi Omondi","Grade 11 A",Male,"UTAWALA HIGH SCHOOL",8bda9787-7173-4603-8003-cc9311c65abe
mock_8bda9787_G11A_036,MOCK-8BDA-G11A-036,"Eunice Maina Atieno","Grade 11 A",Female,"UTAWALA HIGH SCHOOL",8bda9787-7173-4603-8003-cc9311c65abe
mock_8bda9787_G11A_037,MOCK-8BDA-G11A-037,"Valentine Mutiso Owino","Grade 11 A",Female,"UTAWALA HIGH SCHOOL",8bda9787-7173-4603-8003-cc9311c65abe
mock_8bda9787_G11A_038,MOCK-8BDA-G11A-038,"Sylvia Achieng Onyango","Grade 11 A",Female,"UTAWALA HIGH SCHOOL",8bda9787-7173-4603-8003-cc9311c65abe
mock_8bda9787_G11A_039,MOCK-8BDA-G11A-039,"Doreen Akinyi Chebet","Grade 11 A",Female,"UTAWALA HIGH SCHOOL",8bda9787-7173-4603-8003-cc9311c65abe
mock_8bda9787_G11A_040,MOCK-8BDA-G11A-040,"Samuel Chepkemoi Atieno","Grade 11 A",Male,"UTAWALA HIGH SCHOOL",8bda9787-7173-4603-8003-cc9311c65abe
mock_8bda9787_G11A_041,MOCK-8BDA-G11A-041,"Joseph Rotich Karanja","Grade 11 A",Male,"UTAWALA HIGH SCHOOL",8bda9787-7173-4603-8003-cc9311c65abe
mock_8bda9787_G11A_042,MOCK-8BDA-G11A-042,"Elvis Atieno Auma","Grade 11 A",Male,"UTAWALA HIGH SCHOOL",8bda9787-7173-4603-8003-cc9311c65abe
mock_8bda9787_G11A_043,MOCK-8BDA-G11A-043,"Ian Korir Nyambura","Grade 11 A",Male,"UTAWALA HIGH SCHOOL",8bda9787-7173-4603-8003-cc9311c65abe
mock_8bda9787_G11A_044,MOCK-8BDA-G11A-044,"Elvis Juma Wambui","Grade 11 A",Male,"UTAWALA HIGH SCHOOL",8bda9787-7173-4603-8003-cc9311c65abe
mock_8bda9787_G11A_045,MOCK-8BDA-G11A-045,"Fredrick Auma Mbugua","Grade 11 A",Male,"UTAWALA HIGH SCHOOL",8bda9787-7173-4603-8003-cc9311c65abe
mock_8bda9787_G11A_046,MOCK-8BDA-G11A-046,"Allan Auma Ochieng","Grade 11 A",Male,"UTAWALA HIGH SCHOOL",8bda9787-7173-4603-8003-cc9311c65abe
mock_8bda9787_G11A_047,MOCK-8BDA-G11A-047,"Mitchelle Nyambura Kipchoge","Grade 11 A",Female,"UTAWALA HIGH SCHOOL",8bda9787-7173-4603-8003-cc9311c65abe
mock_8bda9787_G11A_048,MOCK-8BDA-G11A-048,"Stephen Wairimu Barasa","Grade 11 A",Male,"UTAWALA HIGH SCHOOL",8bda9787-7173-4603-8003-cc9311c65abe
mock_8bda9787_G11A_049,MOCK-8BDA-G11A-049,"Janet Maina Mutiso","Grade 11 A",Female,"UTAWALA HIGH SCHOOL",8bda9787-7173-4603-8003-cc9311c65abe
mock_8bda9787_G11A_050,MOCK-8BDA-G11A-050,"Emmanuel Mbugua Were","Grade 11 A",Male,"UTAWALA HIGH SCHOOL",8bda9787-7173-4603-8003-cc9311c65abe
mock_8bda9787_G11A_051,MOCK-8BDA-G11A-051,"Fredrick Njeri Njoroge","Grade 11 A",Male,"UTAWALA HIGH SCHOOL",8bda9787-7173-4603-8003-cc9311c65abe
mock_8bda9787_G11A_052,MOCK-8BDA-G11A-052,"Valentine Simiyu Mutua","Grade 11 A",Female,"UTAWALA HIGH SCHOOL",8bda9787-7173-4603-8003-cc9311c65abe
mock_8bda9787_G11A_053,MOCK-8BDA-G11A-053,"Stella Mbugua Chepkemoi","Grade 11 A",Female,"UTAWALA HIGH SCHOOL",8bda9787-7173-4603-8003-cc9311c65abe
mock_8bda9787_G11A_054,MOCK-8BDA-G11A-054,"Mitchelle Owino Mwangi","Grade 11 A",Female,"UTAWALA HIGH SCHOOL",8bda9787-7173-4603-8003-cc9311c65abe
mock_8bda9787_G11A_055,MOCK-8BDA-G11A-055,"Anthony Juma Otieno","Grade 11 A",Male,"UTAWALA HIGH SCHOOL",8bda9787-7173-4603-8003-cc9311c65abe
mock_8bda9787_G11A_056,MOCK-8BDA-G11A-056,"Mary Mbugua Wanjiru","Grade 11 A",Female,"UTAWALA HIGH SCHOOL",8bda9787-7173-4603-8003-cc9311c65abe
mock_8bda9787_G11A_057,MOCK-8BDA-G11A-057,"Dennis Adhiambo Odhiambo","Grade 11 A",Male,"UTAWALA HIGH SCHOOL",8bda9787-7173-4603-8003-cc9311c65abe
mock_8bda9787_G11A_058,MOCK-8BDA-G11A-058,"Brenda Njoroge Gitau","Grade 11 A",Female,"UTAWALA HIGH SCHOOL",8bda9787-7173-4603-8003-cc9311c65abe
mock_8bda9787_G11A_059,MOCK-8BDA-G11A-059,"Ian Mutua Akinyi","Grade 11 A",Male,"UTAWALA HIGH SCHOOL",8bda9787-7173-4603-8003-cc9311c65abe
mock_8bda9787_G11A_060,MOCK-8BDA-G11A-060,"Martin Gitau Nyambura","Grade 11 A",Male,"UTAWALA HIGH SCHOOL",8bda9787-7173-4603-8003-cc9311c65abe
mock_8bda9787_G11B_001,MOCK-8BDA-G11B-001,"Doreen Cheruiyot Mutua","Grade 11 B",Female,"UTAWALA HIGH SCHOOL",8bda9787-7173-4603-8003-cc9311c65abe
mock_8bda9787_G11B_002,MOCK-8BDA-G11B-002,"Martin Otieno Wambui","Grade 11 B",Male,"UTAWALA HIGH SCHOOL",8bda9787-7173-4603-8003-cc9311c65abe
mock_8bda9787_G11B_003,MOCK-8BDA-G11B-003,"Patrick Njoroge Kibet","Grade 11 B",Male,"UTAWALA HIGH SCHOOL",8bda9787-7173-4603-8003-cc9311c65abe
mock_8bda9787_G11B_004,MOCK-8BDA-G11B-004,"Sylvia Akinyi Wambui","Grade 11 B",Female,"UTAWALA HIGH SCHOOL",8bda9787-7173-4603-8003-cc9311c65abe
mock_8bda9787_G11B_005,MOCK-8BDA-G11B-005,"Brenda Were Akinyi","Grade 11 B",Female,"UTAWALA HIGH SCHOOL",8bda9787-7173-4603-8003-cc9311c65abe
mock_8bda9787_G11B_006,MOCK-8BDA-G11B-006,"Felix Karanja Maina","Grade 11 B",Male,"UTAWALA HIGH SCHOOL",8bda9787-7173-4603-8003-cc9311c65abe
mock_8bda9787_G11B_007,MOCK-8BDA-G11B-007,"Collins Achieng Odhiambo","Grade 11 B",Male,"UTAWALA HIGH SCHOOL",8bda9787-7173-4603-8003-cc9311c65abe
mock_8bda9787_G11B_008,MOCK-8BDA-G11B-008,"Stella Ochieng Njeri","Grade 11 B",Female,"UTAWALA HIGH SCHOOL",8bda9787-7173-4603-8003-cc9311c65abe
mock_8bda9787_G11B_009,MOCK-8BDA-G11B-009,"Janet Kibet Juma","Grade 11 B",Female,"UTAWALA HIGH SCHOOL",8bda9787-7173-4603-8003-cc9311c65abe
mock_8bda9787_G11B_010,MOCK-8BDA-G11B-010,"Patrick Njeri Nyokabi","Grade 11 B",Male,"UTAWALA HIGH SCHOOL",8bda9787-7173-4603-8003-cc9311c65abe
mock_8bda9787_G11B_011,MOCK-8BDA-G11B-011,"Sylvia Owino Barasa","Grade 11 B",Female,"UTAWALA HIGH SCHOOL",8bda9787-7173-4603-8003-cc9311c65abe
mock_8bda9787_G11B_012,MOCK-8BDA-G11B-012,"Cornelius Rotich Mbugua","Grade 11 B",Male,"UTAWALA HIGH SCHOOL",8bda9787-7173-4603-8003-cc9311c65abe
mock_8bda9787_G11B_013,MOCK-8BDA-G11B-013,"Christine Adhiambo Akinyi","Grade 11 B",Female,"UTAWALA HIGH SCHOOL",8bda9787-7173-4603-8003-cc9311c65abe
mock_8bda9787_G11B_014,MOCK-8BDA-G11B-014,"Pauline Otieno Wafula","Grade 11 B",Female,"UTAWALA HIGH SCHOOL",8bda9787-7173-4603-8003-cc9311c65abe
mock_8bda9787_G11B_015,MOCK-8BDA-G11B-015,"Beatrice Simiyu Njoroge","Grade 11 B",Female,"UTAWALA HIGH SCHOOL",8bda9787-7173-4603-8003-cc9311c65abe
mock_8bda9787_G11B_016,MOCK-8BDA-G11B-016,"Collins Akinyi Chebet","Grade 11 B",Male,"UTAWALA HIGH SCHOOL",8bda9787-7173-4603-8003-cc9311c65abe
mock_8bda9787_G11B_017,MOCK-8BDA-G11B-017,"Anthony Otieno Korir","Grade 11 B",Male,"UTAWALA HIGH SCHOOL",8bda9787-7173-4603-8003-cc9311c65abe
mock_8bda9787_G11B_018,MOCK-8BDA-G11B-018,"Duncan Simiyu Kibet","Grade 11 B",Male,"UTAWALA HIGH SCHOOL",8bda9787-7173-4603-8003-cc9311c65abe
mock_8bda9787_G11B_019,MOCK-8BDA-G11B-019,"Peter Cheruiyot Adhiambo","Grade 11 B",Male,"UTAWALA HIGH SCHOOL",8bda9787-7173-4603-8003-cc9311c65abe
mock_8bda9787_G11B_020,MOCK-8BDA-G11B-020,"Samuel Ochieng Maina","Grade 11 B",Male,"UTAWALA HIGH SCHOOL",8bda9787-7173-4603-8003-cc9311c65abe
mock_8bda9787_G11B_021,MOCK-8BDA-G11B-021,"Nancy Otieno Juma","Grade 11 B",Female,"UTAWALA HIGH SCHOOL",8bda9787-7173-4603-8003-cc9311c65abe
mock_8bda9787_G11B_022,MOCK-8BDA-G11B-022,"Michael Karanja Akinyi","Grade 11 B",Male,"UTAWALA HIGH SCHOOL",8bda9787-7173-4603-8003-cc9311c65abe
mock_8bda9787_G11B_023,MOCK-8BDA-G11B-023,"George Nyambura Njoroge","Grade 11 B",Male,"UTAWALA HIGH SCHOOL",8bda9787-7173-4603-8003-cc9311c65abe
mock_8bda9787_G11B_024,MOCK-8BDA-G11B-024,"Ann Chebet Auma","Grade 11 B",Female,"UTAWALA HIGH SCHOOL",8bda9787-7173-4603-8003-cc9311c65abe
mock_8bda9787_G11B_025,MOCK-8BDA-G11B-025,"Janet Njeri Omondi","Grade 11 B",Female,"UTAWALA HIGH SCHOOL",8bda9787-7173-4603-8003-cc9311c65abe
mock_8bda9787_G11B_026,MOCK-8BDA-G11B-026,"Martin Wambui Atieno","Grade 11 B",Male,"UTAWALA HIGH SCHOOL",8bda9787-7173-4603-8003-cc9311c65abe
mock_8bda9787_G11B_027,MOCK-8BDA-G11B-027,"Brenda Njoroge Barasa","Grade 11 B",Female,"UTAWALA HIGH SCHOOL",8bda9787-7173-4603-8003-cc9311c65abe
mock_8bda9787_G11B_028,MOCK-8BDA-G11B-028,"Michael Auma Kibet","Grade 11 B",Male,"UTAWALA HIGH SCHOOL",8bda9787-7173-4603-8003-cc9311c65abe
mock_8bda9787_G11B_029,MOCK-8BDA-G11B-029,"Winnie Nyokabi Mwangi","Grade 11 B",Female,"UTAWALA HIGH SCHOOL",8bda9787-7173-4603-8003-cc9311c65abe
mock_8bda9787_G11B_030,MOCK-8BDA-G11B-030,"Kevin Otieno Owino","Grade 11 B",Male,"UTAWALA HIGH SCHOOL",8bda9787-7173-4603-8003-cc9311c65abe
mock_8bda9787_G11B_031,MOCK-8BDA-G11B-031,"Eunice Odhiambo Achieng","Grade 11 B",Female,"UTAWALA HIGH SCHOOL",8bda9787-7173-4603-8003-cc9311c65abe
mock_8bda9787_G11B_032,MOCK-8BDA-G11B-032,"Dennis Onyango Owino","Grade 11 B",Male,"UTAWALA HIGH SCHOOL",8bda9787-7173-4603-8003-cc9311c65abe
mock_8bda9787_G11B_033,MOCK-8BDA-G11B-033,"Caroline Nyambura Rotich","Grade 11 B",Female,"UTAWALA HIGH SCHOOL",8bda9787-7173-4603-8003-cc9311c65abe
mock_8bda9787_G11B_034,MOCK-8BDA-G11B-034,"Sharon Nyambura Adhiambo","Grade 11 B",Female,"UTAWALA HIGH SCHOOL",8bda9787-7173-4603-8003-cc9311c65abe
mock_8bda9787_G11B_035,MOCK-8BDA-G11B-035,"Rose Gitau Kibet","Grade 11 B",Female,"UTAWALA HIGH SCHOOL",8bda9787-7173-4603-8003-cc9311c65abe
mock_8bda9787_G11B_036,MOCK-8BDA-G11B-036,"Esther Wafula Akinyi","Grade 11 B",Female,"UTAWALA HIGH SCHOOL",8bda9787-7173-4603-8003-cc9311c65abe
mock_8bda9787_G11B_037,MOCK-8BDA-G11B-037,"Vincent Atieno Auma","Grade 11 B",Male,"UTAWALA HIGH SCHOOL",8bda9787-7173-4603-8003-cc9311c65abe
mock_8bda9787_G11B_038,MOCK-8BDA-G11B-038,"Duncan Wairimu Njeri","Grade 11 B",Male,"UTAWALA HIGH SCHOOL",8bda9787-7173-4603-8003-cc9311c65abe
mock_8bda9787_G11B_039,MOCK-8BDA-G11B-039,"Valentine Nyambura Maina","Grade 11 B",Female,"UTAWALA HIGH SCHOOL",8bda9787-7173-4603-8003-cc9311c65abe
mock_8bda9787_G11B_040,MOCK-8BDA-G11B-040,"Beatrice Auma Auma","Grade 11 B",Female,"UTAWALA HIGH SCHOOL",8bda9787-7173-4603-8003-cc9311c65abe
mock_8bda9787_G11B_041,MOCK-8BDA-G11B-041,"Patrick Adhiambo Odhiambo","Grade 11 B",Male,"UTAWALA HIGH SCHOOL",8bda9787-7173-4603-8003-cc9311c65abe
mock_8bda9787_G11B_042,MOCK-8BDA-G11B-042,"Dennis Akinyi Auma","Grade 11 B",Male,"UTAWALA HIGH SCHOOL",8bda9787-7173-4603-8003-cc9311c65abe
mock_8bda9787_G11B_043,MOCK-8BDA-G11B-043,"Mitchelle Wafula Mbugua","Grade 11 B",Female,"UTAWALA HIGH SCHOOL",8bda9787-7173-4603-8003-cc9311c65abe
mock_8bda9787_G11B_044,MOCK-8BDA-G11B-044,"Lydia Auma Kiplagat","Grade 11 B",Female,"UTAWALA HIGH SCHOOL",8bda9787-7173-4603-8003-cc9311c65abe
mock_8bda9787_G11B_045,MOCK-8BDA-G11B-045,"Joy Mutua Achieng","Grade 11 B",Female,"UTAWALA HIGH SCHOOL",8bda9787-7173-4603-8003-cc9311c65abe
mock_8bda9787_G11B_046,MOCK-8BDA-G11B-046,"Martin Barasa Atieno","Grade 11 B",Male,"UTAWALA HIGH SCHOOL",8bda9787-7173-4603-8003-cc9311c65abe
mock_8bda9787_G11B_047,MOCK-8BDA-G11B-047,"Ann Njeri Otieno","Grade 11 B",Female,"UTAWALA HIGH SCHOOL",8bda9787-7173-4603-8003-cc9311c65abe
mock_8bda9787_G11B_048,MOCK-8BDA-G11B-048,"Cornelius Mbugua Akinyi","Grade 11 B",Male,"UTAWALA HIGH SCHOOL",8bda9787-7173-4603-8003-cc9311c65abe
mock_8bda9787_G11B_049,MOCK-8BDA-G11B-049,"Grace Cheruiyot Nyokabi","Grade 11 B",Female,"UTAWALA HIGH SCHOOL",8bda9787-7173-4603-8003-cc9311c65abe
mock_8bda9787_G11B_050,MOCK-8BDA-G11B-050,"Esther Karanja Akinyi","Grade 11 B",Female,"UTAWALA HIGH SCHOOL",8bda9787-7173-4603-8003-cc9311c65abe
mock_8bda9787_G11B_051,MOCK-8BDA-G11B-051,"Gideon Owino Kariuki","Grade 11 B",Male,"UTAWALA HIGH SCHOOL",8bda9787-7173-4603-8003-cc9311c65abe
mock_8bda9787_G11B_052,MOCK-8BDA-G11B-052,"Stella Wambui Kipchoge","Grade 11 B",Female,"UTAWALA HIGH SCHOOL",8bda9787-7173-4603-8003-cc9311c65abe
mock_8bda9787_G11B_053,MOCK-8BDA-G11B-053,"Linet Omondi Wambui","Grade 11 B",Female,"UTAWALA HIGH SCHOOL",8bda9787-7173-4603-8003-cc9311c65abe
mock_8bda9787_G11B_054,MOCK-8BDA-G11B-054,"Ann Odhiambo Cheruiyot","Grade 11 B",Female,"UTAWALA HIGH SCHOOL",8bda9787-7173-4603-8003-cc9311c65abe
mock_8bda9787_G11B_055,MOCK-8BDA-G11B-055,"Martin Juma Cheruiyot","Grade 11 B",Male,"UTAWALA HIGH SCHOOL",8bda9787-7173-4603-8003-cc9311c65abe
mock_8bda9787_G11B_056,MOCK-8BDA-G11B-056,"Victor Cheruiyot Akinyi","Grade 11 B",Male,"UTAWALA HIGH SCHOOL",8bda9787-7173-4603-8003-cc9311c65abe
mock_8bda9787_G11B_057,MOCK-8BDA-G11B-057,"Gideon Wairimu Were","Grade 11 B",Male,"UTAWALA HIGH SCHOOL",8bda9787-7173-4603-8003-cc9311c65abe
mock_8bda9787_G11B_058,MOCK-8BDA-G11B-058,"Patrick Wafula Mwangi","Grade 11 B",Male,"UTAWALA HIGH SCHOOL",8bda9787-7173-4603-8003-cc9311c65abe
mock_8bda9787_G11B_059,MOCK-8BDA-G11B-059,"Kelvin Were Karanja","Grade 11 B",Male,"UTAWALA HIGH SCHOOL",8bda9787-7173-4603-8003-cc9311c65abe
mock_8bda9787_G11B_060,MOCK-8BDA-G11B-060,"Ian Nyokabi Wafula","Grade 11 B",Male,"UTAWALA HIGH SCHOOL",8bda9787-7173-4603-8003-cc9311c65abe
mock_8bda9787_G12A_001,MOCK-8BDA-G12A-001,"Cornelius Omondi Owino","Grade 12 A",Male,"UTAWALA HIGH SCHOOL",8bda9787-7173-4603-8003-cc9311c65abe
mock_8bda9787_G12A_002,MOCK-8BDA-G12A-002,"Victor Otieno Kariuki","Grade 12 A",Male,"UTAWALA HIGH SCHOOL",8bda9787-7173-4603-8003-cc9311c65abe
mock_8bda9787_G12A_003,MOCK-8BDA-G12A-003,"Joy Wambui Nyambura","Grade 12 A",Female,"UTAWALA HIGH SCHOOL",8bda9787-7173-4603-8003-cc9311c65abe
mock_8bda9787_G12A_004,MOCK-8BDA-G12A-004,"Michael Rotich Nyokabi","Grade 12 A",Male,"UTAWALA HIGH SCHOOL",8bda9787-7173-4603-8003-cc9311c65abe
mock_8bda9787_G12A_005,MOCK-8BDA-G12A-005,"Cynthia Njoroge Barasa","Grade 12 A",Female,"UTAWALA HIGH SCHOOL",8bda9787-7173-4603-8003-cc9311c65abe
mock_8bda9787_G12A_006,MOCK-8BDA-G12A-006,"Brayan Kiplagat Chepkemoi","Grade 12 A",Male,"UTAWALA HIGH SCHOOL",8bda9787-7173-4603-8003-cc9311c65abe
mock_8bda9787_G12A_007,MOCK-8BDA-G12A-007,"Esther Gitau Wambui","Grade 12 A",Female,"UTAWALA HIGH SCHOOL",8bda9787-7173-4603-8003-cc9311c65abe
mock_8bda9787_G12A_008,MOCK-8BDA-G12A-008,"Linet Simiyu Gitau","Grade 12 A",Female,"UTAWALA HIGH SCHOOL",8bda9787-7173-4603-8003-cc9311c65abe
mock_8bda9787_G12A_009,MOCK-8BDA-G12A-009,"Mercy Kiplagat Chepkemoi","Grade 12 A",Female,"UTAWALA HIGH SCHOOL",8bda9787-7173-4603-8003-cc9311c65abe
mock_8bda9787_G12A_010,MOCK-8BDA-G12A-010,"Nancy Mutiso Cheruiyot","Grade 12 A",Female,"UTAWALA HIGH SCHOOL",8bda9787-7173-4603-8003-cc9311c65abe
mock_8bda9787_G12A_011,MOCK-8BDA-G12A-011,"Valentine Owino Wafula","Grade 12 A",Female,"UTAWALA HIGH SCHOOL",8bda9787-7173-4603-8003-cc9311c65abe
mock_8bda9787_G12A_012,MOCK-8BDA-G12A-012,"Christine Rotich Kariuki","Grade 12 A",Female,"UTAWALA HIGH SCHOOL",8bda9787-7173-4603-8003-cc9311c65abe
mock_8bda9787_G12A_013,MOCK-8BDA-G12A-013,"Michael Kamau Owino","Grade 12 A",Male,"UTAWALA HIGH SCHOOL",8bda9787-7173-4603-8003-cc9311c65abe
mock_8bda9787_G12A_014,MOCK-8BDA-G12A-014,"Ann Omondi Nyokabi","Grade 12 A",Female,"UTAWALA HIGH SCHOOL",8bda9787-7173-4603-8003-cc9311c65abe
mock_8bda9787_G12A_015,MOCK-8BDA-G12A-015,"Christine Onyango Onyango","Grade 12 A",Female,"UTAWALA HIGH SCHOOL",8bda9787-7173-4603-8003-cc9311c65abe
mock_8bda9787_G12A_016,MOCK-8BDA-G12A-016,"Fredrick Owino Juma","Grade 12 A",Male,"UTAWALA HIGH SCHOOL",8bda9787-7173-4603-8003-cc9311c65abe
mock_8bda9787_G12A_017,MOCK-8BDA-G12A-017,"Mitchelle Cheruiyot Achieng","Grade 12 A",Female,"UTAWALA HIGH SCHOOL",8bda9787-7173-4603-8003-cc9311c65abe
mock_8bda9787_G12A_018,MOCK-8BDA-G12A-018,"Felix Adhiambo Kariuki","Grade 12 A",Male,"UTAWALA HIGH SCHOOL",8bda9787-7173-4603-8003-cc9311c65abe
mock_8bda9787_G12A_019,MOCK-8BDA-G12A-019,"Kelvin Mutiso Were","Grade 12 A",Male,"UTAWALA HIGH SCHOOL",8bda9787-7173-4603-8003-cc9311c65abe
mock_8bda9787_G12A_020,MOCK-8BDA-G12A-020,"Beatrice Mbugua Rotich","Grade 12 A",Female,"UTAWALA HIGH SCHOOL",8bda9787-7173-4603-8003-cc9311c65abe
mock_8bda9787_G12A_021,MOCK-8BDA-G12A-021,"Daniel Wairimu Kiplagat","Grade 12 A",Male,"UTAWALA HIGH SCHOOL",8bda9787-7173-4603-8003-cc9311c65abe
mock_8bda9787_G12A_022,MOCK-8BDA-G12A-022,"Esther Rotich Chebet","Grade 12 A",Female,"UTAWALA HIGH SCHOOL",8bda9787-7173-4603-8003-cc9311c65abe
mock_8bda9787_G12A_023,MOCK-8BDA-G12A-023,"Charles Gitau Mutua","Grade 12 A",Male,"UTAWALA HIGH SCHOOL",8bda9787-7173-4603-8003-cc9311c65abe
mock_8bda9787_G12A_024,MOCK-8BDA-G12A-024,"Valentine Mutua Njoroge","Grade 12 A",Female,"UTAWALA HIGH SCHOOL",8bda9787-7173-4603-8003-cc9311c65abe
mock_8bda9787_G12A_025,MOCK-8BDA-G12A-025,"Elvis Kiplagat Kipchoge","Grade 12 A",Male,"UTAWALA HIGH SCHOOL",8bda9787-7173-4603-8003-cc9311c65abe
mock_8bda9787_G12A_026,MOCK-8BDA-G12A-026,"Rose Were Kiplagat","Grade 12 A",Female,"UTAWALA HIGH SCHOOL",8bda9787-7173-4603-8003-cc9311c65abe
mock_8bda9787_G12A_027,MOCK-8BDA-G12A-027,"Daniel Wafula Rotich","Grade 12 A",Male,"UTAWALA HIGH SCHOOL",8bda9787-7173-4603-8003-cc9311c65abe
mock_8bda9787_G12A_028,MOCK-8BDA-G12A-028,"Caroline Auma Karanja","Grade 12 A",Female,"UTAWALA HIGH SCHOOL",8bda9787-7173-4603-8003-cc9311c65abe
mock_8bda9787_G12A_029,MOCK-8BDA-G12A-029,"Janet Karanja Nyambura","Grade 12 A",Female,"UTAWALA HIGH SCHOOL",8bda9787-7173-4603-8003-cc9311c65abe
mock_8bda9787_G12A_030,MOCK-8BDA-G12A-030,"Cornelius Odhiambo Wanjiru","Grade 12 A",Male,"UTAWALA HIGH SCHOOL",8bda9787-7173-4603-8003-cc9311c65abe
mock_8bda9787_G12A_031,MOCK-8BDA-G12A-031,"Faith Auma Omondi","Grade 12 A",Female,"UTAWALA HIGH SCHOOL",8bda9787-7173-4603-8003-cc9311c65abe
mock_8bda9787_G12A_032,MOCK-8BDA-G12A-032,"Brenda Simiyu Mwangi","Grade 12 A",Female,"UTAWALA HIGH SCHOOL",8bda9787-7173-4603-8003-cc9311c65abe
mock_8bda9787_G12A_033,MOCK-8BDA-G12A-033,"Rose Otieno Rotich","Grade 12 A",Female,"UTAWALA HIGH SCHOOL",8bda9787-7173-4603-8003-cc9311c65abe
mock_8bda9787_G12A_034,MOCK-8BDA-G12A-034,"Elvis Wanjiru Otieno","Grade 12 A",Male,"UTAWALA HIGH SCHOOL",8bda9787-7173-4603-8003-cc9311c65abe
mock_8bda9787_G12A_035,MOCK-8BDA-G12A-035,"Michael Juma Auma","Grade 12 A",Male,"UTAWALA HIGH SCHOOL",8bda9787-7173-4603-8003-cc9311c65abe
mock_8bda9787_G12A_036,MOCK-8BDA-G12A-036,"Nicholas Mutua Odhiambo","Grade 12 A",Male,"UTAWALA HIGH SCHOOL",8bda9787-7173-4603-8003-cc9311c65abe
mock_8bda9787_G12A_037,MOCK-8BDA-G12A-037,"Joy Simiyu Omondi","Grade 12 A",Female,"UTAWALA HIGH SCHOOL",8bda9787-7173-4603-8003-cc9311c65abe
mock_8bda9787_G12A_038,MOCK-8BDA-G12A-038,"Caroline Kamau Odhiambo","Grade 12 A",Female,"UTAWALA HIGH SCHOOL",8bda9787-7173-4603-8003-cc9311c65abe
mock_8bda9787_G12A_039,MOCK-8BDA-G12A-039,"Lucy Wambui Wairimu","Grade 12 A",Female,"UTAWALA HIGH SCHOOL",8bda9787-7173-4603-8003-cc9311c65abe
mock_8bda9787_G12A_040,MOCK-8BDA-G12A-040,"Brenda Juma Wanjiru","Grade 12 A",Female,"UTAWALA HIGH SCHOOL",8bda9787-7173-4603-8003-cc9311c65abe
mock_8bda9787_G12A_041,MOCK-8BDA-G12A-041,"Charles Omondi Kiplagat","Grade 12 A",Male,"UTAWALA HIGH SCHOOL",8bda9787-7173-4603-8003-cc9311c65abe
mock_8bda9787_G12A_042,MOCK-8BDA-G12A-042,"Maureen Barasa Cheruiyot","Grade 12 A",Female,"UTAWALA HIGH SCHOOL",8bda9787-7173-4603-8003-cc9311c65abe
mock_8bda9787_G12A_043,MOCK-8BDA-G12A-043,"Mary Were Wambui","Grade 12 A",Female,"UTAWALA HIGH SCHOOL",8bda9787-7173-4603-8003-cc9311c65abe
mock_8bda9787_G12A_044,MOCK-8BDA-G12A-044,"Anthony Wambui Juma","Grade 12 A",Male,"UTAWALA HIGH SCHOOL",8bda9787-7173-4603-8003-cc9311c65abe
mock_8bda9787_G12A_045,MOCK-8BDA-G12A-045,"Allan Achieng Odhiambo","Grade 12 A",Male,"UTAWALA HIGH SCHOOL",8bda9787-7173-4603-8003-cc9311c65abe
mock_8bda9787_G12A_046,MOCK-8BDA-G12A-046,"Elvis Maina Kiplagat","Grade 12 A",Male,"UTAWALA HIGH SCHOOL",8bda9787-7173-4603-8003-cc9311c65abe
mock_8bda9787_G12A_047,MOCK-8BDA-G12A-047,"Cornelius Ochieng Wanjiru","Grade 12 A",Male,"UTAWALA HIGH SCHOOL",8bda9787-7173-4603-8003-cc9311c65abe
mock_8bda9787_G12A_048,MOCK-8BDA-G12A-048,"Grace Ochieng Atieno","Grade 12 A",Female,"UTAWALA HIGH SCHOOL",8bda9787-7173-4603-8003-cc9311c65abe
mock_8bda9787_G12A_049,MOCK-8BDA-G12A-049,"Eunice Nyambura Wanjiru","Grade 12 A",Female,"UTAWALA HIGH SCHOOL",8bda9787-7173-4603-8003-cc9311c65abe
mock_8bda9787_G12A_050,MOCK-8BDA-G12A-050,"Patrick Cheruiyot Kamau","Grade 12 A",Male,"UTAWALA HIGH SCHOOL",8bda9787-7173-4603-8003-cc9311c65abe
mock_8bda9787_G12A_051,MOCK-8BDA-G12A-051,"Vincent Barasa Mutiso","Grade 12 A",Male,"UTAWALA HIGH SCHOOL",8bda9787-7173-4603-8003-cc9311c65abe
mock_8bda9787_G12A_052,MOCK-8BDA-G12A-052,"Sylvia Gitau Kariuki","Grade 12 A",Female,"UTAWALA HIGH SCHOOL",8bda9787-7173-4603-8003-cc9311c65abe
mock_8bda9787_G12A_053,MOCK-8BDA-G12A-053,"Janet Chebet Gitau","Grade 12 A",Female,"UTAWALA HIGH SCHOOL",8bda9787-7173-4603-8003-cc9311c65abe
mock_8bda9787_G12A_054,MOCK-8BDA-G12A-054,"Grace Maina Mutua","Grade 12 A",Female,"UTAWALA HIGH SCHOOL",8bda9787-7173-4603-8003-cc9311c65abe
mock_8bda9787_G12A_055,MOCK-8BDA-G12A-055,"Vincent Chebet Kibet","Grade 12 A",Male,"UTAWALA HIGH SCHOOL",8bda9787-7173-4603-8003-cc9311c65abe
mock_8bda9787_G12A_056,MOCK-8BDA-G12A-056,"Kevin Maina Karanja","Grade 12 A",Male,"UTAWALA HIGH SCHOOL",8bda9787-7173-4603-8003-cc9311c65abe
mock_8bda9787_G12A_057,MOCK-8BDA-G12A-057,"Ann Barasa Barasa","Grade 12 A",Female,"UTAWALA HIGH SCHOOL",8bda9787-7173-4603-8003-cc9311c65abe
mock_8bda9787_G12A_058,MOCK-8BDA-G12A-058,"Lydia Owino Kipchoge","Grade 12 A",Female,"UTAWALA HIGH SCHOOL",8bda9787-7173-4603-8003-cc9311c65abe
mock_8bda9787_G12A_059,MOCK-8BDA-G12A-059,"Ian Njeri Atieno","Grade 12 A",Male,"UTAWALA HIGH SCHOOL",8bda9787-7173-4603-8003-cc9311c65abe
mock_8bda9787_G12A_060,MOCK-8BDA-G12A-060,"Patrick Ochieng Omondi","Grade 12 A",Male,"UTAWALA HIGH SCHOOL",8bda9787-7173-4603-8003-cc9311c65abe
mock_8bda9787_G12B_001,MOCK-8BDA-G12B-001,"Victor Kipchoge Cheruiyot","Grade 12 B",Male,"UTAWALA HIGH SCHOOL",8bda9787-7173-4603-8003-cc9311c65abe
mock_8bda9787_G12B_002,MOCK-8BDA-G12B-002,"Ian Njeri Nyokabi","Grade 12 B",Male,"UTAWALA HIGH SCHOOL",8bda9787-7173-4603-8003-cc9311c65abe
mock_8bda9787_G12B_003,MOCK-8BDA-G12B-003,"Cornelius Onyango Maina","Grade 12 B",Male,"UTAWALA HIGH SCHOOL",8bda9787-7173-4603-8003-cc9311c65abe
mock_8bda9787_G12B_004,MOCK-8BDA-G12B-004,"Stephen Karanja Wambui","Grade 12 B",Male,"UTAWALA HIGH SCHOOL",8bda9787-7173-4603-8003-cc9311c65abe
mock_8bda9787_G12B_005,MOCK-8BDA-G12B-005,"Vincent Kiplagat Maina","Grade 12 B",Male,"UTAWALA HIGH SCHOOL",8bda9787-7173-4603-8003-cc9311c65abe
mock_8bda9787_G12B_006,MOCK-8BDA-G12B-006,"Kevin Maina Nyambura","Grade 12 B",Male,"UTAWALA HIGH SCHOOL",8bda9787-7173-4603-8003-cc9311c65abe
mock_8bda9787_G12B_007,MOCK-8BDA-G12B-007,"Cornelius Mutiso Odhiambo","Grade 12 B",Male,"UTAWALA HIGH SCHOOL",8bda9787-7173-4603-8003-cc9311c65abe
mock_8bda9787_G12B_008,MOCK-8BDA-G12B-008,"Ian Simiyu Barasa","Grade 12 B",Male,"UTAWALA HIGH SCHOOL",8bda9787-7173-4603-8003-cc9311c65abe
mock_8bda9787_G12B_009,MOCK-8BDA-G12B-009,"Michael Omondi Rotich","Grade 12 B",Male,"UTAWALA HIGH SCHOOL",8bda9787-7173-4603-8003-cc9311c65abe
mock_8bda9787_G12B_010,MOCK-8BDA-G12B-010,"Collins Owino Nyokabi","Grade 12 B",Male,"UTAWALA HIGH SCHOOL",8bda9787-7173-4603-8003-cc9311c65abe
mock_8bda9787_G12B_011,MOCK-8BDA-G12B-011,"Brayan Juma Mbugua","Grade 12 B",Male,"UTAWALA HIGH SCHOOL",8bda9787-7173-4603-8003-cc9311c65abe
mock_8bda9787_G12B_012,MOCK-8BDA-G12B-012,"Vincent Wanjiru Simiyu","Grade 12 B",Male,"UTAWALA HIGH SCHOOL",8bda9787-7173-4603-8003-cc9311c65abe
mock_8bda9787_G12B_013,MOCK-8BDA-G12B-013,"Allan Karanja Njeri","Grade 12 B",Male,"UTAWALA HIGH SCHOOL",8bda9787-7173-4603-8003-cc9311c65abe
mock_8bda9787_G12B_014,MOCK-8BDA-G12B-014,"Grace Wairimu Wambui","Grade 12 B",Female,"UTAWALA HIGH SCHOOL",8bda9787-7173-4603-8003-cc9311c65abe
mock_8bda9787_G12B_015,MOCK-8BDA-G12B-015,"Mitchelle Kamau Kipchoge","Grade 12 B",Female,"UTAWALA HIGH SCHOOL",8bda9787-7173-4603-8003-cc9311c65abe
mock_8bda9787_G12B_016,MOCK-8BDA-G12B-016,"Mitchelle Adhiambo Adhiambo","Grade 12 B",Female,"UTAWALA HIGH SCHOOL",8bda9787-7173-4603-8003-cc9311c65abe
mock_8bda9787_G12B_017,MOCK-8BDA-G12B-017,"Mary Kipchoge Juma","Grade 12 B",Female,"UTAWALA HIGH SCHOOL",8bda9787-7173-4603-8003-cc9311c65abe
mock_8bda9787_G12B_018,MOCK-8BDA-G12B-018,"Purity Kariuki Wambui","Grade 12 B",Female,"UTAWALA HIGH SCHOOL",8bda9787-7173-4603-8003-cc9311c65abe
mock_8bda9787_G12B_019,MOCK-8BDA-G12B-019,"Winnie Kiplagat Korir","Grade 12 B",Female,"UTAWALA HIGH SCHOOL",8bda9787-7173-4603-8003-cc9311c65abe
mock_8bda9787_G12B_020,MOCK-8BDA-G12B-020,"Peter Rotich Akinyi","Grade 12 B",Male,"UTAWALA HIGH SCHOOL",8bda9787-7173-4603-8003-cc9311c65abe
mock_8bda9787_G12B_021,MOCK-8BDA-G12B-021,"Brenda Karanja Kibet","Grade 12 B",Female,"UTAWALA HIGH SCHOOL",8bda9787-7173-4603-8003-cc9311c65abe
mock_8bda9787_G12B_022,MOCK-8BDA-G12B-022,"Linet Omondi Simiyu","Grade 12 B",Female,"UTAWALA HIGH SCHOOL",8bda9787-7173-4603-8003-cc9311c65abe
mock_8bda9787_G12B_023,MOCK-8BDA-G12B-023,"Caroline Chebet Barasa","Grade 12 B",Female,"UTAWALA HIGH SCHOOL",8bda9787-7173-4603-8003-cc9311c65abe
mock_8bda9787_G12B_024,MOCK-8BDA-G12B-024,"Gideon Kipchoge Wanjiru","Grade 12 B",Male,"UTAWALA HIGH SCHOOL",8bda9787-7173-4603-8003-cc9311c65abe
mock_8bda9787_G12B_025,MOCK-8BDA-G12B-025,"Vincent Omondi Mbugua","Grade 12 B",Male,"UTAWALA HIGH SCHOOL",8bda9787-7173-4603-8003-cc9311c65abe
mock_8bda9787_G12B_026,MOCK-8BDA-G12B-026,"Linet Mbugua Nyokabi","Grade 12 B",Female,"UTAWALA HIGH SCHOOL",8bda9787-7173-4603-8003-cc9311c65abe
mock_8bda9787_G12B_027,MOCK-8BDA-G12B-027,"Felix Korir Kipchoge","Grade 12 B",Male,"UTAWALA HIGH SCHOOL",8bda9787-7173-4603-8003-cc9311c65abe
mock_8bda9787_G12B_028,MOCK-8BDA-G12B-028,"Brayan Gitau Were","Grade 12 B",Male,"UTAWALA HIGH SCHOOL",8bda9787-7173-4603-8003-cc9311c65abe
mock_8bda9787_G12B_029,MOCK-8BDA-G12B-029,"Lydia Omondi Kibet","Grade 12 B",Female,"UTAWALA HIGH SCHOOL",8bda9787-7173-4603-8003-cc9311c65abe
mock_8bda9787_G12B_030,MOCK-8BDA-G12B-030,"Valentine Were Were","Grade 12 B",Female,"UTAWALA HIGH SCHOOL",8bda9787-7173-4603-8003-cc9311c65abe
mock_8bda9787_G12B_031,MOCK-8BDA-G12B-031,"Dennis Were Nyokabi","Grade 12 B",Male,"UTAWALA HIGH SCHOOL",8bda9787-7173-4603-8003-cc9311c65abe
mock_8bda9787_G12B_032,MOCK-8BDA-G12B-032,"Felix Achieng Atieno","Grade 12 B",Male,"UTAWALA HIGH SCHOOL",8bda9787-7173-4603-8003-cc9311c65abe
mock_8bda9787_G12B_033,MOCK-8BDA-G12B-033,"Cynthia Ochieng Onyango","Grade 12 B",Female,"UTAWALA HIGH SCHOOL",8bda9787-7173-4603-8003-cc9311c65abe
mock_8bda9787_G12B_034,MOCK-8BDA-G12B-034,"Vincent Were Were","Grade 12 B",Male,"UTAWALA HIGH SCHOOL",8bda9787-7173-4603-8003-cc9311c65abe
mock_8bda9787_G12B_035,MOCK-8BDA-G12B-035,"Eunice Wafula Atieno","Grade 12 B",Female,"UTAWALA HIGH SCHOOL",8bda9787-7173-4603-8003-cc9311c65abe
mock_8bda9787_G12B_036,MOCK-8BDA-G12B-036,"Caroline Barasa Mbugua","Grade 12 B",Female,"UTAWALA HIGH SCHOOL",8bda9787-7173-4603-8003-cc9311c65abe
mock_8bda9787_G12B_037,MOCK-8BDA-G12B-037,"Elvis Mutiso Korir","Grade 12 B",Male,"UTAWALA HIGH SCHOOL",8bda9787-7173-4603-8003-cc9311c65abe
mock_8bda9787_G12B_038,MOCK-8BDA-G12B-038,"Linet Simiyu Cheruiyot","Grade 12 B",Female,"UTAWALA HIGH SCHOOL",8bda9787-7173-4603-8003-cc9311c65abe
mock_8bda9787_G12B_039,MOCK-8BDA-G12B-039,"Janet Odhiambo Chepkemoi","Grade 12 B",Female,"UTAWALA HIGH SCHOOL",8bda9787-7173-4603-8003-cc9311c65abe
mock_8bda9787_G12B_040,MOCK-8BDA-G12B-040,"Beatrice Korir Odhiambo","Grade 12 B",Female,"UTAWALA HIGH SCHOOL",8bda9787-7173-4603-8003-cc9311c65abe
mock_8bda9787_G12B_041,MOCK-8BDA-G12B-041,"Maureen Wambui Atieno","Grade 12 B",Female,"UTAWALA HIGH SCHOOL",8bda9787-7173-4603-8003-cc9311c65abe
mock_8bda9787_G12B_042,MOCK-8BDA-G12B-042,"Nicholas Chebet Kipchoge","Grade 12 B",Male,"UTAWALA HIGH SCHOOL",8bda9787-7173-4603-8003-cc9311c65abe
mock_8bda9787_G12B_043,MOCK-8BDA-G12B-043,"Peter Rotich Otieno","Grade 12 B",Male,"UTAWALA HIGH SCHOOL",8bda9787-7173-4603-8003-cc9311c65abe
mock_8bda9787_G12B_044,MOCK-8BDA-G12B-044,"Michael Otieno Njoroge","Grade 12 B",Male,"UTAWALA HIGH SCHOOL",8bda9787-7173-4603-8003-cc9311c65abe
mock_8bda9787_G12B_045,MOCK-8BDA-G12B-045,"Sylvia Adhiambo Nyambura","Grade 12 B",Female,"UTAWALA HIGH SCHOOL",8bda9787-7173-4603-8003-cc9311c65abe
mock_8bda9787_G12B_046,MOCK-8BDA-G12B-046,"Linet Njeri Wairimu","Grade 12 B",Female,"UTAWALA HIGH SCHOOL",8bda9787-7173-4603-8003-cc9311c65abe
mock_8bda9787_G12B_047,MOCK-8BDA-G12B-047,"Maureen Auma Nyambura","Grade 12 B",Female,"UTAWALA HIGH SCHOOL",8bda9787-7173-4603-8003-cc9311c65abe
mock_8bda9787_G12B_048,MOCK-8BDA-G12B-048,"Janet Odhiambo Simiyu","Grade 12 B",Female,"UTAWALA HIGH SCHOOL",8bda9787-7173-4603-8003-cc9311c65abe
mock_8bda9787_G12B_049,MOCK-8BDA-G12B-049,"Brayan Omondi Nyokabi","Grade 12 B",Male,"UTAWALA HIGH SCHOOL",8bda9787-7173-4603-8003-cc9311c65abe
mock_8bda9787_G12B_050,MOCK-8BDA-G12B-050,"Kevin Kibet Kariuki","Grade 12 B",Male,"UTAWALA HIGH SCHOOL",8bda9787-7173-4603-8003-cc9311c65abe
mock_8bda9787_G12B_051,MOCK-8BDA-G12B-051,"Esther Karanja Wairimu","Grade 12 B",Female,"UTAWALA HIGH SCHOOL",8bda9787-7173-4603-8003-cc9311c65abe
mock_8bda9787_G12B_052,MOCK-8BDA-G12B-052,"Lucy Barasa Nyokabi","Grade 12 B",Female,"UTAWALA HIGH SCHOOL",8bda9787-7173-4603-8003-cc9311c65abe
mock_8bda9787_G12B_053,MOCK-8BDA-G12B-053,"Daniel Kamau Nyokabi","Grade 12 B",Male,"UTAWALA HIGH SCHOOL",8bda9787-7173-4603-8003-cc9311c65abe
mock_8bda9787_G12B_054,MOCK-8BDA-G12B-054,"Gideon Were Were","Grade 12 B",Male,"UTAWALA HIGH SCHOOL",8bda9787-7173-4603-8003-cc9311c65abe
mock_8bda9787_G12B_055,MOCK-8BDA-G12B-055,"Valentine Mwangi Kariuki","Grade 12 B",Female,"UTAWALA HIGH SCHOOL",8bda9787-7173-4603-8003-cc9311c65abe
mock_8bda9787_G12B_056,MOCK-8BDA-G12B-056,"Pauline Auma Mwangi","Grade 12 B",Female,"UTAWALA HIGH SCHOOL",8bda9787-7173-4603-8003-cc9311c65abe
mock_8bda9787_G12B_057,MOCK-8BDA-G12B-057,"Eric Mbugua Adhiambo","Grade 12 B",Male,"UTAWALA HIGH SCHOOL",8bda9787-7173-4603-8003-cc9311c65abe
mock_8bda9787_G12B_058,MOCK-8BDA-G12B-058,"Collins Wairimu Wairimu","Grade 12 B",Male,"UTAWALA HIGH SCHOOL",8bda9787-7173-4603-8003-cc9311c65abe
mock_8bda9787_G12B_059,MOCK-8BDA-G12B-059,"Lucy Onyango Wambui","Grade 12 B",Female,"UTAWALA HIGH SCHOOL",8bda9787-7173-4603-8003-cc9311c65abe
mock_8bda9787_G12B_060,MOCK-8BDA-G12B-060,"Vincent Auma Owino","Grade 12 B",Male,"UTAWALA HIGH SCHOOL",8bda9787-7173-4603-8003-cc9311c65abe
mock_95dd02f5_G7A_001,MOCK-95DD-G7A-001,"Cynthia Omondi Mbugua","Grade 7 A",Female,"UTAWALA HIGH SCHOOL",95dd02f5-c187-44cf-a4b7-45c529456933
mock_95dd02f5_G7A_002,MOCK-95DD-G7A-002,"Maureen Korir Njeri","Grade 7 A",Female,"UTAWALA HIGH SCHOOL",95dd02f5-c187-44cf-a4b7-45c529456933
mock_95dd02f5_G7A_003,MOCK-95DD-G7A-003,"Patrick Mutua Kipchoge","Grade 7 A",Male,"UTAWALA HIGH SCHOOL",95dd02f5-c187-44cf-a4b7-45c529456933
mock_95dd02f5_G7A_004,MOCK-95DD-G7A-004,"Cynthia Otieno Karanja","Grade 7 A",Female,"UTAWALA HIGH SCHOOL",95dd02f5-c187-44cf-a4b7-45c529456933
mock_95dd02f5_G7A_005,MOCK-95DD-G7A-005,"Nancy Akinyi Akinyi","Grade 7 A",Female,"UTAWALA HIGH SCHOOL",95dd02f5-c187-44cf-a4b7-45c529456933
mock_95dd02f5_G7A_006,MOCK-95DD-G7A-006,"Cynthia Chepkemoi Atieno","Grade 7 A",Female,"UTAWALA HIGH SCHOOL",95dd02f5-c187-44cf-a4b7-45c529456933
mock_95dd02f5_G7A_007,MOCK-95DD-G7A-007,"Duncan Kibet Kamau","Grade 7 A",Male,"UTAWALA HIGH SCHOOL",95dd02f5-c187-44cf-a4b7-45c529456933
mock_95dd02f5_G7A_008,MOCK-95DD-G7A-008,"Kelvin Otieno Were","Grade 7 A",Male,"UTAWALA HIGH SCHOOL",95dd02f5-c187-44cf-a4b7-45c529456933
mock_95dd02f5_G7A_009,MOCK-95DD-G7A-009,"Gideon Mwangi Kibet","Grade 7 A",Male,"UTAWALA HIGH SCHOOL",95dd02f5-c187-44cf-a4b7-45c529456933
mock_95dd02f5_G7A_010,MOCK-95DD-G7A-010,"Anthony Were Onyango","Grade 7 A",Male,"UTAWALA HIGH SCHOOL",95dd02f5-c187-44cf-a4b7-45c529456933
mock_95dd02f5_G7A_011,MOCK-95DD-G7A-011,"Kevin Kiplagat Kipchoge","Grade 7 A",Male,"UTAWALA HIGH SCHOOL",95dd02f5-c187-44cf-a4b7-45c529456933
mock_95dd02f5_G7A_012,MOCK-95DD-G7A-012,"Sharon Nyokabi Nyambura","Grade 7 A",Female,"UTAWALA HIGH SCHOOL",95dd02f5-c187-44cf-a4b7-45c529456933
mock_95dd02f5_G7A_013,MOCK-95DD-G7A-013,"Martin Were Simiyu","Grade 7 A",Male,"UTAWALA HIGH SCHOOL",95dd02f5-c187-44cf-a4b7-45c529456933
mock_95dd02f5_G7A_014,MOCK-95DD-G7A-014,"Doreen Mwangi Kipchoge","Grade 7 A",Female,"UTAWALA HIGH SCHOOL",95dd02f5-c187-44cf-a4b7-45c529456933
mock_95dd02f5_G7A_015,MOCK-95DD-G7A-015,"Doreen Kariuki Owino","Grade 7 A",Female,"UTAWALA HIGH SCHOOL",95dd02f5-c187-44cf-a4b7-45c529456933
mock_95dd02f5_G7A_016,MOCK-95DD-G7A-016,"Martin Kipchoge Rotich","Grade 7 A",Male,"UTAWALA HIGH SCHOOL",95dd02f5-c187-44cf-a4b7-45c529456933
mock_95dd02f5_G7A_017,MOCK-95DD-G7A-017,"Purity Wairimu Mutiso","Grade 7 A",Female,"UTAWALA HIGH SCHOOL",95dd02f5-c187-44cf-a4b7-45c529456933
mock_95dd02f5_G7A_018,MOCK-95DD-G7A-018,"Kelvin Wairimu Karanja","Grade 7 A",Male,"UTAWALA HIGH SCHOOL",95dd02f5-c187-44cf-a4b7-45c529456933
mock_95dd02f5_G7A_019,MOCK-95DD-G7A-019,"Stephen Karanja Owino","Grade 7 A",Male,"UTAWALA HIGH SCHOOL",95dd02f5-c187-44cf-a4b7-45c529456933
mock_95dd02f5_G7A_020,MOCK-95DD-G7A-020,"Collins Njeri Chepkemoi","Grade 7 A",Male,"UTAWALA HIGH SCHOOL",95dd02f5-c187-44cf-a4b7-45c529456933
mock_95dd02f5_G7A_021,MOCK-95DD-G7A-021,"Sharon Maina Odhiambo","Grade 7 A",Female,"UTAWALA HIGH SCHOOL",95dd02f5-c187-44cf-a4b7-45c529456933
mock_95dd02f5_G7A_022,MOCK-95DD-G7A-022,"Sharon Korir Barasa","Grade 7 A",Female,"UTAWALA HIGH SCHOOL",95dd02f5-c187-44cf-a4b7-45c529456933
mock_95dd02f5_G7A_023,MOCK-95DD-G7A-023,"Beatrice Wanjiru Otieno","Grade 7 A",Female,"UTAWALA HIGH SCHOOL",95dd02f5-c187-44cf-a4b7-45c529456933
mock_95dd02f5_G7A_024,MOCK-95DD-G7A-024,"Vincent Barasa Korir","Grade 7 A",Male,"UTAWALA HIGH SCHOOL",95dd02f5-c187-44cf-a4b7-45c529456933
mock_95dd02f5_G7A_025,MOCK-95DD-G7A-025,"Kelvin Achieng Were","Grade 7 A",Male,"UTAWALA HIGH SCHOOL",95dd02f5-c187-44cf-a4b7-45c529456933
mock_95dd02f5_G7A_026,MOCK-95DD-G7A-026,"Brayan Mbugua Wairimu","Grade 7 A",Male,"UTAWALA HIGH SCHOOL",95dd02f5-c187-44cf-a4b7-45c529456933
mock_95dd02f5_G7A_027,MOCK-95DD-G7A-027,"Lydia Kibet Barasa","Grade 7 A",Female,"UTAWALA HIGH SCHOOL",95dd02f5-c187-44cf-a4b7-45c529456933
mock_95dd02f5_G7A_028,MOCK-95DD-G7A-028,"Gideon Wafula Njeri","Grade 7 A",Male,"UTAWALA HIGH SCHOOL",95dd02f5-c187-44cf-a4b7-45c529456933
mock_95dd02f5_G7A_029,MOCK-95DD-G7A-029,"Joseph Juma Auma","Grade 7 A",Male,"UTAWALA HIGH SCHOOL",95dd02f5-c187-44cf-a4b7-45c529456933
mock_95dd02f5_G7A_030,MOCK-95DD-G7A-030,"Rose Omondi Wambui","Grade 7 A",Female,"UTAWALA HIGH SCHOOL",95dd02f5-c187-44cf-a4b7-45c529456933
mock_95dd02f5_G7A_031,MOCK-95DD-G7A-031,"Felix Chebet Mwangi","Grade 7 A",Male,"UTAWALA HIGH SCHOOL",95dd02f5-c187-44cf-a4b7-45c529456933
mock_95dd02f5_G7A_032,MOCK-95DD-G7A-032,"Daniel Chebet Auma","Grade 7 A",Male,"UTAWALA HIGH SCHOOL",95dd02f5-c187-44cf-a4b7-45c529456933
mock_95dd02f5_G7A_033,MOCK-95DD-G7A-033,"Peter Akinyi Wambui","Grade 7 A",Male,"UTAWALA HIGH SCHOOL",95dd02f5-c187-44cf-a4b7-45c529456933
mock_95dd02f5_G7A_034,MOCK-95DD-G7A-034,"Nicholas Adhiambo Owino","Grade 7 A",Male,"UTAWALA HIGH SCHOOL",95dd02f5-c187-44cf-a4b7-45c529456933
mock_95dd02f5_G7A_035,MOCK-95DD-G7A-035,"Michael Wairimu Barasa","Grade 7 A",Male,"UTAWALA HIGH SCHOOL",95dd02f5-c187-44cf-a4b7-45c529456933
mock_95dd02f5_G7A_036,MOCK-95DD-G7A-036,"Allan Korir Nyambura","Grade 7 A",Male,"UTAWALA HIGH SCHOOL",95dd02f5-c187-44cf-a4b7-45c529456933
mock_95dd02f5_G7A_037,MOCK-95DD-G7A-037,"Daniel Wambui Juma","Grade 7 A",Male,"UTAWALA HIGH SCHOOL",95dd02f5-c187-44cf-a4b7-45c529456933
mock_95dd02f5_G7A_038,MOCK-95DD-G7A-038,"Lucy Kamau Wafula","Grade 7 A",Female,"UTAWALA HIGH SCHOOL",95dd02f5-c187-44cf-a4b7-45c529456933
mock_95dd02f5_G7A_039,MOCK-95DD-G7A-039,"Mitchelle Barasa Owino","Grade 7 A",Female,"UTAWALA HIGH SCHOOL",95dd02f5-c187-44cf-a4b7-45c529456933
mock_95dd02f5_G7A_040,MOCK-95DD-G7A-040,"Brayan Chepkemoi Akinyi","Grade 7 A",Male,"UTAWALA HIGH SCHOOL",95dd02f5-c187-44cf-a4b7-45c529456933
mock_95dd02f5_G7A_041,MOCK-95DD-G7A-041,"Joseph Wanjiru Mutiso","Grade 7 A",Male,"UTAWALA HIGH SCHOOL",95dd02f5-c187-44cf-a4b7-45c529456933
mock_95dd02f5_G7A_042,MOCK-95DD-G7A-042,"Victor Chebet Wanjiru","Grade 7 A",Male,"UTAWALA HIGH SCHOOL",95dd02f5-c187-44cf-a4b7-45c529456933
mock_95dd02f5_G7A_043,MOCK-95DD-G7A-043,"Emmanuel Rotich Rotich","Grade 7 A",Male,"UTAWALA HIGH SCHOOL",95dd02f5-c187-44cf-a4b7-45c529456933
mock_95dd02f5_G7A_044,MOCK-95DD-G7A-044,"Beatrice Mutiso Owino","Grade 7 A",Female,"UTAWALA HIGH SCHOOL",95dd02f5-c187-44cf-a4b7-45c529456933
mock_95dd02f5_G7A_045,MOCK-95DD-G7A-045,"Collins Ochieng Nyokabi","Grade 7 A",Male,"UTAWALA HIGH SCHOOL",95dd02f5-c187-44cf-a4b7-45c529456933
mock_95dd02f5_G7A_046,MOCK-95DD-G7A-046,"Cynthia Mutiso Rotich","Grade 7 A",Female,"UTAWALA HIGH SCHOOL",95dd02f5-c187-44cf-a4b7-45c529456933
mock_95dd02f5_G7A_047,MOCK-95DD-G7A-047,"Mercy Kariuki Wambui","Grade 7 A",Female,"UTAWALA HIGH SCHOOL",95dd02f5-c187-44cf-a4b7-45c529456933
mock_95dd02f5_G7A_048,MOCK-95DD-G7A-048,"Kelvin Gitau Odhiambo","Grade 7 A",Male,"UTAWALA HIGH SCHOOL",95dd02f5-c187-44cf-a4b7-45c529456933
mock_95dd02f5_G7A_049,MOCK-95DD-G7A-049,"Vincent Akinyi Karanja","Grade 7 A",Male,"UTAWALA HIGH SCHOOL",95dd02f5-c187-44cf-a4b7-45c529456933
mock_95dd02f5_G7A_050,MOCK-95DD-G7A-050,"Mercy Were Njoroge","Grade 7 A",Female,"UTAWALA HIGH SCHOOL",95dd02f5-c187-44cf-a4b7-45c529456933
mock_95dd02f5_G7A_051,MOCK-95DD-G7A-051,"Allan Were Kamau","Grade 7 A",Male,"UTAWALA HIGH SCHOOL",95dd02f5-c187-44cf-a4b7-45c529456933
mock_95dd02f5_G7A_052,MOCK-95DD-G7A-052,"Gideon Kipchoge Owino","Grade 7 A",Male,"UTAWALA HIGH SCHOOL",95dd02f5-c187-44cf-a4b7-45c529456933
mock_95dd02f5_G7A_053,MOCK-95DD-G7A-053,"Elvis Gitau Atieno","Grade 7 A",Male,"UTAWALA HIGH SCHOOL",95dd02f5-c187-44cf-a4b7-45c529456933
mock_95dd02f5_G7A_054,MOCK-95DD-G7A-054,"Victor Kibet Nyokabi","Grade 7 A",Male,"UTAWALA HIGH SCHOOL",95dd02f5-c187-44cf-a4b7-45c529456933
mock_95dd02f5_G7A_055,MOCK-95DD-G7A-055,"Purity Achieng Kiplagat","Grade 7 A",Female,"UTAWALA HIGH SCHOOL",95dd02f5-c187-44cf-a4b7-45c529456933
mock_95dd02f5_G7A_056,MOCK-95DD-G7A-056,"Collins Owino Gitau","Grade 7 A",Male,"UTAWALA HIGH SCHOOL",95dd02f5-c187-44cf-a4b7-45c529456933
mock_95dd02f5_G7A_057,MOCK-95DD-G7A-057,"Nicholas Auma Kamau","Grade 7 A",Male,"UTAWALA HIGH SCHOOL",95dd02f5-c187-44cf-a4b7-45c529456933
mock_95dd02f5_G7A_058,MOCK-95DD-G7A-058,"Brenda Mutua Gitau","Grade 7 A",Female,"UTAWALA HIGH SCHOOL",95dd02f5-c187-44cf-a4b7-45c529456933
mock_95dd02f5_G7A_059,MOCK-95DD-G7A-059,"Allan Karanja Juma","Grade 7 A",Male,"UTAWALA HIGH SCHOOL",95dd02f5-c187-44cf-a4b7-45c529456933
mock_95dd02f5_G7A_060,MOCK-95DD-G7A-060,"Pauline Juma Wafula","Grade 7 A",Female,"UTAWALA HIGH SCHOOL",95dd02f5-c187-44cf-a4b7-45c529456933
mock_95dd02f5_G7B_001,MOCK-95DD-G7B-001,"Pauline Simiyu Kiplagat","Grade 7 B",Female,"UTAWALA HIGH SCHOOL",95dd02f5-c187-44cf-a4b7-45c529456933
mock_95dd02f5_G7B_002,MOCK-95DD-G7B-002,"Sharon Akinyi Kipchoge","Grade 7 B",Female,"UTAWALA HIGH SCHOOL",95dd02f5-c187-44cf-a4b7-45c529456933
mock_95dd02f5_G7B_003,MOCK-95DD-G7B-003,"Martin Odhiambo Wafula","Grade 7 B",Male,"UTAWALA HIGH SCHOOL",95dd02f5-c187-44cf-a4b7-45c529456933
mock_95dd02f5_G7B_004,MOCK-95DD-G7B-004,"Janet Achieng Cheruiyot","Grade 7 B",Female,"UTAWALA HIGH SCHOOL",95dd02f5-c187-44cf-a4b7-45c529456933
mock_95dd02f5_G7B_005,MOCK-95DD-G7B-005,"Grace Mutiso Odhiambo","Grade 7 B",Female,"UTAWALA HIGH SCHOOL",95dd02f5-c187-44cf-a4b7-45c529456933
mock_95dd02f5_G7B_006,MOCK-95DD-G7B-006,"Daniel Auma Omondi","Grade 7 B",Male,"UTAWALA HIGH SCHOOL",95dd02f5-c187-44cf-a4b7-45c529456933
mock_95dd02f5_G7B_007,MOCK-95DD-G7B-007,"Kelvin Wanjiru Odhiambo","Grade 7 B",Male,"UTAWALA HIGH SCHOOL",95dd02f5-c187-44cf-a4b7-45c529456933
mock_95dd02f5_G7B_008,MOCK-95DD-G7B-008,"Victor Owino Simiyu","Grade 7 B",Male,"UTAWALA HIGH SCHOOL",95dd02f5-c187-44cf-a4b7-45c529456933
mock_95dd02f5_G7B_009,MOCK-95DD-G7B-009,"Brenda Atieno Nyambura","Grade 7 B",Female,"UTAWALA HIGH SCHOOL",95dd02f5-c187-44cf-a4b7-45c529456933
mock_95dd02f5_G7B_010,MOCK-95DD-G7B-010,"Beatrice Adhiambo Omondi","Grade 7 B",Female,"UTAWALA HIGH SCHOOL",95dd02f5-c187-44cf-a4b7-45c529456933
mock_95dd02f5_G7B_011,MOCK-95DD-G7B-011,"Eunice Atieno Rotich","Grade 7 B",Female,"UTAWALA HIGH SCHOOL",95dd02f5-c187-44cf-a4b7-45c529456933
mock_95dd02f5_G7B_012,MOCK-95DD-G7B-012,"Collins Onyango Barasa","Grade 7 B",Male,"UTAWALA HIGH SCHOOL",95dd02f5-c187-44cf-a4b7-45c529456933
mock_95dd02f5_G7B_013,MOCK-95DD-G7B-013,"Cornelius Barasa Auma","Grade 7 B",Male,"UTAWALA HIGH SCHOOL",95dd02f5-c187-44cf-a4b7-45c529456933
mock_95dd02f5_G7B_014,MOCK-95DD-G7B-014,"Ian Kiplagat Kamau","Grade 7 B",Male,"UTAWALA HIGH SCHOOL",95dd02f5-c187-44cf-a4b7-45c529456933
mock_95dd02f5_G7B_015,MOCK-95DD-G7B-015,"George Mwangi Juma","Grade 7 B",Male,"UTAWALA HIGH SCHOOL",95dd02f5-c187-44cf-a4b7-45c529456933
mock_95dd02f5_G7B_016,MOCK-95DD-G7B-016,"Faith Njoroge Kamau","Grade 7 B",Female,"UTAWALA HIGH SCHOOL",95dd02f5-c187-44cf-a4b7-45c529456933
mock_95dd02f5_G7B_017,MOCK-95DD-G7B-017,"Charles Barasa Karanja","Grade 7 B",Male,"UTAWALA HIGH SCHOOL",95dd02f5-c187-44cf-a4b7-45c529456933
mock_95dd02f5_G7B_018,MOCK-95DD-G7B-018,"Mercy Cheruiyot Korir","Grade 7 B",Female,"UTAWALA HIGH SCHOOL",95dd02f5-c187-44cf-a4b7-45c529456933
mock_95dd02f5_G7B_019,MOCK-95DD-G7B-019,"Joy Akinyi Rotich","Grade 7 B",Female,"UTAWALA HIGH SCHOOL",95dd02f5-c187-44cf-a4b7-45c529456933
mock_95dd02f5_G7B_020,MOCK-95DD-G7B-020,"Maureen Barasa Odhiambo","Grade 7 B",Female,"UTAWALA HIGH SCHOOL",95dd02f5-c187-44cf-a4b7-45c529456933
mock_95dd02f5_G7B_021,MOCK-95DD-G7B-021,"Joy Nyokabi Achieng","Grade 7 B",Female,"UTAWALA HIGH SCHOOL",95dd02f5-c187-44cf-a4b7-45c529456933
mock_95dd02f5_G7B_022,MOCK-95DD-G7B-022,"Daniel Atieno Njeri","Grade 7 B",Male,"UTAWALA HIGH SCHOOL",95dd02f5-c187-44cf-a4b7-45c529456933
mock_95dd02f5_G7B_023,MOCK-95DD-G7B-023,"Daniel Atieno Wafula","Grade 7 B",Male,"UTAWALA HIGH SCHOOL",95dd02f5-c187-44cf-a4b7-45c529456933
mock_95dd02f5_G7B_024,MOCK-95DD-G7B-024,"Collins Auma Nyokabi","Grade 7 B",Male,"UTAWALA HIGH SCHOOL",95dd02f5-c187-44cf-a4b7-45c529456933
mock_95dd02f5_G7B_025,MOCK-95DD-G7B-025,"Ian Wafula Kiplagat","Grade 7 B",Male,"UTAWALA HIGH SCHOOL",95dd02f5-c187-44cf-a4b7-45c529456933
mock_95dd02f5_G7B_026,MOCK-95DD-G7B-026,"Anthony Were Kipchoge","Grade 7 B",Male,"UTAWALA HIGH SCHOOL",95dd02f5-c187-44cf-a4b7-45c529456933
mock_95dd02f5_G7B_027,MOCK-95DD-G7B-027,"Anthony Gitau Chebet","Grade 7 B",Male,"UTAWALA HIGH SCHOOL",95dd02f5-c187-44cf-a4b7-45c529456933
mock_95dd02f5_G7B_028,MOCK-95DD-G7B-028,"Winnie Maina Mutua","Grade 7 B",Female,"UTAWALA HIGH SCHOOL",95dd02f5-c187-44cf-a4b7-45c529456933
mock_95dd02f5_G7B_029,MOCK-95DD-G7B-029,"Diana Njeri Wambui","Grade 7 B",Female,"UTAWALA HIGH SCHOOL",95dd02f5-c187-44cf-a4b7-45c529456933
mock_95dd02f5_G7B_030,MOCK-95DD-G7B-030,"Diana Mwangi Barasa","Grade 7 B",Female,"UTAWALA HIGH SCHOOL",95dd02f5-c187-44cf-a4b7-45c529456933
mock_95dd02f5_G7B_031,MOCK-95DD-G7B-031,"Emmanuel Owino Njeri","Grade 7 B",Male,"UTAWALA HIGH SCHOOL",95dd02f5-c187-44cf-a4b7-45c529456933
mock_95dd02f5_G7B_032,MOCK-95DD-G7B-032,"Rose Chepkemoi Chepkemoi","Grade 7 B",Female,"UTAWALA HIGH SCHOOL",95dd02f5-c187-44cf-a4b7-45c529456933
mock_95dd02f5_G7B_033,MOCK-95DD-G7B-033,"Pauline Owino Kibet","Grade 7 B",Female,"UTAWALA HIGH SCHOOL",95dd02f5-c187-44cf-a4b7-45c529456933
mock_95dd02f5_G7B_034,MOCK-95DD-G7B-034,"Mitchelle Omondi Otieno","Grade 7 B",Female,"UTAWALA HIGH SCHOOL",95dd02f5-c187-44cf-a4b7-45c529456933
mock_95dd02f5_G7B_035,MOCK-95DD-G7B-035,"Ann Mutua Onyango","Grade 7 B",Female,"UTAWALA HIGH SCHOOL",95dd02f5-c187-44cf-a4b7-45c529456933
mock_95dd02f5_G7B_036,MOCK-95DD-G7B-036,"Cornelius Juma Atieno","Grade 7 B",Male,"UTAWALA HIGH SCHOOL",95dd02f5-c187-44cf-a4b7-45c529456933
mock_95dd02f5_G7B_037,MOCK-95DD-G7B-037,"Cynthia Omondi Otieno","Grade 7 B",Female,"UTAWALA HIGH SCHOOL",95dd02f5-c187-44cf-a4b7-45c529456933
mock_95dd02f5_G7B_038,MOCK-95DD-G7B-038,"Sylvia Mutua Karanja","Grade 7 B",Female,"UTAWALA HIGH SCHOOL",95dd02f5-c187-44cf-a4b7-45c529456933
mock_95dd02f5_G7B_039,MOCK-95DD-G7B-039,"Vincent Mbugua Atieno","Grade 7 B",Male,"UTAWALA HIGH SCHOOL",95dd02f5-c187-44cf-a4b7-45c529456933
mock_95dd02f5_G7B_040,MOCK-95DD-G7B-040,"Rose Njoroge Gitau","Grade 7 B",Female,"UTAWALA HIGH SCHOOL",95dd02f5-c187-44cf-a4b7-45c529456933
mock_95dd02f5_G7B_041,MOCK-95DD-G7B-041,"Emmanuel Rotich Nyokabi","Grade 7 B",Male,"UTAWALA HIGH SCHOOL",95dd02f5-c187-44cf-a4b7-45c529456933
mock_95dd02f5_G7B_042,MOCK-95DD-G7B-042,"Winnie Owino Barasa","Grade 7 B",Female,"UTAWALA HIGH SCHOOL",95dd02f5-c187-44cf-a4b7-45c529456933
mock_95dd02f5_G7B_043,MOCK-95DD-G7B-043,"Mitchelle Juma Auma","Grade 7 B",Female,"UTAWALA HIGH SCHOOL",95dd02f5-c187-44cf-a4b7-45c529456933
mock_95dd02f5_G7B_044,MOCK-95DD-G7B-044,"Doreen Kipchoge Nyokabi","Grade 7 B",Female,"UTAWALA HIGH SCHOOL",95dd02f5-c187-44cf-a4b7-45c529456933
mock_95dd02f5_G7B_045,MOCK-95DD-G7B-045,"Janet Mutua Chepkemoi","Grade 7 B",Female,"UTAWALA HIGH SCHOOL",95dd02f5-c187-44cf-a4b7-45c529456933
mock_95dd02f5_G7B_046,MOCK-95DD-G7B-046,"Collins Ochieng Nyambura","Grade 7 B",Male,"UTAWALA HIGH SCHOOL",95dd02f5-c187-44cf-a4b7-45c529456933
mock_95dd02f5_G7B_047,MOCK-95DD-G7B-047,"Mercy Kibet Odhiambo","Grade 7 B",Female,"UTAWALA HIGH SCHOOL",95dd02f5-c187-44cf-a4b7-45c529456933
mock_95dd02f5_G7B_048,MOCK-95DD-G7B-048,"Dennis Were Barasa","Grade 7 B",Male,"UTAWALA HIGH SCHOOL",95dd02f5-c187-44cf-a4b7-45c529456933
mock_95dd02f5_G7B_049,MOCK-95DD-G7B-049,"Faith Odhiambo Kamau","Grade 7 B",Female,"UTAWALA HIGH SCHOOL",95dd02f5-c187-44cf-a4b7-45c529456933
mock_95dd02f5_G7B_050,MOCK-95DD-G7B-050,"Lydia Kiplagat Auma","Grade 7 B",Female,"UTAWALA HIGH SCHOOL",95dd02f5-c187-44cf-a4b7-45c529456933
mock_95dd02f5_G7B_051,MOCK-95DD-G7B-051,"George Achieng Gitau","Grade 7 B",Male,"UTAWALA HIGH SCHOOL",95dd02f5-c187-44cf-a4b7-45c529456933
mock_95dd02f5_G7B_052,MOCK-95DD-G7B-052,"Nicholas Ochieng Wambui","Grade 7 B",Male,"UTAWALA HIGH SCHOOL",95dd02f5-c187-44cf-a4b7-45c529456933
mock_95dd02f5_G7B_053,MOCK-95DD-G7B-053,"Janet Njoroge Juma","Grade 7 B",Female,"UTAWALA HIGH SCHOOL",95dd02f5-c187-44cf-a4b7-45c529456933
mock_95dd02f5_G7B_054,MOCK-95DD-G7B-054,"Brayan Ochieng Chepkemoi","Grade 7 B",Male,"UTAWALA HIGH SCHOOL",95dd02f5-c187-44cf-a4b7-45c529456933
mock_95dd02f5_G7B_055,MOCK-95DD-G7B-055,"Fredrick Karanja Njoroge","Grade 7 B",Male,"UTAWALA HIGH SCHOOL",95dd02f5-c187-44cf-a4b7-45c529456933
mock_95dd02f5_G7B_056,MOCK-95DD-G7B-056,"Brayan Odhiambo Wanjiru","Grade 7 B",Male,"UTAWALA HIGH SCHOOL",95dd02f5-c187-44cf-a4b7-45c529456933
mock_95dd02f5_G7B_057,MOCK-95DD-G7B-057,"Sylvia Mutiso Wafula","Grade 7 B",Female,"UTAWALA HIGH SCHOOL",95dd02f5-c187-44cf-a4b7-45c529456933
mock_95dd02f5_G7B_058,MOCK-95DD-G7B-058,"Pauline Mutiso Maina","Grade 7 B",Female,"UTAWALA HIGH SCHOOL",95dd02f5-c187-44cf-a4b7-45c529456933
mock_95dd02f5_G7B_059,MOCK-95DD-G7B-059,"George Ochieng Cheruiyot","Grade 7 B",Male,"UTAWALA HIGH SCHOOL",95dd02f5-c187-44cf-a4b7-45c529456933
mock_95dd02f5_G7B_060,MOCK-95DD-G7B-060,"Stephen Kipchoge Achieng","Grade 7 B",Male,"UTAWALA HIGH SCHOOL",95dd02f5-c187-44cf-a4b7-45c529456933
mock_95dd02f5_G8A_001,MOCK-95DD-G8A-001,"Sharon Cheruiyot Njoroge","Grade 8 A",Female,"UTAWALA HIGH SCHOOL",95dd02f5-c187-44cf-a4b7-45c529456933
mock_95dd02f5_G8A_002,MOCK-95DD-G8A-002,"Valentine Onyango Chebet","Grade 8 A",Female,"UTAWALA HIGH SCHOOL",95dd02f5-c187-44cf-a4b7-45c529456933
mock_95dd02f5_G8A_003,MOCK-95DD-G8A-003,"Nicholas Kariuki Mutua","Grade 8 A",Male,"UTAWALA HIGH SCHOOL",95dd02f5-c187-44cf-a4b7-45c529456933
mock_95dd02f5_G8A_004,MOCK-95DD-G8A-004,"Esther Owino Wanjiru","Grade 8 A",Female,"UTAWALA HIGH SCHOOL",95dd02f5-c187-44cf-a4b7-45c529456933
mock_95dd02f5_G8A_005,MOCK-95DD-G8A-005,"Emmanuel Wanjiru Were","Grade 8 A",Male,"UTAWALA HIGH SCHOOL",95dd02f5-c187-44cf-a4b7-45c529456933
mock_95dd02f5_G8A_006,MOCK-95DD-G8A-006,"Kelvin Cheruiyot Kibet","Grade 8 A",Male,"UTAWALA HIGH SCHOOL",95dd02f5-c187-44cf-a4b7-45c529456933
mock_95dd02f5_G8A_007,MOCK-95DD-G8A-007,"George Were Mbugua","Grade 8 A",Male,"UTAWALA HIGH SCHOOL",95dd02f5-c187-44cf-a4b7-45c529456933
mock_95dd02f5_G8A_008,MOCK-95DD-G8A-008,"Valentine Akinyi Mwangi","Grade 8 A",Female,"UTAWALA HIGH SCHOOL",95dd02f5-c187-44cf-a4b7-45c529456933
mock_95dd02f5_G8A_009,MOCK-95DD-G8A-009,"Joy Auma Korir","Grade 8 A",Female,"UTAWALA HIGH SCHOOL",95dd02f5-c187-44cf-a4b7-45c529456933
mock_95dd02f5_G8A_010,MOCK-95DD-G8A-010,"Valentine Wafula Odhiambo","Grade 8 A",Female,"UTAWALA HIGH SCHOOL",95dd02f5-c187-44cf-a4b7-45c529456933
mock_95dd02f5_G8A_011,MOCK-95DD-G8A-011,"Sharon Auma Nyambura","Grade 8 A",Female,"UTAWALA HIGH SCHOOL",95dd02f5-c187-44cf-a4b7-45c529456933
mock_95dd02f5_G8A_012,MOCK-95DD-G8A-012,"Caroline Odhiambo Gitau","Grade 8 A",Female,"UTAWALA HIGH SCHOOL",95dd02f5-c187-44cf-a4b7-45c529456933
mock_95dd02f5_G8A_013,MOCK-95DD-G8A-013,"Ann Kariuki Gitau","Grade 8 A",Female,"UTAWALA HIGH SCHOOL",95dd02f5-c187-44cf-a4b7-45c529456933
mock_95dd02f5_G8A_014,MOCK-95DD-G8A-014,"Vincent Njoroge Juma","Grade 8 A",Male,"UTAWALA HIGH SCHOOL",95dd02f5-c187-44cf-a4b7-45c529456933
mock_95dd02f5_G8A_015,MOCK-95DD-G8A-015,"Lydia Gitau Auma","Grade 8 A",Female,"UTAWALA HIGH SCHOOL",95dd02f5-c187-44cf-a4b7-45c529456933
mock_95dd02f5_G8A_016,MOCK-95DD-G8A-016,"Pauline Chepkemoi Juma","Grade 8 A",Female,"UTAWALA HIGH SCHOOL",95dd02f5-c187-44cf-a4b7-45c529456933
mock_95dd02f5_G8A_017,MOCK-95DD-G8A-017,"Kelvin Achieng Onyango","Grade 8 A",Male,"UTAWALA HIGH SCHOOL",95dd02f5-c187-44cf-a4b7-45c529456933
mock_95dd02f5_G8A_018,MOCK-95DD-G8A-018,"Vincent Mwangi Simiyu","Grade 8 A",Male,"UTAWALA HIGH SCHOOL",95dd02f5-c187-44cf-a4b7-45c529456933
mock_95dd02f5_G8A_019,MOCK-95DD-G8A-019,"Peter Otieno Atieno","Grade 8 A",Male,"UTAWALA HIGH SCHOOL",95dd02f5-c187-44cf-a4b7-45c529456933
mock_95dd02f5_G8A_020,MOCK-95DD-G8A-020,"Valentine Karanja Akinyi","Grade 8 A",Female,"UTAWALA HIGH SCHOOL",95dd02f5-c187-44cf-a4b7-45c529456933
mock_95dd02f5_G8A_021,MOCK-95DD-G8A-021,"Allan Onyango Were","Grade 8 A",Male,"UTAWALA HIGH SCHOOL",95dd02f5-c187-44cf-a4b7-45c529456933
mock_95dd02f5_G8A_022,MOCK-95DD-G8A-022,"Janet Maina Wairimu","Grade 8 A",Female,"UTAWALA HIGH SCHOOL",95dd02f5-c187-44cf-a4b7-45c529456933
mock_95dd02f5_G8A_023,MOCK-95DD-G8A-023,"Duncan Rotich Juma","Grade 8 A",Male,"UTAWALA HIGH SCHOOL",95dd02f5-c187-44cf-a4b7-45c529456933
mock_95dd02f5_G8A_024,MOCK-95DD-G8A-024,"Ian Juma Chebet","Grade 8 A",Male,"UTAWALA HIGH SCHOOL",95dd02f5-c187-44cf-a4b7-45c529456933
mock_95dd02f5_G8A_025,MOCK-95DD-G8A-025,"Martin Adhiambo Were","Grade 8 A",Male,"UTAWALA HIGH SCHOOL",95dd02f5-c187-44cf-a4b7-45c529456933
mock_95dd02f5_G8A_026,MOCK-95DD-G8A-026,"Cornelius Chepkemoi Juma","Grade 8 A",Male,"UTAWALA HIGH SCHOOL",95dd02f5-c187-44cf-a4b7-45c529456933
mock_95dd02f5_G8A_027,MOCK-95DD-G8A-027,"Mitchelle Maina Mutua","Grade 8 A",Female,"UTAWALA HIGH SCHOOL",95dd02f5-c187-44cf-a4b7-45c529456933
mock_95dd02f5_G8A_028,MOCK-95DD-G8A-028,"Michael Atieno Cheruiyot","Grade 8 A",Male,"UTAWALA HIGH SCHOOL",95dd02f5-c187-44cf-a4b7-45c529456933
mock_95dd02f5_G8A_029,MOCK-95DD-G8A-029,"Nicholas Nyokabi Kariuki","Grade 8 A",Male,"UTAWALA HIGH SCHOOL",95dd02f5-c187-44cf-a4b7-45c529456933
mock_95dd02f5_G8A_030,MOCK-95DD-G8A-030,"Mary Juma Kiplagat","Grade 8 A",Female,"UTAWALA HIGH SCHOOL",95dd02f5-c187-44cf-a4b7-45c529456933
mock_95dd02f5_G8A_031,MOCK-95DD-G8A-031,"Cynthia Otieno Mwangi","Grade 8 A",Female,"UTAWALA HIGH SCHOOL",95dd02f5-c187-44cf-a4b7-45c529456933
mock_95dd02f5_G8A_032,MOCK-95DD-G8A-032,"Eric Wafula Owino","Grade 8 A",Male,"UTAWALA HIGH SCHOOL",95dd02f5-c187-44cf-a4b7-45c529456933
mock_95dd02f5_G8A_033,MOCK-95DD-G8A-033,"Mary Mbugua Onyango","Grade 8 A",Female,"UTAWALA HIGH SCHOOL",95dd02f5-c187-44cf-a4b7-45c529456933
mock_95dd02f5_G8A_034,MOCK-95DD-G8A-034,"Eric Achieng Mwangi","Grade 8 A",Male,"UTAWALA HIGH SCHOOL",95dd02f5-c187-44cf-a4b7-45c529456933
mock_95dd02f5_G8A_035,MOCK-95DD-G8A-035,"Anthony Kamau Mbugua","Grade 8 A",Male,"UTAWALA HIGH SCHOOL",95dd02f5-c187-44cf-a4b7-45c529456933
mock_95dd02f5_G8A_036,MOCK-95DD-G8A-036,"Cornelius Rotich Kipchoge","Grade 8 A",Male,"UTAWALA HIGH SCHOOL",95dd02f5-c187-44cf-a4b7-45c529456933
mock_95dd02f5_G8A_037,MOCK-95DD-G8A-037,"Nicholas Kibet Wairimu","Grade 8 A",Male,"UTAWALA HIGH SCHOOL",95dd02f5-c187-44cf-a4b7-45c529456933
mock_95dd02f5_G8A_038,MOCK-95DD-G8A-038,"Maureen Kamau Kipchoge","Grade 8 A",Female,"UTAWALA HIGH SCHOOL",95dd02f5-c187-44cf-a4b7-45c529456933
mock_95dd02f5_G8A_039,MOCK-95DD-G8A-039,"Brenda Mutua Njeri","Grade 8 A",Female,"UTAWALA HIGH SCHOOL",95dd02f5-c187-44cf-a4b7-45c529456933
mock_95dd02f5_G8A_040,MOCK-95DD-G8A-040,"Cynthia Karanja Juma","Grade 8 A",Female,"UTAWALA HIGH SCHOOL",95dd02f5-c187-44cf-a4b7-45c529456933
mock_95dd02f5_G8A_041,MOCK-95DD-G8A-041,"Caroline Odhiambo Chebet","Grade 8 A",Female,"UTAWALA HIGH SCHOOL",95dd02f5-c187-44cf-a4b7-45c529456933
mock_95dd02f5_G8A_042,MOCK-95DD-G8A-042,"Emmanuel Barasa Kiplagat","Grade 8 A",Male,"UTAWALA HIGH SCHOOL",95dd02f5-c187-44cf-a4b7-45c529456933
mock_95dd02f5_G8A_043,MOCK-95DD-G8A-043,"Fredrick Were Adhiambo","Grade 8 A",Male,"UTAWALA HIGH SCHOOL",95dd02f5-c187-44cf-a4b7-45c529456933
mock_95dd02f5_G8A_044,MOCK-95DD-G8A-044,"Lydia Otieno Owino","Grade 8 A",Female,"UTAWALA HIGH SCHOOL",95dd02f5-c187-44cf-a4b7-45c529456933
mock_95dd02f5_G8A_045,MOCK-95DD-G8A-045,"Joy Kibet Achieng","Grade 8 A",Female,"UTAWALA HIGH SCHOOL",95dd02f5-c187-44cf-a4b7-45c529456933
mock_95dd02f5_G8A_046,MOCK-95DD-G8A-046,"Mitchelle Kibet Chepkemoi","Grade 8 A",Female,"UTAWALA HIGH SCHOOL",95dd02f5-c187-44cf-a4b7-45c529456933
mock_95dd02f5_G8A_047,MOCK-95DD-G8A-047,"Stephen Odhiambo Cheruiyot","Grade 8 A",Male,"UTAWALA HIGH SCHOOL",95dd02f5-c187-44cf-a4b7-45c529456933
mock_95dd02f5_G8A_048,MOCK-95DD-G8A-048,"Eunice Gitau Wanjiru","Grade 8 A",Female,"UTAWALA HIGH SCHOOL",95dd02f5-c187-44cf-a4b7-45c529456933
mock_95dd02f5_G8A_049,MOCK-95DD-G8A-049,"Charles Karanja Mbugua","Grade 8 A",Male,"UTAWALA HIGH SCHOOL",95dd02f5-c187-44cf-a4b7-45c529456933
mock_95dd02f5_G8A_050,MOCK-95DD-G8A-050,"Stella Mutiso Owino","Grade 8 A",Female,"UTAWALA HIGH SCHOOL",95dd02f5-c187-44cf-a4b7-45c529456933
mock_95dd02f5_G8A_051,MOCK-95DD-G8A-051,"Doreen Wafula Karanja","Grade 8 A",Female,"UTAWALA HIGH SCHOOL",95dd02f5-c187-44cf-a4b7-45c529456933
mock_95dd02f5_G8A_052,MOCK-95DD-G8A-052,"Collins Adhiambo Gitau","Grade 8 A",Male,"UTAWALA HIGH SCHOOL",95dd02f5-c187-44cf-a4b7-45c529456933
mock_95dd02f5_G8A_053,MOCK-95DD-G8A-053,"Martin Gitau Ochieng","Grade 8 A",Male,"UTAWALA HIGH SCHOOL",95dd02f5-c187-44cf-a4b7-45c529456933
mock_95dd02f5_G8A_054,MOCK-95DD-G8A-054,"Kevin Kariuki Chepkemoi","Grade 8 A",Male,"UTAWALA HIGH SCHOOL",95dd02f5-c187-44cf-a4b7-45c529456933
mock_95dd02f5_G8A_055,MOCK-95DD-G8A-055,"Duncan Juma Mutua","Grade 8 A",Male,"UTAWALA HIGH SCHOOL",95dd02f5-c187-44cf-a4b7-45c529456933
mock_95dd02f5_G8A_056,MOCK-95DD-G8A-056,"Vincent Onyango Njeri","Grade 8 A",Male,"UTAWALA HIGH SCHOOL",95dd02f5-c187-44cf-a4b7-45c529456933
mock_95dd02f5_G8A_057,MOCK-95DD-G8A-057,"Michael Chepkemoi Karanja","Grade 8 A",Male,"UTAWALA HIGH SCHOOL",95dd02f5-c187-44cf-a4b7-45c529456933
mock_95dd02f5_G8A_058,MOCK-95DD-G8A-058,"Lydia Kamau Mbugua","Grade 8 A",Female,"UTAWALA HIGH SCHOOL",95dd02f5-c187-44cf-a4b7-45c529456933
mock_95dd02f5_G8A_059,MOCK-95DD-G8A-059,"Daniel Chepkemoi Chepkemoi","Grade 8 A",Male,"UTAWALA HIGH SCHOOL",95dd02f5-c187-44cf-a4b7-45c529456933
mock_95dd02f5_G8A_060,MOCK-95DD-G8A-060,"Brenda Mutua Chepkemoi","Grade 8 A",Female,"UTAWALA HIGH SCHOOL",95dd02f5-c187-44cf-a4b7-45c529456933
mock_95dd02f5_G8B_001,MOCK-95DD-G8B-001,"Grace Gitau Onyango","Grade 8 B",Female,"UTAWALA HIGH SCHOOL",95dd02f5-c187-44cf-a4b7-45c529456933
mock_95dd02f5_G8B_002,MOCK-95DD-G8B-002,"Winnie Korir Mutiso","Grade 8 B",Female,"UTAWALA HIGH SCHOOL",95dd02f5-c187-44cf-a4b7-45c529456933
mock_95dd02f5_G8B_003,MOCK-95DD-G8B-003,"Sharon Korir Mwangi","Grade 8 B",Female,"UTAWALA HIGH SCHOOL",95dd02f5-c187-44cf-a4b7-45c529456933
mock_95dd02f5_G8B_004,MOCK-95DD-G8B-004,"Daniel Owino Mbugua","Grade 8 B",Male,"UTAWALA HIGH SCHOOL",95dd02f5-c187-44cf-a4b7-45c529456933
mock_95dd02f5_G8B_005,MOCK-95DD-G8B-005,"Mercy Mwangi Odhiambo","Grade 8 B",Female,"UTAWALA HIGH SCHOOL",95dd02f5-c187-44cf-a4b7-45c529456933
mock_95dd02f5_G8B_006,MOCK-95DD-G8B-006,"Felix Nyokabi Onyango","Grade 8 B",Male,"UTAWALA HIGH SCHOOL",95dd02f5-c187-44cf-a4b7-45c529456933
mock_95dd02f5_G8B_007,MOCK-95DD-G8B-007,"Ian Mutua Omondi","Grade 8 B",Male,"UTAWALA HIGH SCHOOL",95dd02f5-c187-44cf-a4b7-45c529456933
mock_95dd02f5_G8B_008,MOCK-95DD-G8B-008,"Kevin Kiplagat Owino","Grade 8 B",Male,"UTAWALA HIGH SCHOOL",95dd02f5-c187-44cf-a4b7-45c529456933
mock_95dd02f5_G8B_009,MOCK-95DD-G8B-009,"Peter Otieno Akinyi","Grade 8 B",Male,"UTAWALA HIGH SCHOOL",95dd02f5-c187-44cf-a4b7-45c529456933
mock_95dd02f5_G8B_010,MOCK-95DD-G8B-010,"Sylvia Wambui Kiplagat","Grade 8 B",Female,"UTAWALA HIGH SCHOOL",95dd02f5-c187-44cf-a4b7-45c529456933
mock_95dd02f5_G8B_011,MOCK-95DD-G8B-011,"Emmanuel Cheruiyot Kamau","Grade 8 B",Male,"UTAWALA HIGH SCHOOL",95dd02f5-c187-44cf-a4b7-45c529456933
mock_95dd02f5_G8B_012,MOCK-95DD-G8B-012,"Lydia Otieno Wambui","Grade 8 B",Female,"UTAWALA HIGH SCHOOL",95dd02f5-c187-44cf-a4b7-45c529456933
mock_95dd02f5_G8B_013,MOCK-95DD-G8B-013,"Kelvin Onyango Onyango","Grade 8 B",Male,"UTAWALA HIGH SCHOOL",95dd02f5-c187-44cf-a4b7-45c529456933
mock_95dd02f5_G8B_014,MOCK-95DD-G8B-014,"Brenda Wanjiru Karanja","Grade 8 B",Female,"UTAWALA HIGH SCHOOL",95dd02f5-c187-44cf-a4b7-45c529456933
mock_95dd02f5_G8B_015,MOCK-95DD-G8B-015,"Joseph Owino Juma","Grade 8 B",Male,"UTAWALA HIGH SCHOOL",95dd02f5-c187-44cf-a4b7-45c529456933
mock_95dd02f5_G8B_016,MOCK-95DD-G8B-016,"Faith Chebet Nyambura","Grade 8 B",Female,"UTAWALA HIGH SCHOOL",95dd02f5-c187-44cf-a4b7-45c529456933
mock_95dd02f5_G8B_017,MOCK-95DD-G8B-017,"Elvis Kipchoge Wambui","Grade 8 B",Male,"UTAWALA HIGH SCHOOL",95dd02f5-c187-44cf-a4b7-45c529456933
mock_95dd02f5_G8B_018,MOCK-95DD-G8B-018,"Charles Mutiso Rotich","Grade 8 B",Male,"UTAWALA HIGH SCHOOL",95dd02f5-c187-44cf-a4b7-45c529456933
mock_95dd02f5_G8B_019,MOCK-95DD-G8B-019,"Joseph Kipchoge Wafula","Grade 8 B",Male,"UTAWALA HIGH SCHOOL",95dd02f5-c187-44cf-a4b7-45c529456933
mock_95dd02f5_G8B_020,MOCK-95DD-G8B-020,"Mitchelle Ochieng Maina","Grade 8 B",Female,"UTAWALA HIGH SCHOOL",95dd02f5-c187-44cf-a4b7-45c529456933
mock_95dd02f5_G8B_021,MOCK-95DD-G8B-021,"Nancy Wanjiru Mutiso","Grade 8 B",Female,"UTAWALA HIGH SCHOOL",95dd02f5-c187-44cf-a4b7-45c529456933
mock_95dd02f5_G8B_022,MOCK-95DD-G8B-022,"Sylvia Wafula Wafula","Grade 8 B",Female,"UTAWALA HIGH SCHOOL",95dd02f5-c187-44cf-a4b7-45c529456933
mock_95dd02f5_G8B_023,MOCK-95DD-G8B-023,"Maureen Njoroge Kipchoge","Grade 8 B",Female,"UTAWALA HIGH SCHOOL",95dd02f5-c187-44cf-a4b7-45c529456933
mock_95dd02f5_G8B_024,MOCK-95DD-G8B-024,"Charles Nyokabi Njoroge","Grade 8 B",Male,"UTAWALA HIGH SCHOOL",95dd02f5-c187-44cf-a4b7-45c529456933
mock_95dd02f5_G8B_025,MOCK-95DD-G8B-025,"Pauline Wairimu Kiplagat","Grade 8 B",Female,"UTAWALA HIGH SCHOOL",95dd02f5-c187-44cf-a4b7-45c529456933
mock_95dd02f5_G8B_026,MOCK-95DD-G8B-026,"Patrick Mwangi Mutiso","Grade 8 B",Male,"UTAWALA HIGH SCHOOL",95dd02f5-c187-44cf-a4b7-45c529456933
mock_95dd02f5_G8B_027,MOCK-95DD-G8B-027,"Samuel Kiplagat Auma","Grade 8 B",Male,"UTAWALA HIGH SCHOOL",95dd02f5-c187-44cf-a4b7-45c529456933
mock_95dd02f5_G8B_028,MOCK-95DD-G8B-028,"Anthony Wairimu Omondi","Grade 8 B",Male,"UTAWALA HIGH SCHOOL",95dd02f5-c187-44cf-a4b7-45c529456933
mock_95dd02f5_G8B_029,MOCK-95DD-G8B-029,"Stephen Wambui Adhiambo","Grade 8 B",Male,"UTAWALA HIGH SCHOOL",95dd02f5-c187-44cf-a4b7-45c529456933
mock_95dd02f5_G8B_030,MOCK-95DD-G8B-030,"Beatrice Gitau Maina","Grade 8 B",Female,"UTAWALA HIGH SCHOOL",95dd02f5-c187-44cf-a4b7-45c529456933
mock_95dd02f5_G8B_031,MOCK-95DD-G8B-031,"Felix Omondi Karanja","Grade 8 B",Male,"UTAWALA HIGH SCHOOL",95dd02f5-c187-44cf-a4b7-45c529456933
mock_95dd02f5_G8B_032,MOCK-95DD-G8B-032,"Purity Njeri Omondi","Grade 8 B",Female,"UTAWALA HIGH SCHOOL",95dd02f5-c187-44cf-a4b7-45c529456933
mock_95dd02f5_G8B_033,MOCK-95DD-G8B-033,"Cornelius Mwangi Owino","Grade 8 B",Male,"UTAWALA HIGH SCHOOL",95dd02f5-c187-44cf-a4b7-45c529456933
mock_95dd02f5_G8B_034,MOCK-95DD-G8B-034,"Allan Otieno Nyambura","Grade 8 B",Male,"UTAWALA HIGH SCHOOL",95dd02f5-c187-44cf-a4b7-45c529456933
mock_95dd02f5_G8B_035,MOCK-95DD-G8B-035,"Eric Akinyi Kiplagat","Grade 8 B",Male,"UTAWALA HIGH SCHOOL",95dd02f5-c187-44cf-a4b7-45c529456933
mock_95dd02f5_G8B_036,MOCK-95DD-G8B-036,"Allan Chepkemoi Wambui","Grade 8 B",Male,"UTAWALA HIGH SCHOOL",95dd02f5-c187-44cf-a4b7-45c529456933
mock_95dd02f5_G8B_037,MOCK-95DD-G8B-037,"George Omondi Kariuki","Grade 8 B",Male,"UTAWALA HIGH SCHOOL",95dd02f5-c187-44cf-a4b7-45c529456933
mock_95dd02f5_G8B_038,MOCK-95DD-G8B-038,"Cornelius Odhiambo Owino","Grade 8 B",Male,"UTAWALA HIGH SCHOOL",95dd02f5-c187-44cf-a4b7-45c529456933
mock_95dd02f5_G8B_039,MOCK-95DD-G8B-039,"Kelvin Ochieng Kariuki","Grade 8 B",Male,"UTAWALA HIGH SCHOOL",95dd02f5-c187-44cf-a4b7-45c529456933
mock_95dd02f5_G8B_040,MOCK-95DD-G8B-040,"Anthony Wairimu Kariuki","Grade 8 B",Male,"UTAWALA HIGH SCHOOL",95dd02f5-c187-44cf-a4b7-45c529456933
mock_95dd02f5_G8B_041,MOCK-95DD-G8B-041,"Nancy Korir Kariuki","Grade 8 B",Female,"UTAWALA HIGH SCHOOL",95dd02f5-c187-44cf-a4b7-45c529456933
mock_95dd02f5_G8B_042,MOCK-95DD-G8B-042,"Lydia Ochieng Atieno","Grade 8 B",Female,"UTAWALA HIGH SCHOOL",95dd02f5-c187-44cf-a4b7-45c529456933
mock_95dd02f5_G8B_043,MOCK-95DD-G8B-043,"Samuel Nyokabi Ochieng","Grade 8 B",Male,"UTAWALA HIGH SCHOOL",95dd02f5-c187-44cf-a4b7-45c529456933
mock_95dd02f5_G8B_044,MOCK-95DD-G8B-044,"Victor Maina Akinyi","Grade 8 B",Male,"UTAWALA HIGH SCHOOL",95dd02f5-c187-44cf-a4b7-45c529456933
mock_95dd02f5_G8B_045,MOCK-95DD-G8B-045,"Mercy Karanja Owino","Grade 8 B",Female,"UTAWALA HIGH SCHOOL",95dd02f5-c187-44cf-a4b7-45c529456933
mock_95dd02f5_G8B_046,MOCK-95DD-G8B-046,"Lydia Korir Were","Grade 8 B",Female,"UTAWALA HIGH SCHOOL",95dd02f5-c187-44cf-a4b7-45c529456933
mock_95dd02f5_G8B_047,MOCK-95DD-G8B-047,"Michael Kibet Onyango","Grade 8 B",Male,"UTAWALA HIGH SCHOOL",95dd02f5-c187-44cf-a4b7-45c529456933
mock_95dd02f5_G8B_048,MOCK-95DD-G8B-048,"Diana Kibet Karanja","Grade 8 B",Female,"UTAWALA HIGH SCHOOL",95dd02f5-c187-44cf-a4b7-45c529456933
mock_95dd02f5_G8B_049,MOCK-95DD-G8B-049,"Sharon Mutua Onyango","Grade 8 B",Female,"UTAWALA HIGH SCHOOL",95dd02f5-c187-44cf-a4b7-45c529456933
mock_95dd02f5_G8B_050,MOCK-95DD-G8B-050,"Sharon Juma Were","Grade 8 B",Female,"UTAWALA HIGH SCHOOL",95dd02f5-c187-44cf-a4b7-45c529456933
mock_95dd02f5_G8B_051,MOCK-95DD-G8B-051,"Brayan Njoroge Wafula","Grade 8 B",Male,"UTAWALA HIGH SCHOOL",95dd02f5-c187-44cf-a4b7-45c529456933
mock_95dd02f5_G8B_052,MOCK-95DD-G8B-052,"Caroline Mbugua Were","Grade 8 B",Female,"UTAWALA HIGH SCHOOL",95dd02f5-c187-44cf-a4b7-45c529456933
mock_95dd02f5_G8B_053,MOCK-95DD-G8B-053,"Lydia Wambui Kamau","Grade 8 B",Female,"UTAWALA HIGH SCHOOL",95dd02f5-c187-44cf-a4b7-45c529456933
mock_95dd02f5_G8B_054,MOCK-95DD-G8B-054,"Martin Barasa Korir","Grade 8 B",Male,"UTAWALA HIGH SCHOOL",95dd02f5-c187-44cf-a4b7-45c529456933
mock_95dd02f5_G8B_055,MOCK-95DD-G8B-055,"Felix Chepkemoi Nyambura","Grade 8 B",Male,"UTAWALA HIGH SCHOOL",95dd02f5-c187-44cf-a4b7-45c529456933
mock_95dd02f5_G8B_056,MOCK-95DD-G8B-056,"Diana Chepkemoi Wairimu","Grade 8 B",Female,"UTAWALA HIGH SCHOOL",95dd02f5-c187-44cf-a4b7-45c529456933
mock_95dd02f5_G8B_057,MOCK-95DD-G8B-057,"Winnie Achieng Otieno","Grade 8 B",Female,"UTAWALA HIGH SCHOOL",95dd02f5-c187-44cf-a4b7-45c529456933
mock_95dd02f5_G8B_058,MOCK-95DD-G8B-058,"Nancy Omondi Kibet","Grade 8 B",Female,"UTAWALA HIGH SCHOOL",95dd02f5-c187-44cf-a4b7-45c529456933
mock_95dd02f5_G8B_059,MOCK-95DD-G8B-059,"Martin Kiplagat Wafula","Grade 8 B",Male,"UTAWALA HIGH SCHOOL",95dd02f5-c187-44cf-a4b7-45c529456933
mock_95dd02f5_G8B_060,MOCK-95DD-G8B-060,"Elvis Kamau Otieno","Grade 8 B",Male,"UTAWALA HIGH SCHOOL",95dd02f5-c187-44cf-a4b7-45c529456933
mock_95dd02f5_G9A_001,MOCK-95DD-G9A-001,"Pauline Kipchoge Chebet","Grade 9 A",Female,"UTAWALA HIGH SCHOOL",95dd02f5-c187-44cf-a4b7-45c529456933
mock_95dd02f5_G9A_002,MOCK-95DD-G9A-002,"Grace Barasa Otieno","Grade 9 A",Female,"UTAWALA HIGH SCHOOL",95dd02f5-c187-44cf-a4b7-45c529456933
mock_95dd02f5_G9A_003,MOCK-95DD-G9A-003,"Brayan Auma Nyokabi","Grade 9 A",Male,"UTAWALA HIGH SCHOOL",95dd02f5-c187-44cf-a4b7-45c529456933
mock_95dd02f5_G9A_004,MOCK-95DD-G9A-004,"Faith Gitau Mwangi","Grade 9 A",Female,"UTAWALA HIGH SCHOOL",95dd02f5-c187-44cf-a4b7-45c529456933
mock_95dd02f5_G9A_005,MOCK-95DD-G9A-005,"Cornelius Rotich Njoroge","Grade 9 A",Male,"UTAWALA HIGH SCHOOL",95dd02f5-c187-44cf-a4b7-45c529456933
mock_95dd02f5_G9A_006,MOCK-95DD-G9A-006,"Fredrick Kiplagat Kariuki","Grade 9 A",Male,"UTAWALA HIGH SCHOOL",95dd02f5-c187-44cf-a4b7-45c529456933
mock_95dd02f5_G9A_007,MOCK-95DD-G9A-007,"Faith Mbugua Kamau","Grade 9 A",Female,"UTAWALA HIGH SCHOOL",95dd02f5-c187-44cf-a4b7-45c529456933
mock_95dd02f5_G9A_008,MOCK-95DD-G9A-008,"Rose Odhiambo Cheruiyot","Grade 9 A",Female,"UTAWALA HIGH SCHOOL",95dd02f5-c187-44cf-a4b7-45c529456933
mock_95dd02f5_G9A_009,MOCK-95DD-G9A-009,"Allan Njoroge Owino","Grade 9 A",Male,"UTAWALA HIGH SCHOOL",95dd02f5-c187-44cf-a4b7-45c529456933
mock_95dd02f5_G9A_010,MOCK-95DD-G9A-010,"George Nyokabi Kipchoge","Grade 9 A",Male,"UTAWALA HIGH SCHOOL",95dd02f5-c187-44cf-a4b7-45c529456933
mock_95dd02f5_G9A_011,MOCK-95DD-G9A-011,"Felix Mwangi Njoroge","Grade 9 A",Male,"UTAWALA HIGH SCHOOL",95dd02f5-c187-44cf-a4b7-45c529456933
mock_95dd02f5_G9A_012,MOCK-95DD-G9A-012,"Beatrice Njoroge Mwangi","Grade 9 A",Female,"UTAWALA HIGH SCHOOL",95dd02f5-c187-44cf-a4b7-45c529456933
mock_95dd02f5_G9A_013,MOCK-95DD-G9A-013,"Mary Wairimu Omondi","Grade 9 A",Female,"UTAWALA HIGH SCHOOL",95dd02f5-c187-44cf-a4b7-45c529456933
mock_95dd02f5_G9A_014,MOCK-95DD-G9A-014,"Patrick Cheruiyot Auma","Grade 9 A",Male,"UTAWALA HIGH SCHOOL",95dd02f5-c187-44cf-a4b7-45c529456933
mock_95dd02f5_G9A_015,MOCK-95DD-G9A-015,"Collins Korir Maina","Grade 9 A",Male,"UTAWALA HIGH SCHOOL",95dd02f5-c187-44cf-a4b7-45c529456933
mock_95dd02f5_G9A_016,MOCK-95DD-G9A-016,"Stephen Simiyu Barasa","Grade 9 A",Male,"UTAWALA HIGH SCHOOL",95dd02f5-c187-44cf-a4b7-45c529456933
mock_95dd02f5_G9A_017,MOCK-95DD-G9A-017,"Joseph Chebet Kariuki","Grade 9 A",Male,"UTAWALA HIGH SCHOOL",95dd02f5-c187-44cf-a4b7-45c529456933
mock_95dd02f5_G9A_018,MOCK-95DD-G9A-018,"Linet Juma Mbugua","Grade 9 A",Female,"UTAWALA HIGH SCHOOL",95dd02f5-c187-44cf-a4b7-45c529456933
mock_95dd02f5_G9A_019,MOCK-95DD-G9A-019,"Dennis Akinyi Chebet","Grade 9 A",Male,"UTAWALA HIGH SCHOOL",95dd02f5-c187-44cf-a4b7-45c529456933
mock_95dd02f5_G9A_020,MOCK-95DD-G9A-020,"Esther Cheruiyot Ochieng","Grade 9 A",Female,"UTAWALA HIGH SCHOOL",95dd02f5-c187-44cf-a4b7-45c529456933
mock_95dd02f5_G9A_021,MOCK-95DD-G9A-021,"Joseph Nyambura Wairimu","Grade 9 A",Male,"UTAWALA HIGH SCHOOL",95dd02f5-c187-44cf-a4b7-45c529456933
mock_95dd02f5_G9A_022,MOCK-95DD-G9A-022,"Elvis Simiyu Korir","Grade 9 A",Male,"UTAWALA HIGH SCHOOL",95dd02f5-c187-44cf-a4b7-45c529456933
mock_95dd02f5_G9A_023,MOCK-95DD-G9A-023,"Janet Wanjiru Nyambura","Grade 9 A",Female,"UTAWALA HIGH SCHOOL",95dd02f5-c187-44cf-a4b7-45c529456933
mock_95dd02f5_G9A_024,MOCK-95DD-G9A-024,"Cornelius Adhiambo Owino","Grade 9 A",Male,"UTAWALA HIGH SCHOOL",95dd02f5-c187-44cf-a4b7-45c529456933
mock_95dd02f5_G9A_025,MOCK-95DD-G9A-025,"Duncan Chepkemoi Kibet","Grade 9 A",Male,"UTAWALA HIGH SCHOOL",95dd02f5-c187-44cf-a4b7-45c529456933
mock_95dd02f5_G9A_026,MOCK-95DD-G9A-026,"Pauline Nyambura Kipchoge","Grade 9 A",Female,"UTAWALA HIGH SCHOOL",95dd02f5-c187-44cf-a4b7-45c529456933
mock_95dd02f5_G9A_027,MOCK-95DD-G9A-027,"Charles Mutua Wafula","Grade 9 A",Male,"UTAWALA HIGH SCHOOL",95dd02f5-c187-44cf-a4b7-45c529456933
mock_95dd02f5_G9A_028,MOCK-95DD-G9A-028,"Brenda Atieno Mutiso","Grade 9 A",Female,"UTAWALA HIGH SCHOOL",95dd02f5-c187-44cf-a4b7-45c529456933
mock_95dd02f5_G9A_029,MOCK-95DD-G9A-029,"Duncan Barasa Kipchoge","Grade 9 A",Male,"UTAWALA HIGH SCHOOL",95dd02f5-c187-44cf-a4b7-45c529456933
mock_95dd02f5_G9A_030,MOCK-95DD-G9A-030,"Christine Njeri Were","Grade 9 A",Female,"UTAWALA HIGH SCHOOL",95dd02f5-c187-44cf-a4b7-45c529456933
mock_95dd02f5_G9A_031,MOCK-95DD-G9A-031,"George Wafula Kipchoge","Grade 9 A",Male,"UTAWALA HIGH SCHOOL",95dd02f5-c187-44cf-a4b7-45c529456933
mock_95dd02f5_G9A_032,MOCK-95DD-G9A-032,"Cynthia Auma Kariuki","Grade 9 A",Female,"UTAWALA HIGH SCHOOL",95dd02f5-c187-44cf-a4b7-45c529456933
mock_95dd02f5_G9A_033,MOCK-95DD-G9A-033,"Nicholas Owino Onyango","Grade 9 A",Male,"UTAWALA HIGH SCHOOL",95dd02f5-c187-44cf-a4b7-45c529456933
mock_95dd02f5_G9A_034,MOCK-95DD-G9A-034,"Christine Mbugua Omondi","Grade 9 A",Female,"UTAWALA HIGH SCHOOL",95dd02f5-c187-44cf-a4b7-45c529456933
mock_95dd02f5_G9A_035,MOCK-95DD-G9A-035,"Martin Maina Omondi","Grade 9 A",Male,"UTAWALA HIGH SCHOOL",95dd02f5-c187-44cf-a4b7-45c529456933
mock_95dd02f5_G9A_036,MOCK-95DD-G9A-036,"Lydia Mutua Juma","Grade 9 A",Female,"UTAWALA HIGH SCHOOL",95dd02f5-c187-44cf-a4b7-45c529456933
mock_95dd02f5_G9A_037,MOCK-95DD-G9A-037,"Dennis Simiyu Mutiso","Grade 9 A",Male,"UTAWALA HIGH SCHOOL",95dd02f5-c187-44cf-a4b7-45c529456933
mock_95dd02f5_G9A_038,MOCK-95DD-G9A-038,"Daniel Adhiambo Otieno","Grade 9 A",Male,"UTAWALA HIGH SCHOOL",95dd02f5-c187-44cf-a4b7-45c529456933
mock_95dd02f5_G9A_039,MOCK-95DD-G9A-039,"Kelvin Wafula Chepkemoi","Grade 9 A",Male,"UTAWALA HIGH SCHOOL",95dd02f5-c187-44cf-a4b7-45c529456933
mock_95dd02f5_G9A_040,MOCK-95DD-G9A-040,"Elvis Wairimu Owino","Grade 9 A",Male,"UTAWALA HIGH SCHOOL",95dd02f5-c187-44cf-a4b7-45c529456933
mock_95dd02f5_G9A_041,MOCK-95DD-G9A-041,"Janet Wafula Wafula","Grade 9 A",Female,"UTAWALA HIGH SCHOOL",95dd02f5-c187-44cf-a4b7-45c529456933
mock_95dd02f5_G9A_042,MOCK-95DD-G9A-042,"Christine Cheruiyot Rotich","Grade 9 A",Female,"UTAWALA HIGH SCHOOL",95dd02f5-c187-44cf-a4b7-45c529456933
mock_95dd02f5_G9A_043,MOCK-95DD-G9A-043,"Stella Njoroge Ochieng","Grade 9 A",Female,"UTAWALA HIGH SCHOOL",95dd02f5-c187-44cf-a4b7-45c529456933
mock_95dd02f5_G9A_044,MOCK-95DD-G9A-044,"Winnie Njeri Akinyi","Grade 9 A",Female,"UTAWALA HIGH SCHOOL",95dd02f5-c187-44cf-a4b7-45c529456933
mock_95dd02f5_G9A_045,MOCK-95DD-G9A-045,"Winnie Onyango Achieng","Grade 9 A",Female,"UTAWALA HIGH SCHOOL",95dd02f5-c187-44cf-a4b7-45c529456933
mock_95dd02f5_G9A_046,MOCK-95DD-G9A-046,"Winnie Wairimu Kiplagat","Grade 9 A",Female,"UTAWALA HIGH SCHOOL",95dd02f5-c187-44cf-a4b7-45c529456933
mock_95dd02f5_G9A_047,MOCK-95DD-G9A-047,"Esther Korir Wanjiru","Grade 9 A",Female,"UTAWALA HIGH SCHOOL",95dd02f5-c187-44cf-a4b7-45c529456933
mock_95dd02f5_G9A_048,MOCK-95DD-G9A-048,"Caroline Juma Achieng","Grade 9 A",Female,"UTAWALA HIGH SCHOOL",95dd02f5-c187-44cf-a4b7-45c529456933
mock_95dd02f5_G9A_049,MOCK-95DD-G9A-049,"George Juma Nyambura","Grade 9 A",Male,"UTAWALA HIGH SCHOOL",95dd02f5-c187-44cf-a4b7-45c529456933
mock_95dd02f5_G9A_050,MOCK-95DD-G9A-050,"Daniel Owino Mutiso","Grade 9 A",Male,"UTAWALA HIGH SCHOOL",95dd02f5-c187-44cf-a4b7-45c529456933
mock_95dd02f5_G9A_051,MOCK-95DD-G9A-051,"Esther Kibet Nyambura","Grade 9 A",Female,"UTAWALA HIGH SCHOOL",95dd02f5-c187-44cf-a4b7-45c529456933
mock_95dd02f5_G9A_052,MOCK-95DD-G9A-052,"Christine Chepkemoi Ochieng","Grade 9 A",Female,"UTAWALA HIGH SCHOOL",95dd02f5-c187-44cf-a4b7-45c529456933
mock_95dd02f5_G9A_053,MOCK-95DD-G9A-053,"Doreen Maina Adhiambo","Grade 9 A",Female,"UTAWALA HIGH SCHOOL",95dd02f5-c187-44cf-a4b7-45c529456933
mock_95dd02f5_G9A_054,MOCK-95DD-G9A-054,"Mercy Kipchoge Gitau","Grade 9 A",Female,"UTAWALA HIGH SCHOOL",95dd02f5-c187-44cf-a4b7-45c529456933
mock_95dd02f5_G9A_055,MOCK-95DD-G9A-055,"Caroline Wairimu Kamau","Grade 9 A",Female,"UTAWALA HIGH SCHOOL",95dd02f5-c187-44cf-a4b7-45c529456933
mock_95dd02f5_G9A_056,MOCK-95DD-G9A-056,"Beatrice Juma Achieng","Grade 9 A",Female,"UTAWALA HIGH SCHOOL",95dd02f5-c187-44cf-a4b7-45c529456933
mock_95dd02f5_G9A_057,MOCK-95DD-G9A-057,"Gideon Wairimu Mwangi","Grade 9 A",Male,"UTAWALA HIGH SCHOOL",95dd02f5-c187-44cf-a4b7-45c529456933
mock_95dd02f5_G9A_058,MOCK-95DD-G9A-058,"Gideon Chepkemoi Gitau","Grade 9 A",Male,"UTAWALA HIGH SCHOOL",95dd02f5-c187-44cf-a4b7-45c529456933
mock_95dd02f5_G9A_059,MOCK-95DD-G9A-059,"Valentine Chepkemoi Adhiambo","Grade 9 A",Female,"UTAWALA HIGH SCHOOL",95dd02f5-c187-44cf-a4b7-45c529456933
mock_95dd02f5_G9A_060,MOCK-95DD-G9A-060,"Duncan Mwangi Wairimu","Grade 9 A",Male,"UTAWALA HIGH SCHOOL",95dd02f5-c187-44cf-a4b7-45c529456933
mock_95dd02f5_G9B_001,MOCK-95DD-G9B-001,"Peter Juma Rotich","Grade 9 B",Male,"UTAWALA HIGH SCHOOL",95dd02f5-c187-44cf-a4b7-45c529456933
mock_95dd02f5_G9B_002,MOCK-95DD-G9B-002,"Doreen Njeri Gitau","Grade 9 B",Female,"UTAWALA HIGH SCHOOL",95dd02f5-c187-44cf-a4b7-45c529456933
mock_95dd02f5_G9B_003,MOCK-95DD-G9B-003,"Rose Rotich Akinyi","Grade 9 B",Female,"UTAWALA HIGH SCHOOL",95dd02f5-c187-44cf-a4b7-45c529456933
mock_95dd02f5_G9B_004,MOCK-95DD-G9B-004,"Sylvia Wanjiru Onyango","Grade 9 B",Female,"UTAWALA HIGH SCHOOL",95dd02f5-c187-44cf-a4b7-45c529456933
mock_95dd02f5_G9B_005,MOCK-95DD-G9B-005,"Ann Wafula Odhiambo","Grade 9 B",Female,"UTAWALA HIGH SCHOOL",95dd02f5-c187-44cf-a4b7-45c529456933
mock_95dd02f5_G9B_006,MOCK-95DD-G9B-006,"Eric Njeri Chepkemoi","Grade 9 B",Male,"UTAWALA HIGH SCHOOL",95dd02f5-c187-44cf-a4b7-45c529456933
mock_95dd02f5_G9B_007,MOCK-95DD-G9B-007,"Cornelius Mwangi Wafula","Grade 9 B",Male,"UTAWALA HIGH SCHOOL",95dd02f5-c187-44cf-a4b7-45c529456933
mock_95dd02f5_G9B_008,MOCK-95DD-G9B-008,"Faith Kariuki Mutiso","Grade 9 B",Female,"UTAWALA HIGH SCHOOL",95dd02f5-c187-44cf-a4b7-45c529456933
mock_95dd02f5_G9B_009,MOCK-95DD-G9B-009,"Felix Auma Simiyu","Grade 9 B",Male,"UTAWALA HIGH SCHOOL",95dd02f5-c187-44cf-a4b7-45c529456933
mock_95dd02f5_G9B_010,MOCK-95DD-G9B-010,"Duncan Akinyi Nyokabi","Grade 9 B",Male,"UTAWALA HIGH SCHOOL",95dd02f5-c187-44cf-a4b7-45c529456933
mock_95dd02f5_G9B_011,MOCK-95DD-G9B-011,"Brian Barasa Auma","Grade 9 B",Male,"UTAWALA HIGH SCHOOL",95dd02f5-c187-44cf-a4b7-45c529456933
mock_95dd02f5_G9B_012,MOCK-95DD-G9B-012,"Lucy Achieng Kiplagat","Grade 9 B",Female,"UTAWALA HIGH SCHOOL",95dd02f5-c187-44cf-a4b7-45c529456933
mock_95dd02f5_G9B_013,MOCK-95DD-G9B-013,"Vincent Chepkemoi Maina","Grade 9 B",Male,"UTAWALA HIGH SCHOOL",95dd02f5-c187-44cf-a4b7-45c529456933
mock_95dd02f5_G9B_014,MOCK-95DD-G9B-014,"Brayan Chebet Omondi","Grade 9 B",Male,"UTAWALA HIGH SCHOOL",95dd02f5-c187-44cf-a4b7-45c529456933
mock_95dd02f5_G9B_015,MOCK-95DD-G9B-015,"Martin Rotich Wanjiru","Grade 9 B",Male,"UTAWALA HIGH SCHOOL",95dd02f5-c187-44cf-a4b7-45c529456933
mock_95dd02f5_G9B_016,MOCK-95DD-G9B-016,"Brian Adhiambo Achieng","Grade 9 B",Male,"UTAWALA HIGH SCHOOL",95dd02f5-c187-44cf-a4b7-45c529456933
mock_95dd02f5_G9B_017,MOCK-95DD-G9B-017,"Purity Simiyu Odhiambo","Grade 9 B",Female,"UTAWALA HIGH SCHOOL",95dd02f5-c187-44cf-a4b7-45c529456933
mock_95dd02f5_G9B_018,MOCK-95DD-G9B-018,"Samuel Njoroge Kamau","Grade 9 B",Male,"UTAWALA HIGH SCHOOL",95dd02f5-c187-44cf-a4b7-45c529456933
mock_95dd02f5_G9B_019,MOCK-95DD-G9B-019,"Peter Wairimu Auma","Grade 9 B",Male,"UTAWALA HIGH SCHOOL",95dd02f5-c187-44cf-a4b7-45c529456933
mock_95dd02f5_G9B_020,MOCK-95DD-G9B-020,"Emmanuel Nyambura Njoroge","Grade 9 B",Male,"UTAWALA HIGH SCHOOL",95dd02f5-c187-44cf-a4b7-45c529456933
mock_95dd02f5_G9B_021,MOCK-95DD-G9B-021,"Ian Njeri Adhiambo","Grade 9 B",Male,"UTAWALA HIGH SCHOOL",95dd02f5-c187-44cf-a4b7-45c529456933
mock_95dd02f5_G9B_022,MOCK-95DD-G9B-022,"Nancy Kariuki Kipchoge","Grade 9 B",Female,"UTAWALA HIGH SCHOOL",95dd02f5-c187-44cf-a4b7-45c529456933
mock_95dd02f5_G9B_023,MOCK-95DD-G9B-023,"Nancy Rotich Auma","Grade 9 B",Female,"UTAWALA HIGH SCHOOL",95dd02f5-c187-44cf-a4b7-45c529456933
mock_95dd02f5_G9B_024,MOCK-95DD-G9B-024,"Sharon Auma Mutiso","Grade 9 B",Female,"UTAWALA HIGH SCHOOL",95dd02f5-c187-44cf-a4b7-45c529456933
mock_95dd02f5_G9B_025,MOCK-95DD-G9B-025,"Esther Njeri Mutua","Grade 9 B",Female,"UTAWALA HIGH SCHOOL",95dd02f5-c187-44cf-a4b7-45c529456933
mock_95dd02f5_G9B_026,MOCK-95DD-G9B-026,"Daniel Nyambura Onyango","Grade 9 B",Male,"UTAWALA HIGH SCHOOL",95dd02f5-c187-44cf-a4b7-45c529456933
mock_95dd02f5_G9B_027,MOCK-95DD-G9B-027,"Stephen Wanjiru Kariuki","Grade 9 B",Male,"UTAWALA HIGH SCHOOL",95dd02f5-c187-44cf-a4b7-45c529456933
mock_95dd02f5_G9B_028,MOCK-95DD-G9B-028,"Janet Nyambura Nyokabi","Grade 9 B",Female,"UTAWALA HIGH SCHOOL",95dd02f5-c187-44cf-a4b7-45c529456933
mock_95dd02f5_G9B_029,MOCK-95DD-G9B-029,"Samuel Mutua Mwangi","Grade 9 B",Male,"UTAWALA HIGH SCHOOL",95dd02f5-c187-44cf-a4b7-45c529456933
mock_95dd02f5_G9B_030,MOCK-95DD-G9B-030,"Duncan Gitau Korir","Grade 9 B",Male,"UTAWALA HIGH SCHOOL",95dd02f5-c187-44cf-a4b7-45c529456933
mock_95dd02f5_G9B_031,MOCK-95DD-G9B-031,"Ian Nyambura Odhiambo","Grade 9 B",Male,"UTAWALA HIGH SCHOOL",95dd02f5-c187-44cf-a4b7-45c529456933
mock_95dd02f5_G9B_032,MOCK-95DD-G9B-032,"Kelvin Karanja Were","Grade 9 B",Male,"UTAWALA HIGH SCHOOL",95dd02f5-c187-44cf-a4b7-45c529456933
mock_95dd02f5_G9B_033,MOCK-95DD-G9B-033,"Felix Wairimu Mwangi","Grade 9 B",Male,"UTAWALA HIGH SCHOOL",95dd02f5-c187-44cf-a4b7-45c529456933
mock_95dd02f5_G9B_034,MOCK-95DD-G9B-034,"Mercy Nyambura Juma","Grade 9 B",Female,"UTAWALA HIGH SCHOOL",95dd02f5-c187-44cf-a4b7-45c529456933
mock_95dd02f5_G9B_035,MOCK-95DD-G9B-035,"Brayan Wafula Barasa","Grade 9 B",Male,"UTAWALA HIGH SCHOOL",95dd02f5-c187-44cf-a4b7-45c529456933
mock_95dd02f5_G9B_036,MOCK-95DD-G9B-036,"Peter Kipchoge Njeri","Grade 9 B",Male,"UTAWALA HIGH SCHOOL",95dd02f5-c187-44cf-a4b7-45c529456933
mock_95dd02f5_G9B_037,MOCK-95DD-G9B-037,"Vincent Wairimu Wanjiru","Grade 9 B",Male,"UTAWALA HIGH SCHOOL",95dd02f5-c187-44cf-a4b7-45c529456933
mock_95dd02f5_G9B_038,MOCK-95DD-G9B-038,"Doreen Simiyu Atieno","Grade 9 B",Female,"UTAWALA HIGH SCHOOL",95dd02f5-c187-44cf-a4b7-45c529456933
mock_95dd02f5_G9B_039,MOCK-95DD-G9B-039,"Nicholas Kamau Maina","Grade 9 B",Male,"UTAWALA HIGH SCHOOL",95dd02f5-c187-44cf-a4b7-45c529456933
mock_95dd02f5_G9B_040,MOCK-95DD-G9B-040,"Anthony Omondi Wambui","Grade 9 B",Male,"UTAWALA HIGH SCHOOL",95dd02f5-c187-44cf-a4b7-45c529456933
mock_95dd02f5_G9B_041,MOCK-95DD-G9B-041,"Cynthia Kiplagat Kariuki","Grade 9 B",Female,"UTAWALA HIGH SCHOOL",95dd02f5-c187-44cf-a4b7-45c529456933
mock_95dd02f5_G9B_042,MOCK-95DD-G9B-042,"Joseph Otieno Omondi","Grade 9 B",Male,"UTAWALA HIGH SCHOOL",95dd02f5-c187-44cf-a4b7-45c529456933
mock_95dd02f5_G9B_043,MOCK-95DD-G9B-043,"Duncan Auma Chebet","Grade 9 B",Male,"UTAWALA HIGH SCHOOL",95dd02f5-c187-44cf-a4b7-45c529456933
mock_95dd02f5_G9B_044,MOCK-95DD-G9B-044,"Beatrice Simiyu Karanja","Grade 9 B",Female,"UTAWALA HIGH SCHOOL",95dd02f5-c187-44cf-a4b7-45c529456933
mock_95dd02f5_G9B_045,MOCK-95DD-G9B-045,"Gideon Nyambura Achieng","Grade 9 B",Male,"UTAWALA HIGH SCHOOL",95dd02f5-c187-44cf-a4b7-45c529456933
mock_95dd02f5_G9B_046,MOCK-95DD-G9B-046,"Brenda Gitau Kamau","Grade 9 B",Female,"UTAWALA HIGH SCHOOL",95dd02f5-c187-44cf-a4b7-45c529456933
mock_95dd02f5_G9B_047,MOCK-95DD-G9B-047,"Pauline Mwangi Chebet","Grade 9 B",Female,"UTAWALA HIGH SCHOOL",95dd02f5-c187-44cf-a4b7-45c529456933
mock_95dd02f5_G9B_048,MOCK-95DD-G9B-048,"Brayan Kipchoge Onyango","Grade 9 B",Male,"UTAWALA HIGH SCHOOL",95dd02f5-c187-44cf-a4b7-45c529456933
mock_95dd02f5_G9B_049,MOCK-95DD-G9B-049,"Collins Kiplagat Chepkemoi","Grade 9 B",Male,"UTAWALA HIGH SCHOOL",95dd02f5-c187-44cf-a4b7-45c529456933
mock_95dd02f5_G9B_050,MOCK-95DD-G9B-050,"Winnie Njeri Owino","Grade 9 B",Female,"UTAWALA HIGH SCHOOL",95dd02f5-c187-44cf-a4b7-45c529456933
mock_95dd02f5_G9B_051,MOCK-95DD-G9B-051,"Faith Chebet Simiyu","Grade 9 B",Female,"UTAWALA HIGH SCHOOL",95dd02f5-c187-44cf-a4b7-45c529456933
mock_95dd02f5_G9B_052,MOCK-95DD-G9B-052,"Brian Mutiso Mwangi","Grade 9 B",Male,"UTAWALA HIGH SCHOOL",95dd02f5-c187-44cf-a4b7-45c529456933
mock_95dd02f5_G9B_053,MOCK-95DD-G9B-053,"Lucy Were Odhiambo","Grade 9 B",Female,"UTAWALA HIGH SCHOOL",95dd02f5-c187-44cf-a4b7-45c529456933
mock_95dd02f5_G9B_054,MOCK-95DD-G9B-054,"Vincent Mbugua Karanja","Grade 9 B",Male,"UTAWALA HIGH SCHOOL",95dd02f5-c187-44cf-a4b7-45c529456933
mock_95dd02f5_G9B_055,MOCK-95DD-G9B-055,"Peter Onyango Akinyi","Grade 9 B",Male,"UTAWALA HIGH SCHOOL",95dd02f5-c187-44cf-a4b7-45c529456933
mock_95dd02f5_G9B_056,MOCK-95DD-G9B-056,"Samuel Odhiambo Nyokabi","Grade 9 B",Male,"UTAWALA HIGH SCHOOL",95dd02f5-c187-44cf-a4b7-45c529456933
mock_95dd02f5_G9B_057,MOCK-95DD-G9B-057,"Dennis Njeri Juma","Grade 9 B",Male,"UTAWALA HIGH SCHOOL",95dd02f5-c187-44cf-a4b7-45c529456933
mock_95dd02f5_G9B_058,MOCK-95DD-G9B-058,"Doreen Mbugua Njeri","Grade 9 B",Female,"UTAWALA HIGH SCHOOL",95dd02f5-c187-44cf-a4b7-45c529456933
mock_95dd02f5_G9B_059,MOCK-95DD-G9B-059,"Michael Rotich Kariuki","Grade 9 B",Male,"UTAWALA HIGH SCHOOL",95dd02f5-c187-44cf-a4b7-45c529456933
mock_95dd02f5_G9B_060,MOCK-95DD-G9B-060,"Beatrice Kibet Omondi","Grade 9 B",Female,"UTAWALA HIGH SCHOOL",95dd02f5-c187-44cf-a4b7-45c529456933
mock_95dd02f5_G10A_001,MOCK-95DD-G10A-001,"Vincent Kamau Wairimu","Grade 10 A",Male,"UTAWALA HIGH SCHOOL",95dd02f5-c187-44cf-a4b7-45c529456933
mock_95dd02f5_G10A_002,MOCK-95DD-G10A-002,"Christine Simiyu Were","Grade 10 A",Female,"UTAWALA HIGH SCHOOL",95dd02f5-c187-44cf-a4b7-45c529456933
mock_95dd02f5_G10A_003,MOCK-95DD-G10A-003,"Nicholas Onyango Gitau","Grade 10 A",Male,"UTAWALA HIGH SCHOOL",95dd02f5-c187-44cf-a4b7-45c529456933
mock_95dd02f5_G10A_004,MOCK-95DD-G10A-004,"Joseph Juma Mutiso","Grade 10 A",Male,"UTAWALA HIGH SCHOOL",95dd02f5-c187-44cf-a4b7-45c529456933
mock_95dd02f5_G10A_005,MOCK-95DD-G10A-005,"Charles Otieno Kibet","Grade 10 A",Male,"UTAWALA HIGH SCHOOL",95dd02f5-c187-44cf-a4b7-45c529456933
mock_95dd02f5_G10A_006,MOCK-95DD-G10A-006,"Michael Akinyi Owino","Grade 10 A",Male,"UTAWALA HIGH SCHOOL",95dd02f5-c187-44cf-a4b7-45c529456933
mock_95dd02f5_G10A_007,MOCK-95DD-G10A-007,"Fredrick Kibet Barasa","Grade 10 A",Male,"UTAWALA HIGH SCHOOL",95dd02f5-c187-44cf-a4b7-45c529456933
mock_95dd02f5_G10A_008,MOCK-95DD-G10A-008,"Brian Achieng Omondi","Grade 10 A",Male,"UTAWALA HIGH SCHOOL",95dd02f5-c187-44cf-a4b7-45c529456933
mock_95dd02f5_G10A_009,MOCK-95DD-G10A-009,"Gideon Auma Rotich","Grade 10 A",Male,"UTAWALA HIGH SCHOOL",95dd02f5-c187-44cf-a4b7-45c529456933
mock_95dd02f5_G10A_010,MOCK-95DD-G10A-010,"Purity Atieno Gitau","Grade 10 A",Female,"UTAWALA HIGH SCHOOL",95dd02f5-c187-44cf-a4b7-45c529456933
mock_95dd02f5_G10A_011,MOCK-95DD-G10A-011,"Joseph Wanjiru Mutua","Grade 10 A",Male,"UTAWALA HIGH SCHOOL",95dd02f5-c187-44cf-a4b7-45c529456933
mock_95dd02f5_G10A_012,MOCK-95DD-G10A-012,"Michael Onyango Karanja","Grade 10 A",Male,"UTAWALA HIGH SCHOOL",95dd02f5-c187-44cf-a4b7-45c529456933
mock_95dd02f5_G10A_013,MOCK-95DD-G10A-013,"Pauline Simiyu Kamau","Grade 10 A",Female,"UTAWALA HIGH SCHOOL",95dd02f5-c187-44cf-a4b7-45c529456933
mock_95dd02f5_G10A_014,MOCK-95DD-G10A-014,"Mary Kiplagat Njoroge","Grade 10 A",Female,"UTAWALA HIGH SCHOOL",95dd02f5-c187-44cf-a4b7-45c529456933
mock_95dd02f5_G10A_015,MOCK-95DD-G10A-015,"Stephen Nyokabi Wairimu","Grade 10 A",Male,"UTAWALA HIGH SCHOOL",95dd02f5-c187-44cf-a4b7-45c529456933
mock_95dd02f5_G10A_016,MOCK-95DD-G10A-016,"Lucy Rotich Otieno","Grade 10 A",Female,"UTAWALA HIGH SCHOOL",95dd02f5-c187-44cf-a4b7-45c529456933
mock_95dd02f5_G10A_017,MOCK-95DD-G10A-017,"Felix Njoroge Mutua","Grade 10 A",Male,"UTAWALA HIGH SCHOOL",95dd02f5-c187-44cf-a4b7-45c529456933
mock_95dd02f5_G10A_018,MOCK-95DD-G10A-018,"Pauline Barasa Korir","Grade 10 A",Female,"UTAWALA HIGH SCHOOL",95dd02f5-c187-44cf-a4b7-45c529456933
mock_95dd02f5_G10A_019,MOCK-95DD-G10A-019,"Mary Owino Chepkemoi","Grade 10 A",Female,"UTAWALA HIGH SCHOOL",95dd02f5-c187-44cf-a4b7-45c529456933
mock_95dd02f5_G10A_020,MOCK-95DD-G10A-020,"Stella Rotich Chepkemoi","Grade 10 A",Female,"UTAWALA HIGH SCHOOL",95dd02f5-c187-44cf-a4b7-45c529456933
mock_95dd02f5_G10A_021,MOCK-95DD-G10A-021,"Eric Otieno Adhiambo","Grade 10 A",Male,"UTAWALA HIGH SCHOOL",95dd02f5-c187-44cf-a4b7-45c529456933
mock_95dd02f5_G10A_022,MOCK-95DD-G10A-022,"Winnie Chepkemoi Akinyi","Grade 10 A",Female,"UTAWALA HIGH SCHOOL",95dd02f5-c187-44cf-a4b7-45c529456933
mock_95dd02f5_G10A_023,MOCK-95DD-G10A-023,"Sharon Wairimu Auma","Grade 10 A",Female,"UTAWALA HIGH SCHOOL",95dd02f5-c187-44cf-a4b7-45c529456933
mock_95dd02f5_G10A_024,MOCK-95DD-G10A-024,"Felix Omondi Onyango","Grade 10 A",Male,"UTAWALA HIGH SCHOOL",95dd02f5-c187-44cf-a4b7-45c529456933
mock_95dd02f5_G10A_025,MOCK-95DD-G10A-025,"Christine Chepkemoi Auma","Grade 10 A",Female,"UTAWALA HIGH SCHOOL",95dd02f5-c187-44cf-a4b7-45c529456933
mock_95dd02f5_G10A_026,MOCK-95DD-G10A-026,"Purity Rotich Chepkemoi","Grade 10 A",Female,"UTAWALA HIGH SCHOOL",95dd02f5-c187-44cf-a4b7-45c529456933
mock_95dd02f5_G10A_027,MOCK-95DD-G10A-027,"Stella Chebet Kipchoge","Grade 10 A",Female,"UTAWALA HIGH SCHOOL",95dd02f5-c187-44cf-a4b7-45c529456933
mock_95dd02f5_G10A_028,MOCK-95DD-G10A-028,"Cynthia Ochieng Otieno","Grade 10 A",Female,"UTAWALA HIGH SCHOOL",95dd02f5-c187-44cf-a4b7-45c529456933
mock_95dd02f5_G10A_029,MOCK-95DD-G10A-029,"Maureen Rotich Adhiambo","Grade 10 A",Female,"UTAWALA HIGH SCHOOL",95dd02f5-c187-44cf-a4b7-45c529456933
mock_95dd02f5_G10A_030,MOCK-95DD-G10A-030,"George Njoroge Nyambura","Grade 10 A",Male,"UTAWALA HIGH SCHOOL",95dd02f5-c187-44cf-a4b7-45c529456933
mock_95dd02f5_G10A_031,MOCK-95DD-G10A-031,"Victor Njoroge Onyango","Grade 10 A",Male,"UTAWALA HIGH SCHOOL",95dd02f5-c187-44cf-a4b7-45c529456933
mock_95dd02f5_G10A_032,MOCK-95DD-G10A-032,"Brian Onyango Onyango","Grade 10 A",Male,"UTAWALA HIGH SCHOOL",95dd02f5-c187-44cf-a4b7-45c529456933
mock_95dd02f5_G10A_033,MOCK-95DD-G10A-033,"Winnie Ochieng Nyokabi","Grade 10 A",Female,"UTAWALA HIGH SCHOOL",95dd02f5-c187-44cf-a4b7-45c529456933
mock_95dd02f5_G10A_034,MOCK-95DD-G10A-034,"Duncan Gitau Cheruiyot","Grade 10 A",Male,"UTAWALA HIGH SCHOOL",95dd02f5-c187-44cf-a4b7-45c529456933
mock_95dd02f5_G10A_035,MOCK-95DD-G10A-035,"Samuel Atieno Nyokabi","Grade 10 A",Male,"UTAWALA HIGH SCHOOL",95dd02f5-c187-44cf-a4b7-45c529456933
mock_95dd02f5_G10A_036,MOCK-95DD-G10A-036,"Rose Omondi Njoroge","Grade 10 A",Female,"UTAWALA HIGH SCHOOL",95dd02f5-c187-44cf-a4b7-45c529456933
mock_95dd02f5_G10A_037,MOCK-95DD-G10A-037,"Stella Odhiambo Akinyi","Grade 10 A",Female,"UTAWALA HIGH SCHOOL",95dd02f5-c187-44cf-a4b7-45c529456933
mock_95dd02f5_G10A_038,MOCK-95DD-G10A-038,"Daniel Odhiambo Onyango","Grade 10 A",Male,"UTAWALA HIGH SCHOOL",95dd02f5-c187-44cf-a4b7-45c529456933
mock_95dd02f5_G10A_039,MOCK-95DD-G10A-039,"Nicholas Kamau Kariuki","Grade 10 A",Male,"UTAWALA HIGH SCHOOL",95dd02f5-c187-44cf-a4b7-45c529456933
mock_95dd02f5_G10A_040,MOCK-95DD-G10A-040,"Kelvin Korir Were","Grade 10 A",Male,"UTAWALA HIGH SCHOOL",95dd02f5-c187-44cf-a4b7-45c529456933
mock_95dd02f5_G10A_041,MOCK-95DD-G10A-041,"Nancy Nyokabi Gitau","Grade 10 A",Female,"UTAWALA HIGH SCHOOL",95dd02f5-c187-44cf-a4b7-45c529456933
mock_95dd02f5_G10A_042,MOCK-95DD-G10A-042,"Michael Kibet Njoroge","Grade 10 A",Male,"UTAWALA HIGH SCHOOL",95dd02f5-c187-44cf-a4b7-45c529456933
mock_95dd02f5_G10A_043,MOCK-95DD-G10A-043,"Grace Njoroge Onyango","Grade 10 A",Female,"UTAWALA HIGH SCHOOL",95dd02f5-c187-44cf-a4b7-45c529456933
mock_95dd02f5_G10A_044,MOCK-95DD-G10A-044,"Eunice Rotich Gitau","Grade 10 A",Female,"UTAWALA HIGH SCHOOL",95dd02f5-c187-44cf-a4b7-45c529456933
mock_95dd02f5_G10A_045,MOCK-95DD-G10A-045,"Valentine Rotich Kibet","Grade 10 A",Female,"UTAWALA HIGH SCHOOL",95dd02f5-c187-44cf-a4b7-45c529456933
mock_95dd02f5_G10A_046,MOCK-95DD-G10A-046,"Felix Njeri Wafula","Grade 10 A",Male,"UTAWALA HIGH SCHOOL",95dd02f5-c187-44cf-a4b7-45c529456933
mock_95dd02f5_G10A_047,MOCK-95DD-G10A-047,"Mary Otieno Achieng","Grade 10 A",Female,"UTAWALA HIGH SCHOOL",95dd02f5-c187-44cf-a4b7-45c529456933
mock_95dd02f5_G10A_048,MOCK-95DD-G10A-048,"Pauline Achieng Nyokabi","Grade 10 A",Female,"UTAWALA HIGH SCHOOL",95dd02f5-c187-44cf-a4b7-45c529456933
mock_95dd02f5_G10A_049,MOCK-95DD-G10A-049,"Mitchelle Barasa Njoroge","Grade 10 A",Female,"UTAWALA HIGH SCHOOL",95dd02f5-c187-44cf-a4b7-45c529456933
mock_95dd02f5_G10A_050,MOCK-95DD-G10A-050,"Charles Gitau Simiyu","Grade 10 A",Male,"UTAWALA HIGH SCHOOL",95dd02f5-c187-44cf-a4b7-45c529456933
mock_95dd02f5_G10A_051,MOCK-95DD-G10A-051,"Janet Karanja Ochieng","Grade 10 A",Female,"UTAWALA HIGH SCHOOL",95dd02f5-c187-44cf-a4b7-45c529456933
mock_95dd02f5_G10A_052,MOCK-95DD-G10A-052,"Martin Simiyu Kariuki","Grade 10 A",Male,"UTAWALA HIGH SCHOOL",95dd02f5-c187-44cf-a4b7-45c529456933
mock_95dd02f5_G10A_053,MOCK-95DD-G10A-053,"Maureen Njeri Rotich","Grade 10 A",Female,"UTAWALA HIGH SCHOOL",95dd02f5-c187-44cf-a4b7-45c529456933
mock_95dd02f5_G10A_054,MOCK-95DD-G10A-054,"Gideon Rotich Achieng","Grade 10 A",Male,"UTAWALA HIGH SCHOOL",95dd02f5-c187-44cf-a4b7-45c529456933
mock_95dd02f5_G10A_055,MOCK-95DD-G10A-055,"Brian Omondi Kamau","Grade 10 A",Male,"UTAWALA HIGH SCHOOL",95dd02f5-c187-44cf-a4b7-45c529456933
mock_95dd02f5_G10A_056,MOCK-95DD-G10A-056,"Nicholas Wafula Were","Grade 10 A",Male,"UTAWALA HIGH SCHOOL",95dd02f5-c187-44cf-a4b7-45c529456933
mock_95dd02f5_G10A_057,MOCK-95DD-G10A-057,"Ann Odhiambo Achieng","Grade 10 A",Female,"UTAWALA HIGH SCHOOL",95dd02f5-c187-44cf-a4b7-45c529456933
mock_95dd02f5_G10A_058,MOCK-95DD-G10A-058,"Martin Kamau Mutua","Grade 10 A",Male,"UTAWALA HIGH SCHOOL",95dd02f5-c187-44cf-a4b7-45c529456933
mock_95dd02f5_G10A_059,MOCK-95DD-G10A-059,"George Otieno Akinyi","Grade 10 A",Male,"UTAWALA HIGH SCHOOL",95dd02f5-c187-44cf-a4b7-45c529456933
mock_95dd02f5_G10A_060,MOCK-95DD-G10A-060,"Dennis Nyokabi Atieno","Grade 10 A",Male,"UTAWALA HIGH SCHOOL",95dd02f5-c187-44cf-a4b7-45c529456933
mock_95dd02f5_G10B_001,MOCK-95DD-G10B-001,"Nicholas Njeri Nyambura","Grade 10 B",Male,"UTAWALA HIGH SCHOOL",95dd02f5-c187-44cf-a4b7-45c529456933
mock_95dd02f5_G10B_002,MOCK-95DD-G10B-002,"Purity Otieno Nyokabi","Grade 10 B",Female,"UTAWALA HIGH SCHOOL",95dd02f5-c187-44cf-a4b7-45c529456933
mock_95dd02f5_G10B_003,MOCK-95DD-G10B-003,"Kevin Wafula Achieng","Grade 10 B",Male,"UTAWALA HIGH SCHOOL",95dd02f5-c187-44cf-a4b7-45c529456933
mock_95dd02f5_G10B_004,MOCK-95DD-G10B-004,"Brian Kiplagat Kibet","Grade 10 B",Male,"UTAWALA HIGH SCHOOL",95dd02f5-c187-44cf-a4b7-45c529456933
mock_95dd02f5_G10B_005,MOCK-95DD-G10B-005,"Kelvin Nyokabi Nyokabi","Grade 10 B",Male,"UTAWALA HIGH SCHOOL",95dd02f5-c187-44cf-a4b7-45c529456933
mock_95dd02f5_G10B_006,MOCK-95DD-G10B-006,"Kelvin Odhiambo Chepkemoi","Grade 10 B",Male,"UTAWALA HIGH SCHOOL",95dd02f5-c187-44cf-a4b7-45c529456933
mock_95dd02f5_G10B_007,MOCK-95DD-G10B-007,"Faith Njoroge Simiyu","Grade 10 B",Female,"UTAWALA HIGH SCHOOL",95dd02f5-c187-44cf-a4b7-45c529456933
mock_95dd02f5_G10B_008,MOCK-95DD-G10B-008,"Ian Gitau Karanja","Grade 10 B",Male,"UTAWALA HIGH SCHOOL",95dd02f5-c187-44cf-a4b7-45c529456933
mock_95dd02f5_G10B_009,MOCK-95DD-G10B-009,"Anthony Kipchoge Juma","Grade 10 B",Male,"UTAWALA HIGH SCHOOL",95dd02f5-c187-44cf-a4b7-45c529456933
mock_95dd02f5_G10B_010,MOCK-95DD-G10B-010,"Charles Kiplagat Chebet","Grade 10 B",Male,"UTAWALA HIGH SCHOOL",95dd02f5-c187-44cf-a4b7-45c529456933
mock_95dd02f5_G10B_011,MOCK-95DD-G10B-011,"Elvis Wairimu Njoroge","Grade 10 B",Male,"UTAWALA HIGH SCHOOL",95dd02f5-c187-44cf-a4b7-45c529456933
mock_95dd02f5_G10B_012,MOCK-95DD-G10B-012,"Kelvin Otieno Were","Grade 10 B",Male,"UTAWALA HIGH SCHOOL",95dd02f5-c187-44cf-a4b7-45c529456933
mock_95dd02f5_G10B_013,MOCK-95DD-G10B-013,"Valentine Odhiambo Simiyu","Grade 10 B",Female,"UTAWALA HIGH SCHOOL",95dd02f5-c187-44cf-a4b7-45c529456933
mock_95dd02f5_G10B_014,MOCK-95DD-G10B-014,"George Karanja Omondi","Grade 10 B",Male,"UTAWALA HIGH SCHOOL",95dd02f5-c187-44cf-a4b7-45c529456933
mock_95dd02f5_G10B_015,MOCK-95DD-G10B-015,"George Were Nyokabi","Grade 10 B",Male,"UTAWALA HIGH SCHOOL",95dd02f5-c187-44cf-a4b7-45c529456933
mock_95dd02f5_G10B_016,MOCK-95DD-G10B-016,"Emmanuel Akinyi Njoroge","Grade 10 B",Male,"UTAWALA HIGH SCHOOL",95dd02f5-c187-44cf-a4b7-45c529456933
mock_95dd02f5_G10B_017,MOCK-95DD-G10B-017,"Lydia Kibet Juma","Grade 10 B",Female,"UTAWALA HIGH SCHOOL",95dd02f5-c187-44cf-a4b7-45c529456933
mock_95dd02f5_G10B_018,MOCK-95DD-G10B-018,"Daniel Atieno Cheruiyot","Grade 10 B",Male,"UTAWALA HIGH SCHOOL",95dd02f5-c187-44cf-a4b7-45c529456933
mock_95dd02f5_G10B_019,MOCK-95DD-G10B-019,"Brenda Mutua Otieno","Grade 10 B",Female,"UTAWALA HIGH SCHOOL",95dd02f5-c187-44cf-a4b7-45c529456933
mock_95dd02f5_G10B_020,MOCK-95DD-G10B-020,"Nicholas Ochieng Cheruiyot","Grade 10 B",Male,"UTAWALA HIGH SCHOOL",95dd02f5-c187-44cf-a4b7-45c529456933
mock_95dd02f5_G10B_021,MOCK-95DD-G10B-021,"Charles Nyokabi Karanja","Grade 10 B",Male,"UTAWALA HIGH SCHOOL",95dd02f5-c187-44cf-a4b7-45c529456933
mock_95dd02f5_G10B_022,MOCK-95DD-G10B-022,"Brayan Mutua Kiplagat","Grade 10 B",Male,"UTAWALA HIGH SCHOOL",95dd02f5-c187-44cf-a4b7-45c529456933
mock_95dd02f5_G10B_023,MOCK-95DD-G10B-023,"Stella Wambui Omondi","Grade 10 B",Female,"UTAWALA HIGH SCHOOL",95dd02f5-c187-44cf-a4b7-45c529456933
mock_95dd02f5_G10B_024,MOCK-95DD-G10B-024,"Mary Akinyi Njeri","Grade 10 B",Female,"UTAWALA HIGH SCHOOL",95dd02f5-c187-44cf-a4b7-45c529456933
mock_95dd02f5_G10B_025,MOCK-95DD-G10B-025,"Cynthia Kipchoge Korir","Grade 10 B",Female,"UTAWALA HIGH SCHOOL",95dd02f5-c187-44cf-a4b7-45c529456933
mock_95dd02f5_G10B_026,MOCK-95DD-G10B-026,"Faith Nyambura Kibet","Grade 10 B",Female,"UTAWALA HIGH SCHOOL",95dd02f5-c187-44cf-a4b7-45c529456933
mock_95dd02f5_G10B_027,MOCK-95DD-G10B-027,"Eric Mutiso Simiyu","Grade 10 B",Male,"UTAWALA HIGH SCHOOL",95dd02f5-c187-44cf-a4b7-45c529456933
mock_95dd02f5_G10B_028,MOCK-95DD-G10B-028,"Stella Barasa Mbugua","Grade 10 B",Female,"UTAWALA HIGH SCHOOL",95dd02f5-c187-44cf-a4b7-45c529456933
mock_95dd02f5_G10B_029,MOCK-95DD-G10B-029,"Duncan Chebet Owino","Grade 10 B",Male,"UTAWALA HIGH SCHOOL",95dd02f5-c187-44cf-a4b7-45c529456933
mock_95dd02f5_G10B_030,MOCK-95DD-G10B-030,"Diana Simiyu Omondi","Grade 10 B",Female,"UTAWALA HIGH SCHOOL",95dd02f5-c187-44cf-a4b7-45c529456933
mock_95dd02f5_G10B_031,MOCK-95DD-G10B-031,"Mitchelle Nyokabi Karanja","Grade 10 B",Female,"UTAWALA HIGH SCHOOL",95dd02f5-c187-44cf-a4b7-45c529456933
mock_95dd02f5_G10B_032,MOCK-95DD-G10B-032,"Mary Ochieng Wambui","Grade 10 B",Female,"UTAWALA HIGH SCHOOL",95dd02f5-c187-44cf-a4b7-45c529456933
mock_95dd02f5_G10B_033,MOCK-95DD-G10B-033,"Stella Achieng Were","Grade 10 B",Female,"UTAWALA HIGH SCHOOL",95dd02f5-c187-44cf-a4b7-45c529456933
mock_95dd02f5_G10B_034,MOCK-95DD-G10B-034,"Eunice Otieno Njoroge","Grade 10 B",Female,"UTAWALA HIGH SCHOOL",95dd02f5-c187-44cf-a4b7-45c529456933
mock_95dd02f5_G10B_035,MOCK-95DD-G10B-035,"Cynthia Nyambura Ochieng","Grade 10 B",Female,"UTAWALA HIGH SCHOOL",95dd02f5-c187-44cf-a4b7-45c529456933
mock_95dd02f5_G10B_036,MOCK-95DD-G10B-036,"Beatrice Kibet Atieno","Grade 10 B",Female,"UTAWALA HIGH SCHOOL",95dd02f5-c187-44cf-a4b7-45c529456933
mock_95dd02f5_G10B_037,MOCK-95DD-G10B-037,"Cornelius Mbugua Were","Grade 10 B",Male,"UTAWALA HIGH SCHOOL",95dd02f5-c187-44cf-a4b7-45c529456933
mock_95dd02f5_G10B_038,MOCK-95DD-G10B-038,"Nicholas Mutua Karanja","Grade 10 B",Male,"UTAWALA HIGH SCHOOL",95dd02f5-c187-44cf-a4b7-45c529456933
mock_95dd02f5_G10B_039,MOCK-95DD-G10B-039,"Daniel Mbugua Mutiso","Grade 10 B",Male,"UTAWALA HIGH SCHOOL",95dd02f5-c187-44cf-a4b7-45c529456933
mock_95dd02f5_G10B_040,MOCK-95DD-G10B-040,"Brenda Omondi Atieno","Grade 10 B",Female,"UTAWALA HIGH SCHOOL",95dd02f5-c187-44cf-a4b7-45c529456933
mock_95dd02f5_G10B_041,MOCK-95DD-G10B-041,"Ian Barasa Njoroge","Grade 10 B",Male,"UTAWALA HIGH SCHOOL",95dd02f5-c187-44cf-a4b7-45c529456933
mock_95dd02f5_G10B_042,MOCK-95DD-G10B-042,"Stella Mutua Karanja","Grade 10 B",Female,"UTAWALA HIGH SCHOOL",95dd02f5-c187-44cf-a4b7-45c529456933
mock_95dd02f5_G10B_043,MOCK-95DD-G10B-043,"Janet Owino Akinyi","Grade 10 B",Female,"UTAWALA HIGH SCHOOL",95dd02f5-c187-44cf-a4b7-45c529456933
mock_95dd02f5_G10B_044,MOCK-95DD-G10B-044,"Janet Atieno Odhiambo","Grade 10 B",Female,"UTAWALA HIGH SCHOOL",95dd02f5-c187-44cf-a4b7-45c529456933
mock_95dd02f5_G10B_045,MOCK-95DD-G10B-045,"Felix Chebet Chepkemoi","Grade 10 B",Male,"UTAWALA HIGH SCHOOL",95dd02f5-c187-44cf-a4b7-45c529456933
mock_95dd02f5_G10B_046,MOCK-95DD-G10B-046,"Faith Njeri Barasa","Grade 10 B",Female,"UTAWALA HIGH SCHOOL",95dd02f5-c187-44cf-a4b7-45c529456933
mock_95dd02f5_G10B_047,MOCK-95DD-G10B-047,"Emmanuel Juma Wanjiru","Grade 10 B",Male,"UTAWALA HIGH SCHOOL",95dd02f5-c187-44cf-a4b7-45c529456933
mock_95dd02f5_G10B_048,MOCK-95DD-G10B-048,"Daniel Odhiambo Nyokabi","Grade 10 B",Male,"UTAWALA HIGH SCHOOL",95dd02f5-c187-44cf-a4b7-45c529456933
mock_95dd02f5_G10B_049,MOCK-95DD-G10B-049,"Duncan Cheruiyot Wairimu","Grade 10 B",Male,"UTAWALA HIGH SCHOOL",95dd02f5-c187-44cf-a4b7-45c529456933
mock_95dd02f5_G10B_050,MOCK-95DD-G10B-050,"Grace Omondi Omondi","Grade 10 B",Female,"UTAWALA HIGH SCHOOL",95dd02f5-c187-44cf-a4b7-45c529456933
mock_95dd02f5_G10B_051,MOCK-95DD-G10B-051,"Stella Njeri Cheruiyot","Grade 10 B",Female,"UTAWALA HIGH SCHOOL",95dd02f5-c187-44cf-a4b7-45c529456933
mock_95dd02f5_G10B_052,MOCK-95DD-G10B-052,"Beatrice Chebet Kariuki","Grade 10 B",Female,"UTAWALA HIGH SCHOOL",95dd02f5-c187-44cf-a4b7-45c529456933
mock_95dd02f5_G10B_053,MOCK-95DD-G10B-053,"Dennis Karanja Kipchoge","Grade 10 B",Male,"UTAWALA HIGH SCHOOL",95dd02f5-c187-44cf-a4b7-45c529456933
mock_95dd02f5_G10B_054,MOCK-95DD-G10B-054,"George Kibet Wafula","Grade 10 B",Male,"UTAWALA HIGH SCHOOL",95dd02f5-c187-44cf-a4b7-45c529456933
mock_95dd02f5_G10B_055,MOCK-95DD-G10B-055,"Maureen Juma Atieno","Grade 10 B",Female,"UTAWALA HIGH SCHOOL",95dd02f5-c187-44cf-a4b7-45c529456933
mock_95dd02f5_G10B_056,MOCK-95DD-G10B-056,"Victor Wambui Wambui","Grade 10 B",Male,"UTAWALA HIGH SCHOOL",95dd02f5-c187-44cf-a4b7-45c529456933
mock_95dd02f5_G10B_057,MOCK-95DD-G10B-057,"Eunice Mutua Mwangi","Grade 10 B",Female,"UTAWALA HIGH SCHOOL",95dd02f5-c187-44cf-a4b7-45c529456933
mock_95dd02f5_G10B_058,MOCK-95DD-G10B-058,"Valentine Chebet Mutua","Grade 10 B",Female,"UTAWALA HIGH SCHOOL",95dd02f5-c187-44cf-a4b7-45c529456933
mock_95dd02f5_G10B_059,MOCK-95DD-G10B-059,"Mercy Barasa Kibet","Grade 10 B",Female,"UTAWALA HIGH SCHOOL",95dd02f5-c187-44cf-a4b7-45c529456933
mock_95dd02f5_G10B_060,MOCK-95DD-G10B-060,"Martin Mbugua Juma","Grade 10 B",Male,"UTAWALA HIGH SCHOOL",95dd02f5-c187-44cf-a4b7-45c529456933
mock_95dd02f5_G11A_001,MOCK-95DD-G11A-001,"Nancy Atieno Wafula","Grade 11 A",Female,"UTAWALA HIGH SCHOOL",95dd02f5-c187-44cf-a4b7-45c529456933
mock_95dd02f5_G11A_002,MOCK-95DD-G11A-002,"Lydia Chepkemoi Chepkemoi","Grade 11 A",Female,"UTAWALA HIGH SCHOOL",95dd02f5-c187-44cf-a4b7-45c529456933
mock_95dd02f5_G11A_003,MOCK-95DD-G11A-003,"Faith Auma Wanjiru","Grade 11 A",Female,"UTAWALA HIGH SCHOOL",95dd02f5-c187-44cf-a4b7-45c529456933
mock_95dd02f5_G11A_004,MOCK-95DD-G11A-004,"Brenda Achieng Kiplagat","Grade 11 A",Female,"UTAWALA HIGH SCHOOL",95dd02f5-c187-44cf-a4b7-45c529456933
mock_95dd02f5_G11A_005,MOCK-95DD-G11A-005,"Grace Nyokabi Atieno","Grade 11 A",Female,"UTAWALA HIGH SCHOOL",95dd02f5-c187-44cf-a4b7-45c529456933
mock_95dd02f5_G11A_006,MOCK-95DD-G11A-006,"Caroline Karanja Rotich","Grade 11 A",Female,"UTAWALA HIGH SCHOOL",95dd02f5-c187-44cf-a4b7-45c529456933
mock_95dd02f5_G11A_007,MOCK-95DD-G11A-007,"Kevin Juma Chebet","Grade 11 A",Male,"UTAWALA HIGH SCHOOL",95dd02f5-c187-44cf-a4b7-45c529456933
mock_95dd02f5_G11A_008,MOCK-95DD-G11A-008,"Charles Karanja Wairimu","Grade 11 A",Male,"UTAWALA HIGH SCHOOL",95dd02f5-c187-44cf-a4b7-45c529456933
mock_95dd02f5_G11A_009,MOCK-95DD-G11A-009,"Cornelius Wanjiru Adhiambo","Grade 11 A",Male,"UTAWALA HIGH SCHOOL",95dd02f5-c187-44cf-a4b7-45c529456933
mock_95dd02f5_G11A_010,MOCK-95DD-G11A-010,"Stephen Wambui Wafula","Grade 11 A",Male,"UTAWALA HIGH SCHOOL",95dd02f5-c187-44cf-a4b7-45c529456933
mock_95dd02f5_G11A_011,MOCK-95DD-G11A-011,"Patrick Were Mbugua","Grade 11 A",Male,"UTAWALA HIGH SCHOOL",95dd02f5-c187-44cf-a4b7-45c529456933
mock_95dd02f5_G11A_012,MOCK-95DD-G11A-012,"Lydia Kamau Achieng","Grade 11 A",Female,"UTAWALA HIGH SCHOOL",95dd02f5-c187-44cf-a4b7-45c529456933
mock_95dd02f5_G11A_013,MOCK-95DD-G11A-013,"Peter Atieno Karanja","Grade 11 A",Male,"UTAWALA HIGH SCHOOL",95dd02f5-c187-44cf-a4b7-45c529456933
mock_95dd02f5_G11A_014,MOCK-95DD-G11A-014,"Michael Kariuki Wambui","Grade 11 A",Male,"UTAWALA HIGH SCHOOL",95dd02f5-c187-44cf-a4b7-45c529456933
mock_95dd02f5_G11A_015,MOCK-95DD-G11A-015,"Martin Rotich Wafula","Grade 11 A",Male,"UTAWALA HIGH SCHOOL",95dd02f5-c187-44cf-a4b7-45c529456933
mock_95dd02f5_G11A_016,MOCK-95DD-G11A-016,"Winnie Chepkemoi Chebet","Grade 11 A",Female,"UTAWALA HIGH SCHOOL",95dd02f5-c187-44cf-a4b7-45c529456933
mock_95dd02f5_G11A_017,MOCK-95DD-G11A-017,"Beatrice Otieno Wanjiru","Grade 11 A",Female,"UTAWALA HIGH SCHOOL",95dd02f5-c187-44cf-a4b7-45c529456933
mock_95dd02f5_G11A_018,MOCK-95DD-G11A-018,"Allan Kamau Wambui","Grade 11 A",Male,"UTAWALA HIGH SCHOOL",95dd02f5-c187-44cf-a4b7-45c529456933
mock_95dd02f5_G11A_019,MOCK-95DD-G11A-019,"Christine Maina Mutiso","Grade 11 A",Female,"UTAWALA HIGH SCHOOL",95dd02f5-c187-44cf-a4b7-45c529456933
mock_95dd02f5_G11A_020,MOCK-95DD-G11A-020,"Brian Kariuki Odhiambo","Grade 11 A",Male,"UTAWALA HIGH SCHOOL",95dd02f5-c187-44cf-a4b7-45c529456933
mock_95dd02f5_G11A_021,MOCK-95DD-G11A-021,"Diana Odhiambo Akinyi","Grade 11 A",Female,"UTAWALA HIGH SCHOOL",95dd02f5-c187-44cf-a4b7-45c529456933
mock_95dd02f5_G11A_022,MOCK-95DD-G11A-022,"Rose Kamau Wairimu","Grade 11 A",Female,"UTAWALA HIGH SCHOOL",95dd02f5-c187-44cf-a4b7-45c529456933
mock_95dd02f5_G11A_023,MOCK-95DD-G11A-023,"Maureen Otieno Nyambura","Grade 11 A",Female,"UTAWALA HIGH SCHOOL",95dd02f5-c187-44cf-a4b7-45c529456933
mock_95dd02f5_G11A_024,MOCK-95DD-G11A-024,"Nicholas Kiplagat Simiyu","Grade 11 A",Male,"UTAWALA HIGH SCHOOL",95dd02f5-c187-44cf-a4b7-45c529456933
mock_95dd02f5_G11A_025,MOCK-95DD-G11A-025,"Mary Otieno Achieng","Grade 11 A",Female,"UTAWALA HIGH SCHOOL",95dd02f5-c187-44cf-a4b7-45c529456933
mock_95dd02f5_G11A_026,MOCK-95DD-G11A-026,"Caroline Onyango Cheruiyot","Grade 11 A",Female,"UTAWALA HIGH SCHOOL",95dd02f5-c187-44cf-a4b7-45c529456933
mock_95dd02f5_G11A_027,MOCK-95DD-G11A-027,"Lydia Mutua Mutua","Grade 11 A",Female,"UTAWALA HIGH SCHOOL",95dd02f5-c187-44cf-a4b7-45c529456933
mock_95dd02f5_G11A_028,MOCK-95DD-G11A-028,"Brayan Achieng Akinyi","Grade 11 A",Male,"UTAWALA HIGH SCHOOL",95dd02f5-c187-44cf-a4b7-45c529456933
mock_95dd02f5_G11A_029,MOCK-95DD-G11A-029,"Brian Barasa Achieng","Grade 11 A",Male,"UTAWALA HIGH SCHOOL",95dd02f5-c187-44cf-a4b7-45c529456933
mock_95dd02f5_G11A_030,MOCK-95DD-G11A-030,"Winnie Kariuki Kipchoge","Grade 11 A",Female,"UTAWALA HIGH SCHOOL",95dd02f5-c187-44cf-a4b7-45c529456933
mock_95dd02f5_G11A_031,MOCK-95DD-G11A-031,"Janet Mwangi Nyokabi","Grade 11 A",Female,"UTAWALA HIGH SCHOOL",95dd02f5-c187-44cf-a4b7-45c529456933
mock_95dd02f5_G11A_032,MOCK-95DD-G11A-032,"Doreen Wanjiru Karanja","Grade 11 A",Female,"UTAWALA HIGH SCHOOL",95dd02f5-c187-44cf-a4b7-45c529456933
mock_95dd02f5_G11A_033,MOCK-95DD-G11A-033,"Lydia Akinyi Rotich","Grade 11 A",Female,"UTAWALA HIGH SCHOOL",95dd02f5-c187-44cf-a4b7-45c529456933
mock_95dd02f5_G11A_034,MOCK-95DD-G11A-034,"Cynthia Njeri Kipchoge","Grade 11 A",Female,"UTAWALA HIGH SCHOOL",95dd02f5-c187-44cf-a4b7-45c529456933
mock_95dd02f5_G11A_035,MOCK-95DD-G11A-035,"Valentine Adhiambo Kipchoge","Grade 11 A",Female,"UTAWALA HIGH SCHOOL",95dd02f5-c187-44cf-a4b7-45c529456933
mock_95dd02f5_G11A_036,MOCK-95DD-G11A-036,"Stephen Achieng Were","Grade 11 A",Male,"UTAWALA HIGH SCHOOL",95dd02f5-c187-44cf-a4b7-45c529456933
mock_95dd02f5_G11A_037,MOCK-95DD-G11A-037,"Fredrick Kiplagat Nyambura","Grade 11 A",Male,"UTAWALA HIGH SCHOOL",95dd02f5-c187-44cf-a4b7-45c529456933
mock_95dd02f5_G11A_038,MOCK-95DD-G11A-038,"Michael Auma Achieng","Grade 11 A",Male,"UTAWALA HIGH SCHOOL",95dd02f5-c187-44cf-a4b7-45c529456933
mock_95dd02f5_G11A_039,MOCK-95DD-G11A-039,"Kelvin Rotich Chepkemoi","Grade 11 A",Male,"UTAWALA HIGH SCHOOL",95dd02f5-c187-44cf-a4b7-45c529456933
mock_95dd02f5_G11A_040,MOCK-95DD-G11A-040,"Caroline Omondi Were","Grade 11 A",Female,"UTAWALA HIGH SCHOOL",95dd02f5-c187-44cf-a4b7-45c529456933
mock_95dd02f5_G11A_041,MOCK-95DD-G11A-041,"Joseph Auma Njoroge","Grade 11 A",Male,"UTAWALA HIGH SCHOOL",95dd02f5-c187-44cf-a4b7-45c529456933
mock_95dd02f5_G11A_042,MOCK-95DD-G11A-042,"Brayan Nyokabi Simiyu","Grade 11 A",Male,"UTAWALA HIGH SCHOOL",95dd02f5-c187-44cf-a4b7-45c529456933
mock_95dd02f5_G11A_043,MOCK-95DD-G11A-043,"Stella Wambui Karanja","Grade 11 A",Female,"UTAWALA HIGH SCHOOL",95dd02f5-c187-44cf-a4b7-45c529456933
mock_95dd02f5_G11A_044,MOCK-95DD-G11A-044,"Stella Owino Kibet","Grade 11 A",Female,"UTAWALA HIGH SCHOOL",95dd02f5-c187-44cf-a4b7-45c529456933
mock_95dd02f5_G11A_045,MOCK-95DD-G11A-045,"Victor Wairimu Odhiambo","Grade 11 A",Male,"UTAWALA HIGH SCHOOL",95dd02f5-c187-44cf-a4b7-45c529456933
mock_95dd02f5_G11A_046,MOCK-95DD-G11A-046,"Duncan Barasa Mutua","Grade 11 A",Male,"UTAWALA HIGH SCHOOL",95dd02f5-c187-44cf-a4b7-45c529456933
mock_95dd02f5_G11A_047,MOCK-95DD-G11A-047,"Beatrice Chepkemoi Gitau","Grade 11 A",Female,"UTAWALA HIGH SCHOOL",95dd02f5-c187-44cf-a4b7-45c529456933
mock_95dd02f5_G11A_048,MOCK-95DD-G11A-048,"Valentine Adhiambo Chepkemoi","Grade 11 A",Female,"UTAWALA HIGH SCHOOL",95dd02f5-c187-44cf-a4b7-45c529456933
mock_95dd02f5_G11A_049,MOCK-95DD-G11A-049,"Vincent Rotich Wanjiru","Grade 11 A",Male,"UTAWALA HIGH SCHOOL",95dd02f5-c187-44cf-a4b7-45c529456933
mock_95dd02f5_G11A_050,MOCK-95DD-G11A-050,"Ian Nyambura Wanjiru","Grade 11 A",Male,"UTAWALA HIGH SCHOOL",95dd02f5-c187-44cf-a4b7-45c529456933
mock_95dd02f5_G11A_051,MOCK-95DD-G11A-051,"Lucy Kibet Atieno","Grade 11 A",Female,"UTAWALA HIGH SCHOOL",95dd02f5-c187-44cf-a4b7-45c529456933
mock_95dd02f5_G11A_052,MOCK-95DD-G11A-052,"Ian Omondi Kibet","Grade 11 A",Male,"UTAWALA HIGH SCHOOL",95dd02f5-c187-44cf-a4b7-45c529456933
mock_95dd02f5_G11A_053,MOCK-95DD-G11A-053,"Faith Owino Gitau","Grade 11 A",Female,"UTAWALA HIGH SCHOOL",95dd02f5-c187-44cf-a4b7-45c529456933
mock_95dd02f5_G11A_054,MOCK-95DD-G11A-054,"Victor Adhiambo Njoroge","Grade 11 A",Male,"UTAWALA HIGH SCHOOL",95dd02f5-c187-44cf-a4b7-45c529456933
mock_95dd02f5_G11A_055,MOCK-95DD-G11A-055,"Esther Achieng Ochieng","Grade 11 A",Female,"UTAWALA HIGH SCHOOL",95dd02f5-c187-44cf-a4b7-45c529456933
mock_95dd02f5_G11A_056,MOCK-95DD-G11A-056,"George Akinyi Njeri","Grade 11 A",Male,"UTAWALA HIGH SCHOOL",95dd02f5-c187-44cf-a4b7-45c529456933
mock_95dd02f5_G11A_057,MOCK-95DD-G11A-057,"Mitchelle Kibet Njoroge","Grade 11 A",Female,"UTAWALA HIGH SCHOOL",95dd02f5-c187-44cf-a4b7-45c529456933
mock_95dd02f5_G11A_058,MOCK-95DD-G11A-058,"Nicholas Onyango Korir","Grade 11 A",Male,"UTAWALA HIGH SCHOOL",95dd02f5-c187-44cf-a4b7-45c529456933
mock_95dd02f5_G11A_059,MOCK-95DD-G11A-059,"Emmanuel Achieng Kamau","Grade 11 A",Male,"UTAWALA HIGH SCHOOL",95dd02f5-c187-44cf-a4b7-45c529456933
mock_95dd02f5_G11A_060,MOCK-95DD-G11A-060,"Daniel Mutiso Maina","Grade 11 A",Male,"UTAWALA HIGH SCHOOL",95dd02f5-c187-44cf-a4b7-45c529456933
mock_95dd02f5_G11B_001,MOCK-95DD-G11B-001,"Ian Ochieng Maina","Grade 11 B",Male,"UTAWALA HIGH SCHOOL",95dd02f5-c187-44cf-a4b7-45c529456933
mock_95dd02f5_G11B_002,MOCK-95DD-G11B-002,"Felix Mbugua Kariuki","Grade 11 B",Male,"UTAWALA HIGH SCHOOL",95dd02f5-c187-44cf-a4b7-45c529456933
mock_95dd02f5_G11B_003,MOCK-95DD-G11B-003,"Pauline Akinyi Mutua","Grade 11 B",Female,"UTAWALA HIGH SCHOOL",95dd02f5-c187-44cf-a4b7-45c529456933
mock_95dd02f5_G11B_004,MOCK-95DD-G11B-004,"Martin Gitau Barasa","Grade 11 B",Male,"UTAWALA HIGH SCHOOL",95dd02f5-c187-44cf-a4b7-45c529456933
mock_95dd02f5_G11B_005,MOCK-95DD-G11B-005,"Caroline Nyambura Odhiambo","Grade 11 B",Female,"UTAWALA HIGH SCHOOL",95dd02f5-c187-44cf-a4b7-45c529456933
mock_95dd02f5_G11B_006,MOCK-95DD-G11B-006,"Martin Otieno Onyango","Grade 11 B",Male,"UTAWALA HIGH SCHOOL",95dd02f5-c187-44cf-a4b7-45c529456933
mock_95dd02f5_G11B_007,MOCK-95DD-G11B-007,"Purity Kiplagat Barasa","Grade 11 B",Female,"UTAWALA HIGH SCHOOL",95dd02f5-c187-44cf-a4b7-45c529456933
mock_95dd02f5_G11B_008,MOCK-95DD-G11B-008,"Charles Karanja Kiplagat","Grade 11 B",Male,"UTAWALA HIGH SCHOOL",95dd02f5-c187-44cf-a4b7-45c529456933
mock_95dd02f5_G11B_009,MOCK-95DD-G11B-009,"Faith Odhiambo Mbugua","Grade 11 B",Female,"UTAWALA HIGH SCHOOL",95dd02f5-c187-44cf-a4b7-45c529456933
mock_95dd02f5_G11B_010,MOCK-95DD-G11B-010,"George Juma Atieno","Grade 11 B",Male,"UTAWALA HIGH SCHOOL",95dd02f5-c187-44cf-a4b7-45c529456933
mock_95dd02f5_G11B_011,MOCK-95DD-G11B-011,"Samuel Nyokabi Onyango","Grade 11 B",Male,"UTAWALA HIGH SCHOOL",95dd02f5-c187-44cf-a4b7-45c529456933
mock_95dd02f5_G11B_012,MOCK-95DD-G11B-012,"Dennis Kiplagat Kariuki","Grade 11 B",Male,"UTAWALA HIGH SCHOOL",95dd02f5-c187-44cf-a4b7-45c529456933
mock_95dd02f5_G11B_013,MOCK-95DD-G11B-013,"Purity Chepkemoi Mutiso","Grade 11 B",Female,"UTAWALA HIGH SCHOOL",95dd02f5-c187-44cf-a4b7-45c529456933
mock_95dd02f5_G11B_014,MOCK-95DD-G11B-014,"Emmanuel Karanja Maina","Grade 11 B",Male,"UTAWALA HIGH SCHOOL",95dd02f5-c187-44cf-a4b7-45c529456933
mock_95dd02f5_G11B_015,MOCK-95DD-G11B-015,"Brayan Njeri Cheruiyot","Grade 11 B",Male,"UTAWALA HIGH SCHOOL",95dd02f5-c187-44cf-a4b7-45c529456933
mock_95dd02f5_G11B_016,MOCK-95DD-G11B-016,"Joy Rotich Njoroge","Grade 11 B",Female,"UTAWALA HIGH SCHOOL",95dd02f5-c187-44cf-a4b7-45c529456933
mock_95dd02f5_G11B_017,MOCK-95DD-G11B-017,"Joy Wambui Atieno","Grade 11 B",Female,"UTAWALA HIGH SCHOOL",95dd02f5-c187-44cf-a4b7-45c529456933
mock_95dd02f5_G11B_018,MOCK-95DD-G11B-018,"Ann Akinyi Mwangi","Grade 11 B",Female,"UTAWALA HIGH SCHOOL",95dd02f5-c187-44cf-a4b7-45c529456933
mock_95dd02f5_G11B_019,MOCK-95DD-G11B-019,"Caroline Maina Kamau","Grade 11 B",Female,"UTAWALA HIGH SCHOOL",95dd02f5-c187-44cf-a4b7-45c529456933
mock_95dd02f5_G11B_020,MOCK-95DD-G11B-020,"George Kamau Kamau","Grade 11 B",Male,"UTAWALA HIGH SCHOOL",95dd02f5-c187-44cf-a4b7-45c529456933
mock_95dd02f5_G11B_021,MOCK-95DD-G11B-021,"Joseph Akinyi Kipchoge","Grade 11 B",Male,"UTAWALA HIGH SCHOOL",95dd02f5-c187-44cf-a4b7-45c529456933
mock_95dd02f5_G11B_022,MOCK-95DD-G11B-022,"Felix Kibet Kiplagat","Grade 11 B",Male,"UTAWALA HIGH SCHOOL",95dd02f5-c187-44cf-a4b7-45c529456933
mock_95dd02f5_G11B_023,MOCK-95DD-G11B-023,"Charles Onyango Were","Grade 11 B",Male,"UTAWALA HIGH SCHOOL",95dd02f5-c187-44cf-a4b7-45c529456933
mock_95dd02f5_G11B_024,MOCK-95DD-G11B-024,"Lydia Were Mwangi","Grade 11 B",Female,"UTAWALA HIGH SCHOOL",95dd02f5-c187-44cf-a4b7-45c529456933
mock_95dd02f5_G11B_025,MOCK-95DD-G11B-025,"Samuel Auma Wafula","Grade 11 B",Male,"UTAWALA HIGH SCHOOL",95dd02f5-c187-44cf-a4b7-45c529456933
mock_95dd02f5_G11B_026,MOCK-95DD-G11B-026,"Michael Nyambura Adhiambo","Grade 11 B",Male,"UTAWALA HIGH SCHOOL",95dd02f5-c187-44cf-a4b7-45c529456933
mock_95dd02f5_G11B_027,MOCK-95DD-G11B-027,"Stella Adhiambo Kibet","Grade 11 B",Female,"UTAWALA HIGH SCHOOL",95dd02f5-c187-44cf-a4b7-45c529456933
mock_95dd02f5_G11B_028,MOCK-95DD-G11B-028,"Sharon Otieno Atieno","Grade 11 B",Female,"UTAWALA HIGH SCHOOL",95dd02f5-c187-44cf-a4b7-45c529456933
mock_95dd02f5_G11B_029,MOCK-95DD-G11B-029,"Eunice Mwangi Were","Grade 11 B",Female,"UTAWALA HIGH SCHOOL",95dd02f5-c187-44cf-a4b7-45c529456933
mock_95dd02f5_G11B_030,MOCK-95DD-G11B-030,"Brian Kamau Were","Grade 11 B",Male,"UTAWALA HIGH SCHOOL",95dd02f5-c187-44cf-a4b7-45c529456933
mock_95dd02f5_G11B_031,MOCK-95DD-G11B-031,"Linet Korir Owino","Grade 11 B",Female,"UTAWALA HIGH SCHOOL",95dd02f5-c187-44cf-a4b7-45c529456933
mock_95dd02f5_G11B_032,MOCK-95DD-G11B-032,"Joseph Nyambura Mbugua","Grade 11 B",Male,"UTAWALA HIGH SCHOOL",95dd02f5-c187-44cf-a4b7-45c529456933
mock_95dd02f5_G11B_033,MOCK-95DD-G11B-033,"Vincent Otieno Wafula","Grade 11 B",Male,"UTAWALA HIGH SCHOOL",95dd02f5-c187-44cf-a4b7-45c529456933
mock_95dd02f5_G11B_034,MOCK-95DD-G11B-034,"Brian Otieno Barasa","Grade 11 B",Male,"UTAWALA HIGH SCHOOL",95dd02f5-c187-44cf-a4b7-45c529456933
mock_95dd02f5_G11B_035,MOCK-95DD-G11B-035,"Winnie Nyambura Rotich","Grade 11 B",Female,"UTAWALA HIGH SCHOOL",95dd02f5-c187-44cf-a4b7-45c529456933
mock_95dd02f5_G11B_036,MOCK-95DD-G11B-036,"Ann Kiplagat Wambui","Grade 11 B",Female,"UTAWALA HIGH SCHOOL",95dd02f5-c187-44cf-a4b7-45c529456933
mock_95dd02f5_G11B_037,MOCK-95DD-G11B-037,"Diana Onyango Rotich","Grade 11 B",Female,"UTAWALA HIGH SCHOOL",95dd02f5-c187-44cf-a4b7-45c529456933
mock_95dd02f5_G11B_038,MOCK-95DD-G11B-038,"Linet Njeri Ochieng","Grade 11 B",Female,"UTAWALA HIGH SCHOOL",95dd02f5-c187-44cf-a4b7-45c529456933
mock_95dd02f5_G11B_039,MOCK-95DD-G11B-039,"Lydia Atieno Barasa","Grade 11 B",Female,"UTAWALA HIGH SCHOOL",95dd02f5-c187-44cf-a4b7-45c529456933
mock_95dd02f5_G11B_040,MOCK-95DD-G11B-040,"Linet Mbugua Cheruiyot","Grade 11 B",Female,"UTAWALA HIGH SCHOOL",95dd02f5-c187-44cf-a4b7-45c529456933
mock_95dd02f5_G11B_041,MOCK-95DD-G11B-041,"Martin Simiyu Achieng","Grade 11 B",Male,"UTAWALA HIGH SCHOOL",95dd02f5-c187-44cf-a4b7-45c529456933
mock_95dd02f5_G11B_042,MOCK-95DD-G11B-042,"Martin Kibet Otieno","Grade 11 B",Male,"UTAWALA HIGH SCHOOL",95dd02f5-c187-44cf-a4b7-45c529456933
mock_95dd02f5_G11B_043,MOCK-95DD-G11B-043,"Nancy Mbugua Owino","Grade 11 B",Female,"UTAWALA HIGH SCHOOL",95dd02f5-c187-44cf-a4b7-45c529456933
mock_95dd02f5_G11B_044,MOCK-95DD-G11B-044,"Diana Wambui Rotich","Grade 11 B",Female,"UTAWALA HIGH SCHOOL",95dd02f5-c187-44cf-a4b7-45c529456933
mock_95dd02f5_G11B_045,MOCK-95DD-G11B-045,"Eric Simiyu Juma","Grade 11 B",Male,"UTAWALA HIGH SCHOOL",95dd02f5-c187-44cf-a4b7-45c529456933
mock_95dd02f5_G11B_046,MOCK-95DD-G11B-046,"Doreen Onyango Wafula","Grade 11 B",Female,"UTAWALA HIGH SCHOOL",95dd02f5-c187-44cf-a4b7-45c529456933
mock_95dd02f5_G11B_047,MOCK-95DD-G11B-047,"Christine Akinyi Wafula","Grade 11 B",Female,"UTAWALA HIGH SCHOOL",95dd02f5-c187-44cf-a4b7-45c529456933
mock_95dd02f5_G11B_048,MOCK-95DD-G11B-048,"Stella Nyokabi Auma","Grade 11 B",Female,"UTAWALA HIGH SCHOOL",95dd02f5-c187-44cf-a4b7-45c529456933
mock_95dd02f5_G11B_049,MOCK-95DD-G11B-049,"Christine Achieng Adhiambo","Grade 11 B",Female,"UTAWALA HIGH SCHOOL",95dd02f5-c187-44cf-a4b7-45c529456933
mock_95dd02f5_G11B_050,MOCK-95DD-G11B-050,"Victor Adhiambo Nyambura","Grade 11 B",Male,"UTAWALA HIGH SCHOOL",95dd02f5-c187-44cf-a4b7-45c529456933
mock_95dd02f5_G11B_051,MOCK-95DD-G11B-051,"Beatrice Ochieng Juma","Grade 11 B",Female,"UTAWALA HIGH SCHOOL",95dd02f5-c187-44cf-a4b7-45c529456933
mock_95dd02f5_G11B_052,MOCK-95DD-G11B-052,"Fredrick Juma Gitau","Grade 11 B",Male,"UTAWALA HIGH SCHOOL",95dd02f5-c187-44cf-a4b7-45c529456933
mock_95dd02f5_G11B_053,MOCK-95DD-G11B-053,"Collins Wairimu Auma","Grade 11 B",Male,"UTAWALA HIGH SCHOOL",95dd02f5-c187-44cf-a4b7-45c529456933
mock_95dd02f5_G11B_054,MOCK-95DD-G11B-054,"Stephen Ochieng Njeri","Grade 11 B",Male,"UTAWALA HIGH SCHOOL",95dd02f5-c187-44cf-a4b7-45c529456933
mock_95dd02f5_G11B_055,MOCK-95DD-G11B-055,"Collins Rotich Barasa","Grade 11 B",Male,"UTAWALA HIGH SCHOOL",95dd02f5-c187-44cf-a4b7-45c529456933
mock_95dd02f5_G11B_056,MOCK-95DD-G11B-056,"Faith Akinyi Simiyu","Grade 11 B",Female,"UTAWALA HIGH SCHOOL",95dd02f5-c187-44cf-a4b7-45c529456933
mock_95dd02f5_G11B_057,MOCK-95DD-G11B-057,"Cornelius Adhiambo Ochieng","Grade 11 B",Male,"UTAWALA HIGH SCHOOL",95dd02f5-c187-44cf-a4b7-45c529456933
mock_95dd02f5_G11B_058,MOCK-95DD-G11B-058,"Emmanuel Kiplagat Kibet","Grade 11 B",Male,"UTAWALA HIGH SCHOOL",95dd02f5-c187-44cf-a4b7-45c529456933
mock_95dd02f5_G11B_059,MOCK-95DD-G11B-059,"Kelvin Owino Kariuki","Grade 11 B",Male,"UTAWALA HIGH SCHOOL",95dd02f5-c187-44cf-a4b7-45c529456933
mock_95dd02f5_G11B_060,MOCK-95DD-G11B-060,"Christine Mutua Karanja","Grade 11 B",Female,"UTAWALA HIGH SCHOOL",95dd02f5-c187-44cf-a4b7-45c529456933
mock_95dd02f5_G12A_001,MOCK-95DD-G12A-001,"Lydia Were Karanja","Grade 12 A",Female,"UTAWALA HIGH SCHOOL",95dd02f5-c187-44cf-a4b7-45c529456933
mock_95dd02f5_G12A_002,MOCK-95DD-G12A-002,"Pauline Mutiso Karanja","Grade 12 A",Female,"UTAWALA HIGH SCHOOL",95dd02f5-c187-44cf-a4b7-45c529456933
mock_95dd02f5_G12A_003,MOCK-95DD-G12A-003,"Charles Mutiso Kariuki","Grade 12 A",Male,"UTAWALA HIGH SCHOOL",95dd02f5-c187-44cf-a4b7-45c529456933
mock_95dd02f5_G12A_004,MOCK-95DD-G12A-004,"Martin Onyango Owino","Grade 12 A",Male,"UTAWALA HIGH SCHOOL",95dd02f5-c187-44cf-a4b7-45c529456933
mock_95dd02f5_G12A_005,MOCK-95DD-G12A-005,"Joy Auma Otieno","Grade 12 A",Female,"UTAWALA HIGH SCHOOL",95dd02f5-c187-44cf-a4b7-45c529456933
mock_95dd02f5_G12A_006,MOCK-95DD-G12A-006,"Nancy Simiyu Maina","Grade 12 A",Female,"UTAWALA HIGH SCHOOL",95dd02f5-c187-44cf-a4b7-45c529456933
mock_95dd02f5_G12A_007,MOCK-95DD-G12A-007,"Emmanuel Wafula Mwangi","Grade 12 A",Male,"UTAWALA HIGH SCHOOL",95dd02f5-c187-44cf-a4b7-45c529456933
mock_95dd02f5_G12A_008,MOCK-95DD-G12A-008,"Mercy Atieno Owino","Grade 12 A",Female,"UTAWALA HIGH SCHOOL",95dd02f5-c187-44cf-a4b7-45c529456933
mock_95dd02f5_G12A_009,MOCK-95DD-G12A-009,"Joy Kipchoge Cheruiyot","Grade 12 A",Female,"UTAWALA HIGH SCHOOL",95dd02f5-c187-44cf-a4b7-45c529456933
mock_95dd02f5_G12A_010,MOCK-95DD-G12A-010,"Joy Njoroge Atieno","Grade 12 A",Female,"UTAWALA HIGH SCHOOL",95dd02f5-c187-44cf-a4b7-45c529456933
mock_95dd02f5_G12A_011,MOCK-95DD-G12A-011,"Kevin Akinyi Omondi","Grade 12 A",Male,"UTAWALA HIGH SCHOOL",95dd02f5-c187-44cf-a4b7-45c529456933
mock_95dd02f5_G12A_012,MOCK-95DD-G12A-012,"Sylvia Odhiambo Gitau","Grade 12 A",Female,"UTAWALA HIGH SCHOOL",95dd02f5-c187-44cf-a4b7-45c529456933
mock_95dd02f5_G12A_013,MOCK-95DD-G12A-013,"Anthony Wanjiru Kariuki","Grade 12 A",Male,"UTAWALA HIGH SCHOOL",95dd02f5-c187-44cf-a4b7-45c529456933
mock_95dd02f5_G12A_014,MOCK-95DD-G12A-014,"Eunice Kibet Kamau","Grade 12 A",Female,"UTAWALA HIGH SCHOOL",95dd02f5-c187-44cf-a4b7-45c529456933
mock_95dd02f5_G12A_015,MOCK-95DD-G12A-015,"Grace Wambui Kariuki","Grade 12 A",Female,"UTAWALA HIGH SCHOOL",95dd02f5-c187-44cf-a4b7-45c529456933
mock_95dd02f5_G12A_016,MOCK-95DD-G12A-016,"Valentine Njeri Simiyu","Grade 12 A",Female,"UTAWALA HIGH SCHOOL",95dd02f5-c187-44cf-a4b7-45c529456933
mock_95dd02f5_G12A_017,MOCK-95DD-G12A-017,"Stephen Maina Barasa","Grade 12 A",Male,"UTAWALA HIGH SCHOOL",95dd02f5-c187-44cf-a4b7-45c529456933
mock_95dd02f5_G12A_018,MOCK-95DD-G12A-018,"Diana Chebet Mbugua","Grade 12 A",Female,"UTAWALA HIGH SCHOOL",95dd02f5-c187-44cf-a4b7-45c529456933
mock_95dd02f5_G12A_019,MOCK-95DD-G12A-019,"Rose Cheruiyot Korir","Grade 12 A",Female,"UTAWALA HIGH SCHOOL",95dd02f5-c187-44cf-a4b7-45c529456933
mock_95dd02f5_G12A_020,MOCK-95DD-G12A-020,"Maureen Were Gitau","Grade 12 A",Female,"UTAWALA HIGH SCHOOL",95dd02f5-c187-44cf-a4b7-45c529456933
mock_95dd02f5_G12A_021,MOCK-95DD-G12A-021,"Purity Mbugua Wambui","Grade 12 A",Female,"UTAWALA HIGH SCHOOL",95dd02f5-c187-44cf-a4b7-45c529456933
mock_95dd02f5_G12A_022,MOCK-95DD-G12A-022,"Peter Atieno Mutiso","Grade 12 A",Male,"UTAWALA HIGH SCHOOL",95dd02f5-c187-44cf-a4b7-45c529456933
mock_95dd02f5_G12A_023,MOCK-95DD-G12A-023,"Brayan Mutiso Mwangi","Grade 12 A",Male,"UTAWALA HIGH SCHOOL",95dd02f5-c187-44cf-a4b7-45c529456933
mock_95dd02f5_G12A_024,MOCK-95DD-G12A-024,"Diana Owino Nyambura","Grade 12 A",Female,"UTAWALA HIGH SCHOOL",95dd02f5-c187-44cf-a4b7-45c529456933
mock_95dd02f5_G12A_025,MOCK-95DD-G12A-025,"Ian Akinyi Maina","Grade 12 A",Male,"UTAWALA HIGH SCHOOL",95dd02f5-c187-44cf-a4b7-45c529456933
mock_95dd02f5_G12A_026,MOCK-95DD-G12A-026,"Patrick Ochieng Omondi","Grade 12 A",Male,"UTAWALA HIGH SCHOOL",95dd02f5-c187-44cf-a4b7-45c529456933
mock_95dd02f5_G12A_027,MOCK-95DD-G12A-027,"Sharon Maina Atieno","Grade 12 A",Female,"UTAWALA HIGH SCHOOL",95dd02f5-c187-44cf-a4b7-45c529456933
mock_95dd02f5_G12A_028,MOCK-95DD-G12A-028,"Brayan Simiyu Njeri","Grade 12 A",Male,"UTAWALA HIGH SCHOOL",95dd02f5-c187-44cf-a4b7-45c529456933
mock_95dd02f5_G12A_029,MOCK-95DD-G12A-029,"Doreen Kipchoge Onyango","Grade 12 A",Female,"UTAWALA HIGH SCHOOL",95dd02f5-c187-44cf-a4b7-45c529456933
mock_95dd02f5_G12A_030,MOCK-95DD-G12A-030,"Charles Njoroge Wambui","Grade 12 A",Male,"UTAWALA HIGH SCHOOL",95dd02f5-c187-44cf-a4b7-45c529456933
mock_95dd02f5_G12A_031,MOCK-95DD-G12A-031,"Emmanuel Karanja Maina","Grade 12 A",Male,"UTAWALA HIGH SCHOOL",95dd02f5-c187-44cf-a4b7-45c529456933
mock_95dd02f5_G12A_032,MOCK-95DD-G12A-032,"Beatrice Akinyi Wambui","Grade 12 A",Female,"UTAWALA HIGH SCHOOL",95dd02f5-c187-44cf-a4b7-45c529456933
mock_95dd02f5_G12A_033,MOCK-95DD-G12A-033,"Anthony Kiplagat Kamau","Grade 12 A",Male,"UTAWALA HIGH SCHOOL",95dd02f5-c187-44cf-a4b7-45c529456933
mock_95dd02f5_G12A_034,MOCK-95DD-G12A-034,"Diana Juma Njeri","Grade 12 A",Female,"UTAWALA HIGH SCHOOL",95dd02f5-c187-44cf-a4b7-45c529456933
mock_95dd02f5_G12A_035,MOCK-95DD-G12A-035,"Stephen Chebet Chepkemoi","Grade 12 A",Male,"UTAWALA HIGH SCHOOL",95dd02f5-c187-44cf-a4b7-45c529456933
mock_95dd02f5_G12A_036,MOCK-95DD-G12A-036,"Allan Njoroge Were","Grade 12 A",Male,"UTAWALA HIGH SCHOOL",95dd02f5-c187-44cf-a4b7-45c529456933
mock_95dd02f5_G12A_037,MOCK-95DD-G12A-037,"Maureen Were Onyango","Grade 12 A",Female,"UTAWALA HIGH SCHOOL",95dd02f5-c187-44cf-a4b7-45c529456933
mock_95dd02f5_G12A_038,MOCK-95DD-G12A-038,"Mitchelle Chepkemoi Omondi","Grade 12 A",Female,"UTAWALA HIGH SCHOOL",95dd02f5-c187-44cf-a4b7-45c529456933
mock_95dd02f5_G12A_039,MOCK-95DD-G12A-039,"Patrick Mbugua Rotich","Grade 12 A",Male,"UTAWALA HIGH SCHOOL",95dd02f5-c187-44cf-a4b7-45c529456933
mock_95dd02f5_G12A_040,MOCK-95DD-G12A-040,"Janet Adhiambo Kamau","Grade 12 A",Female,"UTAWALA HIGH SCHOOL",95dd02f5-c187-44cf-a4b7-45c529456933
mock_95dd02f5_G12A_041,MOCK-95DD-G12A-041,"Martin Otieno Korir","Grade 12 A",Male,"UTAWALA HIGH SCHOOL",95dd02f5-c187-44cf-a4b7-45c529456933
mock_95dd02f5_G12A_042,MOCK-95DD-G12A-042,"Nancy Wambui Korir","Grade 12 A",Female,"UTAWALA HIGH SCHOOL",95dd02f5-c187-44cf-a4b7-45c529456933
mock_95dd02f5_G12A_043,MOCK-95DD-G12A-043,"Charles Achieng Rotich","Grade 12 A",Male,"UTAWALA HIGH SCHOOL",95dd02f5-c187-44cf-a4b7-45c529456933
mock_95dd02f5_G12A_044,MOCK-95DD-G12A-044,"Allan Wanjiru Owino","Grade 12 A",Male,"UTAWALA HIGH SCHOOL",95dd02f5-c187-44cf-a4b7-45c529456933
mock_95dd02f5_G12A_045,MOCK-95DD-G12A-045,"Joseph Nyokabi Nyokabi","Grade 12 A",Male,"UTAWALA HIGH SCHOOL",95dd02f5-c187-44cf-a4b7-45c529456933
mock_95dd02f5_G12A_046,MOCK-95DD-G12A-046,"Mary Wairimu Kamau","Grade 12 A",Female,"UTAWALA HIGH SCHOOL",95dd02f5-c187-44cf-a4b7-45c529456933
mock_95dd02f5_G12A_047,MOCK-95DD-G12A-047,"Patrick Rotich Mbugua","Grade 12 A",Male,"UTAWALA HIGH SCHOOL",95dd02f5-c187-44cf-a4b7-45c529456933
mock_95dd02f5_G12A_048,MOCK-95DD-G12A-048,"Sylvia Omondi Njeri","Grade 12 A",Female,"UTAWALA HIGH SCHOOL",95dd02f5-c187-44cf-a4b7-45c529456933
mock_95dd02f5_G12A_049,MOCK-95DD-G12A-049,"Nancy Owino Cheruiyot","Grade 12 A",Female,"UTAWALA HIGH SCHOOL",95dd02f5-c187-44cf-a4b7-45c529456933
mock_95dd02f5_G12A_050,MOCK-95DD-G12A-050,"Valentine Owino Chebet","Grade 12 A",Female,"UTAWALA HIGH SCHOOL",95dd02f5-c187-44cf-a4b7-45c529456933
mock_95dd02f5_G12A_051,MOCK-95DD-G12A-051,"Faith Chepkemoi Ochieng","Grade 12 A",Female,"UTAWALA HIGH SCHOOL",95dd02f5-c187-44cf-a4b7-45c529456933
mock_95dd02f5_G12A_052,MOCK-95DD-G12A-052,"Kelvin Odhiambo Omondi","Grade 12 A",Male,"UTAWALA HIGH SCHOOL",95dd02f5-c187-44cf-a4b7-45c529456933
mock_95dd02f5_G12A_053,MOCK-95DD-G12A-053,"Nancy Wambui Simiyu","Grade 12 A",Female,"UTAWALA HIGH SCHOOL",95dd02f5-c187-44cf-a4b7-45c529456933
mock_95dd02f5_G12A_054,MOCK-95DD-G12A-054,"Winnie Juma Wairimu","Grade 12 A",Female,"UTAWALA HIGH SCHOOL",95dd02f5-c187-44cf-a4b7-45c529456933
mock_95dd02f5_G12A_055,MOCK-95DD-G12A-055,"Peter Onyango Kipchoge","Grade 12 A",Male,"UTAWALA HIGH SCHOOL",95dd02f5-c187-44cf-a4b7-45c529456933
mock_95dd02f5_G12A_056,MOCK-95DD-G12A-056,"Stephen Owino Were","Grade 12 A",Male,"UTAWALA HIGH SCHOOL",95dd02f5-c187-44cf-a4b7-45c529456933
mock_95dd02f5_G12A_057,MOCK-95DD-G12A-057,"Emmanuel Owino Owino","Grade 12 A",Male,"UTAWALA HIGH SCHOOL",95dd02f5-c187-44cf-a4b7-45c529456933
mock_95dd02f5_G12A_058,MOCK-95DD-G12A-058,"Mary Karanja Kipchoge","Grade 12 A",Female,"UTAWALA HIGH SCHOOL",95dd02f5-c187-44cf-a4b7-45c529456933
mock_95dd02f5_G12A_059,MOCK-95DD-G12A-059,"Eunice Chepkemoi Mutua","Grade 12 A",Female,"UTAWALA HIGH SCHOOL",95dd02f5-c187-44cf-a4b7-45c529456933
mock_95dd02f5_G12A_060,MOCK-95DD-G12A-060,"Cynthia Nyambura Kibet","Grade 12 A",Female,"UTAWALA HIGH SCHOOL",95dd02f5-c187-44cf-a4b7-45c529456933
mock_95dd02f5_G12B_001,MOCK-95DD-G12B-001,"Sylvia Korir Wanjiru","Grade 12 B",Female,"UTAWALA HIGH SCHOOL",95dd02f5-c187-44cf-a4b7-45c529456933
mock_95dd02f5_G12B_002,MOCK-95DD-G12B-002,"Grace Njeri Chebet","Grade 12 B",Female,"UTAWALA HIGH SCHOOL",95dd02f5-c187-44cf-a4b7-45c529456933
mock_95dd02f5_G12B_003,MOCK-95DD-G12B-003,"Kevin Wambui Kiplagat","Grade 12 B",Male,"UTAWALA HIGH SCHOOL",95dd02f5-c187-44cf-a4b7-45c529456933
mock_95dd02f5_G12B_004,MOCK-95DD-G12B-004,"Mercy Mbugua Kibet","Grade 12 B",Female,"UTAWALA HIGH SCHOOL",95dd02f5-c187-44cf-a4b7-45c529456933
mock_95dd02f5_G12B_005,MOCK-95DD-G12B-005,"Vincent Rotich Mutiso","Grade 12 B",Male,"UTAWALA HIGH SCHOOL",95dd02f5-c187-44cf-a4b7-45c529456933
mock_95dd02f5_G12B_006,MOCK-95DD-G12B-006,"Mitchelle Kariuki Nyokabi","Grade 12 B",Female,"UTAWALA HIGH SCHOOL",95dd02f5-c187-44cf-a4b7-45c529456933
mock_95dd02f5_G12B_007,MOCK-95DD-G12B-007,"George Nyokabi Kiplagat","Grade 12 B",Male,"UTAWALA HIGH SCHOOL",95dd02f5-c187-44cf-a4b7-45c529456933
mock_95dd02f5_G12B_008,MOCK-95DD-G12B-008,"Brayan Ochieng Odhiambo","Grade 12 B",Male,"UTAWALA HIGH SCHOOL",95dd02f5-c187-44cf-a4b7-45c529456933
mock_95dd02f5_G12B_009,MOCK-95DD-G12B-009,"Vincent Kamau Auma","Grade 12 B",Male,"UTAWALA HIGH SCHOOL",95dd02f5-c187-44cf-a4b7-45c529456933
mock_95dd02f5_G12B_010,MOCK-95DD-G12B-010,"Kevin Wairimu Mutua","Grade 12 B",Male,"UTAWALA HIGH SCHOOL",95dd02f5-c187-44cf-a4b7-45c529456933
mock_95dd02f5_G12B_011,MOCK-95DD-G12B-011,"Pauline Onyango Mutua","Grade 12 B",Female,"UTAWALA HIGH SCHOOL",95dd02f5-c187-44cf-a4b7-45c529456933
mock_95dd02f5_G12B_012,MOCK-95DD-G12B-012,"Brenda Rotich Njoroge","Grade 12 B",Female,"UTAWALA HIGH SCHOOL",95dd02f5-c187-44cf-a4b7-45c529456933
mock_95dd02f5_G12B_013,MOCK-95DD-G12B-013,"Rose Kibet Njeri","Grade 12 B",Female,"UTAWALA HIGH SCHOOL",95dd02f5-c187-44cf-a4b7-45c529456933
mock_95dd02f5_G12B_014,MOCK-95DD-G12B-014,"Lydia Rotich Barasa","Grade 12 B",Female,"UTAWALA HIGH SCHOOL",95dd02f5-c187-44cf-a4b7-45c529456933
mock_95dd02f5_G12B_015,MOCK-95DD-G12B-015,"Lucy Wafula Were","Grade 12 B",Female,"UTAWALA HIGH SCHOOL",95dd02f5-c187-44cf-a4b7-45c529456933
mock_95dd02f5_G12B_016,MOCK-95DD-G12B-016,"Joy Nyokabi Njoroge","Grade 12 B",Female,"UTAWALA HIGH SCHOOL",95dd02f5-c187-44cf-a4b7-45c529456933
mock_95dd02f5_G12B_017,MOCK-95DD-G12B-017,"Elvis Mbugua Mutua","Grade 12 B",Male,"UTAWALA HIGH SCHOOL",95dd02f5-c187-44cf-a4b7-45c529456933
mock_95dd02f5_G12B_018,MOCK-95DD-G12B-018,"Ian Achieng Kibet","Grade 12 B",Male,"UTAWALA HIGH SCHOOL",95dd02f5-c187-44cf-a4b7-45c529456933
mock_95dd02f5_G12B_019,MOCK-95DD-G12B-019,"Daniel Adhiambo Chebet","Grade 12 B",Male,"UTAWALA HIGH SCHOOL",95dd02f5-c187-44cf-a4b7-45c529456933
mock_95dd02f5_G12B_020,MOCK-95DD-G12B-020,"Brian Otieno Mwangi","Grade 12 B",Male,"UTAWALA HIGH SCHOOL",95dd02f5-c187-44cf-a4b7-45c529456933
mock_95dd02f5_G12B_021,MOCK-95DD-G12B-021,"Diana Omondi Omondi","Grade 12 B",Female,"UTAWALA HIGH SCHOOL",95dd02f5-c187-44cf-a4b7-45c529456933
mock_95dd02f5_G12B_022,MOCK-95DD-G12B-022,"Grace Juma Kariuki","Grade 12 B",Female,"UTAWALA HIGH SCHOOL",95dd02f5-c187-44cf-a4b7-45c529456933
mock_95dd02f5_G12B_023,MOCK-95DD-G12B-023,"Daniel Achieng Mwangi","Grade 12 B",Male,"UTAWALA HIGH SCHOOL",95dd02f5-c187-44cf-a4b7-45c529456933
mock_95dd02f5_G12B_024,MOCK-95DD-G12B-024,"Mary Onyango Adhiambo","Grade 12 B",Female,"UTAWALA HIGH SCHOOL",95dd02f5-c187-44cf-a4b7-45c529456933
mock_95dd02f5_G12B_025,MOCK-95DD-G12B-025,"Elvis Onyango Ochieng","Grade 12 B",Male,"UTAWALA HIGH SCHOOL",95dd02f5-c187-44cf-a4b7-45c529456933
mock_95dd02f5_G12B_026,MOCK-95DD-G12B-026,"Caroline Wafula Nyambura","Grade 12 B",Female,"UTAWALA HIGH SCHOOL",95dd02f5-c187-44cf-a4b7-45c529456933
mock_95dd02f5_G12B_027,MOCK-95DD-G12B-027,"Christine Mbugua Auma","Grade 12 B",Female,"UTAWALA HIGH SCHOOL",95dd02f5-c187-44cf-a4b7-45c529456933
mock_95dd02f5_G12B_028,MOCK-95DD-G12B-028,"Fredrick Chepkemoi Rotich","Grade 12 B",Male,"UTAWALA HIGH SCHOOL",95dd02f5-c187-44cf-a4b7-45c529456933
mock_95dd02f5_G12B_029,MOCK-95DD-G12B-029,"Duncan Auma Mutua","Grade 12 B",Male,"UTAWALA HIGH SCHOOL",95dd02f5-c187-44cf-a4b7-45c529456933
mock_95dd02f5_G12B_030,MOCK-95DD-G12B-030,"Maureen Ochieng Kamau","Grade 12 B",Female,"UTAWALA HIGH SCHOOL",95dd02f5-c187-44cf-a4b7-45c529456933
mock_95dd02f5_G12B_031,MOCK-95DD-G12B-031,"Joy Mwangi Wairimu","Grade 12 B",Female,"UTAWALA HIGH SCHOOL",95dd02f5-c187-44cf-a4b7-45c529456933
mock_95dd02f5_G12B_032,MOCK-95DD-G12B-032,"Dennis Mutiso Mutua","Grade 12 B",Male,"UTAWALA HIGH SCHOOL",95dd02f5-c187-44cf-a4b7-45c529456933
mock_95dd02f5_G12B_033,MOCK-95DD-G12B-033,"Mary Juma Maina","Grade 12 B",Female,"UTAWALA HIGH SCHOOL",95dd02f5-c187-44cf-a4b7-45c529456933
mock_95dd02f5_G12B_034,MOCK-95DD-G12B-034,"Fredrick Auma Rotich","Grade 12 B",Male,"UTAWALA HIGH SCHOOL",95dd02f5-c187-44cf-a4b7-45c529456933
mock_95dd02f5_G12B_035,MOCK-95DD-G12B-035,"Patrick Wambui Wafula","Grade 12 B",Male,"UTAWALA HIGH SCHOOL",95dd02f5-c187-44cf-a4b7-45c529456933
mock_95dd02f5_G12B_036,MOCK-95DD-G12B-036,"Faith Kipchoge Chebet","Grade 12 B",Female,"UTAWALA HIGH SCHOOL",95dd02f5-c187-44cf-a4b7-45c529456933
mock_95dd02f5_G12B_037,MOCK-95DD-G12B-037,"Eric Were Wambui","Grade 12 B",Male,"UTAWALA HIGH SCHOOL",95dd02f5-c187-44cf-a4b7-45c529456933
mock_95dd02f5_G12B_038,MOCK-95DD-G12B-038,"Elvis Karanja Juma","Grade 12 B",Male,"UTAWALA HIGH SCHOOL",95dd02f5-c187-44cf-a4b7-45c529456933
mock_95dd02f5_G12B_039,MOCK-95DD-G12B-039,"Christine Njoroge Rotich","Grade 12 B",Female,"UTAWALA HIGH SCHOOL",95dd02f5-c187-44cf-a4b7-45c529456933
mock_95dd02f5_G12B_040,MOCK-95DD-G12B-040,"Samuel Odhiambo Kamau","Grade 12 B",Male,"UTAWALA HIGH SCHOOL",95dd02f5-c187-44cf-a4b7-45c529456933
mock_95dd02f5_G12B_041,MOCK-95DD-G12B-041,"Anthony Rotich Were","Grade 12 B",Male,"UTAWALA HIGH SCHOOL",95dd02f5-c187-44cf-a4b7-45c529456933
mock_95dd02f5_G12B_042,MOCK-95DD-G12B-042,"Mary Auma Atieno","Grade 12 B",Female,"UTAWALA HIGH SCHOOL",95dd02f5-c187-44cf-a4b7-45c529456933
mock_95dd02f5_G12B_043,MOCK-95DD-G12B-043,"Eric Omondi Wairimu","Grade 12 B",Male,"UTAWALA HIGH SCHOOL",95dd02f5-c187-44cf-a4b7-45c529456933
mock_95dd02f5_G12B_044,MOCK-95DD-G12B-044,"Mercy Auma Wafula","Grade 12 B",Female,"UTAWALA HIGH SCHOOL",95dd02f5-c187-44cf-a4b7-45c529456933
mock_95dd02f5_G12B_045,MOCK-95DD-G12B-045,"Brian Adhiambo Barasa","Grade 12 B",Male,"UTAWALA HIGH SCHOOL",95dd02f5-c187-44cf-a4b7-45c529456933
mock_95dd02f5_G12B_046,MOCK-95DD-G12B-046,"Duncan Mwangi Owino","Grade 12 B",Male,"UTAWALA HIGH SCHOOL",95dd02f5-c187-44cf-a4b7-45c529456933
mock_95dd02f5_G12B_047,MOCK-95DD-G12B-047,"Brayan Kamau Onyango","Grade 12 B",Male,"UTAWALA HIGH SCHOOL",95dd02f5-c187-44cf-a4b7-45c529456933
mock_95dd02f5_G12B_048,MOCK-95DD-G12B-048,"Allan Onyango Omondi","Grade 12 B",Male,"UTAWALA HIGH SCHOOL",95dd02f5-c187-44cf-a4b7-45c529456933
mock_95dd02f5_G12B_049,MOCK-95DD-G12B-049,"Victor Omondi Akinyi","Grade 12 B",Male,"UTAWALA HIGH SCHOOL",95dd02f5-c187-44cf-a4b7-45c529456933
mock_95dd02f5_G12B_050,MOCK-95DD-G12B-050,"Victor Akinyi Wanjiru","Grade 12 B",Male,"UTAWALA HIGH SCHOOL",95dd02f5-c187-44cf-a4b7-45c529456933
mock_95dd02f5_G12B_051,MOCK-95DD-G12B-051,"Maureen Njoroge Gitau","Grade 12 B",Female,"UTAWALA HIGH SCHOOL",95dd02f5-c187-44cf-a4b7-45c529456933
mock_95dd02f5_G12B_052,MOCK-95DD-G12B-052,"Allan Wafula Maina","Grade 12 B",Male,"UTAWALA HIGH SCHOOL",95dd02f5-c187-44cf-a4b7-45c529456933
mock_95dd02f5_G12B_053,MOCK-95DD-G12B-053,"Kelvin Kipchoge Mutiso","Grade 12 B",Male,"UTAWALA HIGH SCHOOL",95dd02f5-c187-44cf-a4b7-45c529456933
mock_95dd02f5_G12B_054,MOCK-95DD-G12B-054,"Beatrice Adhiambo Omondi","Grade 12 B",Female,"UTAWALA HIGH SCHOOL",95dd02f5-c187-44cf-a4b7-45c529456933
mock_95dd02f5_G12B_055,MOCK-95DD-G12B-055,"Lucy Otieno Karanja","Grade 12 B",Female,"UTAWALA HIGH SCHOOL",95dd02f5-c187-44cf-a4b7-45c529456933
mock_95dd02f5_G12B_056,MOCK-95DD-G12B-056,"Allan Omondi Karanja","Grade 12 B",Male,"UTAWALA HIGH SCHOOL",95dd02f5-c187-44cf-a4b7-45c529456933
mock_95dd02f5_G12B_057,MOCK-95DD-G12B-057,"Pauline Barasa Auma","Grade 12 B",Female,"UTAWALA HIGH SCHOOL",95dd02f5-c187-44cf-a4b7-45c529456933
mock_95dd02f5_G12B_058,MOCK-95DD-G12B-058,"Joy Wafula Kamau","Grade 12 B",Female,"UTAWALA HIGH SCHOOL",95dd02f5-c187-44cf-a4b7-45c529456933
mock_95dd02f5_G12B_059,MOCK-95DD-G12B-059,"Brian Were Karanja","Grade 12 B",Male,"UTAWALA HIGH SCHOOL",95dd02f5-c187-44cf-a4b7-45c529456933
mock_95dd02f5_G12B_060,MOCK-95DD-G12B-060,"Faith Kariuki Onyango","Grade 12 B",Female,"UTAWALA HIGH SCHOOL",95dd02f5-c187-44cf-a4b7-45c529456933
mock_70776137_G7A_001,MOCK-7077-G7A-001,"Lydia Korir Maina","Grade 7 A",Female,"UTAWALA HIGH SCHOOL",70776137-62ee-4e83-98a8-6ff5d6a05bf6
mock_70776137_G7A_002,MOCK-7077-G7A-002,"Caroline Kariuki Otieno","Grade 7 A",Female,"UTAWALA HIGH SCHOOL",70776137-62ee-4e83-98a8-6ff5d6a05bf6
mock_70776137_G7A_003,MOCK-7077-G7A-003,"Sylvia Wafula Mwangi","Grade 7 A",Female,"UTAWALA HIGH SCHOOL",70776137-62ee-4e83-98a8-6ff5d6a05bf6
mock_70776137_G7A_004,MOCK-7077-G7A-004,"Janet Chebet Njeri","Grade 7 A",Female,"UTAWALA HIGH SCHOOL",70776137-62ee-4e83-98a8-6ff5d6a05bf6
mock_70776137_G7A_005,MOCK-7077-G7A-005,"Victor Ochieng Kariuki","Grade 7 A",Male,"UTAWALA HIGH SCHOOL",70776137-62ee-4e83-98a8-6ff5d6a05bf6
mock_70776137_G7A_006,MOCK-7077-G7A-006,"Winnie Wafula Wambui","Grade 7 A",Female,"UTAWALA HIGH SCHOOL",70776137-62ee-4e83-98a8-6ff5d6a05bf6
mock_70776137_G7A_007,MOCK-7077-G7A-007,"Peter Simiyu Onyango","Grade 7 A",Male,"UTAWALA HIGH SCHOOL",70776137-62ee-4e83-98a8-6ff5d6a05bf6
mock_70776137_G7A_008,MOCK-7077-G7A-008,"Janet Njeri Cheruiyot","Grade 7 A",Female,"UTAWALA HIGH SCHOOL",70776137-62ee-4e83-98a8-6ff5d6a05bf6
mock_70776137_G7A_009,MOCK-7077-G7A-009,"Brenda Mutiso Odhiambo","Grade 7 A",Female,"UTAWALA HIGH SCHOOL",70776137-62ee-4e83-98a8-6ff5d6a05bf6
mock_70776137_G7A_010,MOCK-7077-G7A-010,"Winnie Adhiambo Juma","Grade 7 A",Female,"UTAWALA HIGH SCHOOL",70776137-62ee-4e83-98a8-6ff5d6a05bf6
mock_70776137_G7A_011,MOCK-7077-G7A-011,"Pauline Njoroge Onyango","Grade 7 A",Female,"UTAWALA HIGH SCHOOL",70776137-62ee-4e83-98a8-6ff5d6a05bf6
mock_70776137_G7A_012,MOCK-7077-G7A-012,"Collins Kipchoge Owino","Grade 7 A",Male,"UTAWALA HIGH SCHOOL",70776137-62ee-4e83-98a8-6ff5d6a05bf6
mock_70776137_G7A_013,MOCK-7077-G7A-013,"Allan Maina Wafula","Grade 7 A",Male,"UTAWALA HIGH SCHOOL",70776137-62ee-4e83-98a8-6ff5d6a05bf6
mock_70776137_G7A_014,MOCK-7077-G7A-014,"Linet Wairimu Korir","Grade 7 A",Female,"UTAWALA HIGH SCHOOL",70776137-62ee-4e83-98a8-6ff5d6a05bf6
mock_70776137_G7A_015,MOCK-7077-G7A-015,"Winnie Chebet Onyango","Grade 7 A",Female,"UTAWALA HIGH SCHOOL",70776137-62ee-4e83-98a8-6ff5d6a05bf6
mock_70776137_G7A_016,MOCK-7077-G7A-016,"Beatrice Owino Mwangi","Grade 7 A",Female,"UTAWALA HIGH SCHOOL",70776137-62ee-4e83-98a8-6ff5d6a05bf6
mock_70776137_G7A_017,MOCK-7077-G7A-017,"Vincent Kiplagat Atieno","Grade 7 A",Male,"UTAWALA HIGH SCHOOL",70776137-62ee-4e83-98a8-6ff5d6a05bf6
mock_70776137_G7A_018,MOCK-7077-G7A-018,"Sharon Akinyi Chepkemoi","Grade 7 A",Female,"UTAWALA HIGH SCHOOL",70776137-62ee-4e83-98a8-6ff5d6a05bf6
mock_70776137_G7A_019,MOCK-7077-G7A-019,"Kelvin Kibet Korir","Grade 7 A",Male,"UTAWALA HIGH SCHOOL",70776137-62ee-4e83-98a8-6ff5d6a05bf6
mock_70776137_G7A_020,MOCK-7077-G7A-020,"Lucy Akinyi Achieng","Grade 7 A",Female,"UTAWALA HIGH SCHOOL",70776137-62ee-4e83-98a8-6ff5d6a05bf6
mock_70776137_G7A_021,MOCK-7077-G7A-021,"Beatrice Karanja Atieno","Grade 7 A",Female,"UTAWALA HIGH SCHOOL",70776137-62ee-4e83-98a8-6ff5d6a05bf6
mock_70776137_G7A_022,MOCK-7077-G7A-022,"Emmanuel Juma Njeri","Grade 7 A",Male,"UTAWALA HIGH SCHOOL",70776137-62ee-4e83-98a8-6ff5d6a05bf6
mock_70776137_G7A_023,MOCK-7077-G7A-023,"Fredrick Otieno Achieng","Grade 7 A",Male,"UTAWALA HIGH SCHOOL",70776137-62ee-4e83-98a8-6ff5d6a05bf6
mock_70776137_G7A_024,MOCK-7077-G7A-024,"Charles Kibet Mutua","Grade 7 A",Male,"UTAWALA HIGH SCHOOL",70776137-62ee-4e83-98a8-6ff5d6a05bf6
mock_70776137_G7A_025,MOCK-7077-G7A-025,"Dennis Adhiambo Wanjiru","Grade 7 A",Male,"UTAWALA HIGH SCHOOL",70776137-62ee-4e83-98a8-6ff5d6a05bf6
mock_70776137_G7A_026,MOCK-7077-G7A-026,"Beatrice Mutiso Wambui","Grade 7 A",Female,"UTAWALA HIGH SCHOOL",70776137-62ee-4e83-98a8-6ff5d6a05bf6
mock_70776137_G7A_027,MOCK-7077-G7A-027,"Mitchelle Wafula Maina","Grade 7 A",Female,"UTAWALA HIGH SCHOOL",70776137-62ee-4e83-98a8-6ff5d6a05bf6
mock_70776137_G7A_028,MOCK-7077-G7A-028,"Purity Kipchoge Onyango","Grade 7 A",Female,"UTAWALA HIGH SCHOOL",70776137-62ee-4e83-98a8-6ff5d6a05bf6
mock_70776137_G7A_029,MOCK-7077-G7A-029,"Diana Gitau Mutua","Grade 7 A",Female,"UTAWALA HIGH SCHOOL",70776137-62ee-4e83-98a8-6ff5d6a05bf6
mock_70776137_G7A_030,MOCK-7077-G7A-030,"Cynthia Barasa Wairimu","Grade 7 A",Female,"UTAWALA HIGH SCHOOL",70776137-62ee-4e83-98a8-6ff5d6a05bf6
mock_70776137_G7A_031,MOCK-7077-G7A-031,"Lucy Chebet Kibet","Grade 7 A",Female,"UTAWALA HIGH SCHOOL",70776137-62ee-4e83-98a8-6ff5d6a05bf6
mock_70776137_G7A_032,MOCK-7077-G7A-032,"Rose Chepkemoi Cheruiyot","Grade 7 A",Female,"UTAWALA HIGH SCHOOL",70776137-62ee-4e83-98a8-6ff5d6a05bf6
mock_70776137_G7A_033,MOCK-7077-G7A-033,"Grace Njoroge Kariuki","Grade 7 A",Female,"UTAWALA HIGH SCHOOL",70776137-62ee-4e83-98a8-6ff5d6a05bf6
mock_70776137_G7A_034,MOCK-7077-G7A-034,"Kelvin Nyokabi Achieng","Grade 7 A",Male,"UTAWALA HIGH SCHOOL",70776137-62ee-4e83-98a8-6ff5d6a05bf6
mock_70776137_G7A_035,MOCK-7077-G7A-035,"Eric Owino Gitau","Grade 7 A",Male,"UTAWALA HIGH SCHOOL",70776137-62ee-4e83-98a8-6ff5d6a05bf6
mock_70776137_G7A_036,MOCK-7077-G7A-036,"Sharon Njeri Mwangi","Grade 7 A",Female,"UTAWALA HIGH SCHOOL",70776137-62ee-4e83-98a8-6ff5d6a05bf6
mock_70776137_G7A_037,MOCK-7077-G7A-037,"Nicholas Simiyu Were","Grade 7 A",Male,"UTAWALA HIGH SCHOOL",70776137-62ee-4e83-98a8-6ff5d6a05bf6
mock_70776137_G7A_038,MOCK-7077-G7A-038,"Valentine Onyango Wanjiru","Grade 7 A",Female,"UTAWALA HIGH SCHOOL",70776137-62ee-4e83-98a8-6ff5d6a05bf6
mock_70776137_G7A_039,MOCK-7077-G7A-039,"Ian Odhiambo Maina","Grade 7 A",Male,"UTAWALA HIGH SCHOOL",70776137-62ee-4e83-98a8-6ff5d6a05bf6
mock_70776137_G7A_040,MOCK-7077-G7A-040,"Winnie Kibet Onyango","Grade 7 A",Female,"UTAWALA HIGH SCHOOL",70776137-62ee-4e83-98a8-6ff5d6a05bf6
mock_70776137_G7A_041,MOCK-7077-G7A-041,"Joy Kipchoge Njoroge","Grade 7 A",Female,"UTAWALA HIGH SCHOOL",70776137-62ee-4e83-98a8-6ff5d6a05bf6
mock_70776137_G7A_042,MOCK-7077-G7A-042,"Victor Wanjiru Cheruiyot","Grade 7 A",Male,"UTAWALA HIGH SCHOOL",70776137-62ee-4e83-98a8-6ff5d6a05bf6
mock_70776137_G7A_043,MOCK-7077-G7A-043,"Christine Kariuki Otieno","Grade 7 A",Female,"UTAWALA HIGH SCHOOL",70776137-62ee-4e83-98a8-6ff5d6a05bf6
mock_70776137_G7A_044,MOCK-7077-G7A-044,"Stella Chepkemoi Korir","Grade 7 A",Female,"UTAWALA HIGH SCHOOL",70776137-62ee-4e83-98a8-6ff5d6a05bf6
mock_70776137_G7A_045,MOCK-7077-G7A-045,"Allan Kiplagat Kipchoge","Grade 7 A",Male,"UTAWALA HIGH SCHOOL",70776137-62ee-4e83-98a8-6ff5d6a05bf6
mock_70776137_G7A_046,MOCK-7077-G7A-046,"Kelvin Kipchoge Wambui","Grade 7 A",Male,"UTAWALA HIGH SCHOOL",70776137-62ee-4e83-98a8-6ff5d6a05bf6
mock_70776137_G7A_047,MOCK-7077-G7A-047,"Stella Mutiso Mbugua","Grade 7 A",Female,"UTAWALA HIGH SCHOOL",70776137-62ee-4e83-98a8-6ff5d6a05bf6
mock_70776137_G7A_048,MOCK-7077-G7A-048,"Nancy Wafula Kiplagat","Grade 7 A",Female,"UTAWALA HIGH SCHOOL",70776137-62ee-4e83-98a8-6ff5d6a05bf6
mock_70776137_G7A_049,MOCK-7077-G7A-049,"Martin Wanjiru Kamau","Grade 7 A",Male,"UTAWALA HIGH SCHOOL",70776137-62ee-4e83-98a8-6ff5d6a05bf6
mock_70776137_G7A_050,MOCK-7077-G7A-050,"Maureen Onyango Maina","Grade 7 A",Female,"UTAWALA HIGH SCHOOL",70776137-62ee-4e83-98a8-6ff5d6a05bf6
mock_70776137_G7A_051,MOCK-7077-G7A-051,"Mitchelle Wambui Were","Grade 7 A",Female,"UTAWALA HIGH SCHOOL",70776137-62ee-4e83-98a8-6ff5d6a05bf6
mock_70776137_G7A_052,MOCK-7077-G7A-052,"Brian Nyambura Wairimu","Grade 7 A",Male,"UTAWALA HIGH SCHOOL",70776137-62ee-4e83-98a8-6ff5d6a05bf6
mock_70776137_G7A_053,MOCK-7077-G7A-053,"Peter Juma Nyambura","Grade 7 A",Male,"UTAWALA HIGH SCHOOL",70776137-62ee-4e83-98a8-6ff5d6a05bf6
mock_70776137_G7A_054,MOCK-7077-G7A-054,"Doreen Njeri Mutiso","Grade 7 A",Female,"UTAWALA HIGH SCHOOL",70776137-62ee-4e83-98a8-6ff5d6a05bf6
mock_70776137_G7A_055,MOCK-7077-G7A-055,"Anthony Kamau Korir","Grade 7 A",Male,"UTAWALA HIGH SCHOOL",70776137-62ee-4e83-98a8-6ff5d6a05bf6
mock_70776137_G7A_056,MOCK-7077-G7A-056,"Maureen Auma Adhiambo","Grade 7 A",Female,"UTAWALA HIGH SCHOOL",70776137-62ee-4e83-98a8-6ff5d6a05bf6
mock_70776137_G7A_057,MOCK-7077-G7A-057,"Esther Wanjiru Nyokabi","Grade 7 A",Female,"UTAWALA HIGH SCHOOL",70776137-62ee-4e83-98a8-6ff5d6a05bf6
mock_70776137_G7A_058,MOCK-7077-G7A-058,"Gideon Mutiso Akinyi","Grade 7 A",Male,"UTAWALA HIGH SCHOOL",70776137-62ee-4e83-98a8-6ff5d6a05bf6
mock_70776137_G7A_059,MOCK-7077-G7A-059,"Kevin Chebet Onyango","Grade 7 A",Male,"UTAWALA HIGH SCHOOL",70776137-62ee-4e83-98a8-6ff5d6a05bf6
mock_70776137_G7A_060,MOCK-7077-G7A-060,"Peter Akinyi Mwangi","Grade 7 A",Male,"UTAWALA HIGH SCHOOL",70776137-62ee-4e83-98a8-6ff5d6a05bf6
mock_70776137_G7B_001,MOCK-7077-G7B-001,"Nancy Atieno Wairimu","Grade 7 B",Female,"UTAWALA HIGH SCHOOL",70776137-62ee-4e83-98a8-6ff5d6a05bf6
mock_70776137_G7B_002,MOCK-7077-G7B-002,"Daniel Omondi Atieno","Grade 7 B",Male,"UTAWALA HIGH SCHOOL",70776137-62ee-4e83-98a8-6ff5d6a05bf6
mock_70776137_G7B_003,MOCK-7077-G7B-003,"Linet Barasa Omondi","Grade 7 B",Female,"UTAWALA HIGH SCHOOL",70776137-62ee-4e83-98a8-6ff5d6a05bf6
mock_70776137_G7B_004,MOCK-7077-G7B-004,"Brian Otieno Achieng","Grade 7 B",Male,"UTAWALA HIGH SCHOOL",70776137-62ee-4e83-98a8-6ff5d6a05bf6
mock_70776137_G7B_005,MOCK-7077-G7B-005,"Kelvin Odhiambo Juma","Grade 7 B",Male,"UTAWALA HIGH SCHOOL",70776137-62ee-4e83-98a8-6ff5d6a05bf6
mock_70776137_G7B_006,MOCK-7077-G7B-006,"Emmanuel Njoroge Juma","Grade 7 B",Male,"UTAWALA HIGH SCHOOL",70776137-62ee-4e83-98a8-6ff5d6a05bf6
mock_70776137_G7B_007,MOCK-7077-G7B-007,"Stella Mutiso Korir","Grade 7 B",Female,"UTAWALA HIGH SCHOOL",70776137-62ee-4e83-98a8-6ff5d6a05bf6
mock_70776137_G7B_008,MOCK-7077-G7B-008,"George Wairimu Adhiambo","Grade 7 B",Male,"UTAWALA HIGH SCHOOL",70776137-62ee-4e83-98a8-6ff5d6a05bf6
mock_70776137_G7B_009,MOCK-7077-G7B-009,"Cynthia Akinyi Owino","Grade 7 B",Female,"UTAWALA HIGH SCHOOL",70776137-62ee-4e83-98a8-6ff5d6a05bf6
mock_70776137_G7B_010,MOCK-7077-G7B-010,"Emmanuel Nyokabi Onyango","Grade 7 B",Male,"UTAWALA HIGH SCHOOL",70776137-62ee-4e83-98a8-6ff5d6a05bf6
mock_70776137_G7B_011,MOCK-7077-G7B-011,"Allan Juma Chepkemoi","Grade 7 B",Male,"UTAWALA HIGH SCHOOL",70776137-62ee-4e83-98a8-6ff5d6a05bf6
mock_70776137_G7B_012,MOCK-7077-G7B-012,"Lydia Odhiambo Auma","Grade 7 B",Female,"UTAWALA HIGH SCHOOL",70776137-62ee-4e83-98a8-6ff5d6a05bf6
mock_70776137_G7B_013,MOCK-7077-G7B-013,"Nicholas Omondi Odhiambo","Grade 7 B",Male,"UTAWALA HIGH SCHOOL",70776137-62ee-4e83-98a8-6ff5d6a05bf6
mock_70776137_G7B_014,MOCK-7077-G7B-014,"Nicholas Atieno Mwangi","Grade 7 B",Male,"UTAWALA HIGH SCHOOL",70776137-62ee-4e83-98a8-6ff5d6a05bf6
mock_70776137_G7B_015,MOCK-7077-G7B-015,"Janet Barasa Korir","Grade 7 B",Female,"UTAWALA HIGH SCHOOL",70776137-62ee-4e83-98a8-6ff5d6a05bf6
mock_70776137_G7B_016,MOCK-7077-G7B-016,"Fredrick Wanjiru Nyambura","Grade 7 B",Male,"UTAWALA HIGH SCHOOL",70776137-62ee-4e83-98a8-6ff5d6a05bf6
mock_70776137_G7B_017,MOCK-7077-G7B-017,"Maureen Mbugua Korir","Grade 7 B",Female,"UTAWALA HIGH SCHOOL",70776137-62ee-4e83-98a8-6ff5d6a05bf6
mock_70776137_G7B_018,MOCK-7077-G7B-018,"Beatrice Wafula Barasa","Grade 7 B",Female,"UTAWALA HIGH SCHOOL",70776137-62ee-4e83-98a8-6ff5d6a05bf6
mock_70776137_G7B_019,MOCK-7077-G7B-019,"Eunice Juma Owino","Grade 7 B",Female,"UTAWALA HIGH SCHOOL",70776137-62ee-4e83-98a8-6ff5d6a05bf6
mock_70776137_G7B_020,MOCK-7077-G7B-020,"Dennis Simiyu Njoroge","Grade 7 B",Male,"UTAWALA HIGH SCHOOL",70776137-62ee-4e83-98a8-6ff5d6a05bf6
mock_70776137_G7B_021,MOCK-7077-G7B-021,"Doreen Atieno Odhiambo","Grade 7 B",Female,"UTAWALA HIGH SCHOOL",70776137-62ee-4e83-98a8-6ff5d6a05bf6
mock_70776137_G7B_022,MOCK-7077-G7B-022,"Brenda Chepkemoi Chepkemoi","Grade 7 B",Female,"UTAWALA HIGH SCHOOL",70776137-62ee-4e83-98a8-6ff5d6a05bf6
mock_70776137_G7B_023,MOCK-7077-G7B-023,"Joseph Korir Omondi","Grade 7 B",Male,"UTAWALA HIGH SCHOOL",70776137-62ee-4e83-98a8-6ff5d6a05bf6
mock_70776137_G7B_024,MOCK-7077-G7B-024,"Gideon Wambui Wafula","Grade 7 B",Male,"UTAWALA HIGH SCHOOL",70776137-62ee-4e83-98a8-6ff5d6a05bf6
mock_70776137_G7B_025,MOCK-7077-G7B-025,"Winnie Mwangi Barasa","Grade 7 B",Female,"UTAWALA HIGH SCHOOL",70776137-62ee-4e83-98a8-6ff5d6a05bf6
mock_70776137_G7B_026,MOCK-7077-G7B-026,"Emmanuel Achieng Otieno","Grade 7 B",Male,"UTAWALA HIGH SCHOOL",70776137-62ee-4e83-98a8-6ff5d6a05bf6
mock_70776137_G7B_027,MOCK-7077-G7B-027,"Anthony Odhiambo Karanja","Grade 7 B",Male,"UTAWALA HIGH SCHOOL",70776137-62ee-4e83-98a8-6ff5d6a05bf6
mock_70776137_G7B_028,MOCK-7077-G7B-028,"Victor Nyokabi Barasa","Grade 7 B",Male,"UTAWALA HIGH SCHOOL",70776137-62ee-4e83-98a8-6ff5d6a05bf6
mock_70776137_G7B_029,MOCK-7077-G7B-029,"Ian Ochieng Barasa","Grade 7 B",Male,"UTAWALA HIGH SCHOOL",70776137-62ee-4e83-98a8-6ff5d6a05bf6
mock_70776137_G7B_030,MOCK-7077-G7B-030,"Allan Chepkemoi Simiyu","Grade 7 B",Male,"UTAWALA HIGH SCHOOL",70776137-62ee-4e83-98a8-6ff5d6a05bf6
mock_70776137_G7B_031,MOCK-7077-G7B-031,"Ann Nyambura Mwangi","Grade 7 B",Female,"UTAWALA HIGH SCHOOL",70776137-62ee-4e83-98a8-6ff5d6a05bf6
mock_70776137_G7B_032,MOCK-7077-G7B-032,"Brayan Mutua Kariuki","Grade 7 B",Male,"UTAWALA HIGH SCHOOL",70776137-62ee-4e83-98a8-6ff5d6a05bf6
mock_70776137_G7B_033,MOCK-7077-G7B-033,"Michael Nyambura Cheruiyot","Grade 7 B",Male,"UTAWALA HIGH SCHOOL",70776137-62ee-4e83-98a8-6ff5d6a05bf6
mock_70776137_G7B_034,MOCK-7077-G7B-034,"Joy Onyango Mutiso","Grade 7 B",Female,"UTAWALA HIGH SCHOOL",70776137-62ee-4e83-98a8-6ff5d6a05bf6
mock_70776137_G7B_035,MOCK-7077-G7B-035,"Anthony Kibet Onyango","Grade 7 B",Male,"UTAWALA HIGH SCHOOL",70776137-62ee-4e83-98a8-6ff5d6a05bf6
mock_70776137_G7B_036,MOCK-7077-G7B-036,"Faith Wairimu Odhiambo","Grade 7 B",Female,"UTAWALA HIGH SCHOOL",70776137-62ee-4e83-98a8-6ff5d6a05bf6
mock_70776137_G7B_037,MOCK-7077-G7B-037,"Michael Juma Kibet","Grade 7 B",Male,"UTAWALA HIGH SCHOOL",70776137-62ee-4e83-98a8-6ff5d6a05bf6
mock_70776137_G7B_038,MOCK-7077-G7B-038,"Duncan Wambui Juma","Grade 7 B",Male,"UTAWALA HIGH SCHOOL",70776137-62ee-4e83-98a8-6ff5d6a05bf6
mock_70776137_G7B_039,MOCK-7077-G7B-039,"Nicholas Rotich Kibet","Grade 7 B",Male,"UTAWALA HIGH SCHOOL",70776137-62ee-4e83-98a8-6ff5d6a05bf6
mock_70776137_G7B_040,MOCK-7077-G7B-040,"Nancy Chepkemoi Kibet","Grade 7 B",Female,"UTAWALA HIGH SCHOOL",70776137-62ee-4e83-98a8-6ff5d6a05bf6
mock_70776137_G7B_041,MOCK-7077-G7B-041,"Sharon Kariuki Mutiso","Grade 7 B",Female,"UTAWALA HIGH SCHOOL",70776137-62ee-4e83-98a8-6ff5d6a05bf6
mock_70776137_G7B_042,MOCK-7077-G7B-042,"Vincent Achieng Mutua","Grade 7 B",Male,"UTAWALA HIGH SCHOOL",70776137-62ee-4e83-98a8-6ff5d6a05bf6
mock_70776137_G7B_043,MOCK-7077-G7B-043,"Samuel Owino Wafula","Grade 7 B",Male,"UTAWALA HIGH SCHOOL",70776137-62ee-4e83-98a8-6ff5d6a05bf6
mock_70776137_G7B_044,MOCK-7077-G7B-044,"Kevin Chepkemoi Juma","Grade 7 B",Male,"UTAWALA HIGH SCHOOL",70776137-62ee-4e83-98a8-6ff5d6a05bf6
mock_70776137_G7B_045,MOCK-7077-G7B-045,"Dennis Mutiso Atieno","Grade 7 B",Male,"UTAWALA HIGH SCHOOL",70776137-62ee-4e83-98a8-6ff5d6a05bf6
mock_70776137_G7B_046,MOCK-7077-G7B-046,"Cornelius Mutiso Juma","Grade 7 B",Male,"UTAWALA HIGH SCHOOL",70776137-62ee-4e83-98a8-6ff5d6a05bf6
mock_70776137_G7B_047,MOCK-7077-G7B-047,"Cornelius Achieng Owino","Grade 7 B",Male,"UTAWALA HIGH SCHOOL",70776137-62ee-4e83-98a8-6ff5d6a05bf6
mock_70776137_G7B_048,MOCK-7077-G7B-048,"Ann Mwangi Mbugua","Grade 7 B",Female,"UTAWALA HIGH SCHOOL",70776137-62ee-4e83-98a8-6ff5d6a05bf6
mock_70776137_G7B_049,MOCK-7077-G7B-049,"Nancy Juma Chepkemoi","Grade 7 B",Female,"UTAWALA HIGH SCHOOL",70776137-62ee-4e83-98a8-6ff5d6a05bf6
mock_70776137_G7B_050,MOCK-7077-G7B-050,"Felix Onyango Chebet","Grade 7 B",Male,"UTAWALA HIGH SCHOOL",70776137-62ee-4e83-98a8-6ff5d6a05bf6
mock_70776137_G7B_051,MOCK-7077-G7B-051,"Christine Kamau Chebet","Grade 7 B",Female,"UTAWALA HIGH SCHOOL",70776137-62ee-4e83-98a8-6ff5d6a05bf6
mock_70776137_G7B_052,MOCK-7077-G7B-052,"Esther Mwangi Barasa","Grade 7 B",Female,"UTAWALA HIGH SCHOOL",70776137-62ee-4e83-98a8-6ff5d6a05bf6
mock_70776137_G7B_053,MOCK-7077-G7B-053,"Cynthia Karanja Atieno","Grade 7 B",Female,"UTAWALA HIGH SCHOOL",70776137-62ee-4e83-98a8-6ff5d6a05bf6
mock_70776137_G7B_054,MOCK-7077-G7B-054,"Felix Omondi Njeri","Grade 7 B",Male,"UTAWALA HIGH SCHOOL",70776137-62ee-4e83-98a8-6ff5d6a05bf6
mock_70776137_G7B_055,MOCK-7077-G7B-055,"Ann Nyambura Omondi","Grade 7 B",Female,"UTAWALA HIGH SCHOOL",70776137-62ee-4e83-98a8-6ff5d6a05bf6
mock_70776137_G7B_056,MOCK-7077-G7B-056,"Joseph Mutua Kiplagat","Grade 7 B",Male,"UTAWALA HIGH SCHOOL",70776137-62ee-4e83-98a8-6ff5d6a05bf6
mock_70776137_G7B_057,MOCK-7077-G7B-057,"Allan Wafula Cheruiyot","Grade 7 B",Male,"UTAWALA HIGH SCHOOL",70776137-62ee-4e83-98a8-6ff5d6a05bf6
mock_70776137_G7B_058,MOCK-7077-G7B-058,"Martin Auma Akinyi","Grade 7 B",Male,"UTAWALA HIGH SCHOOL",70776137-62ee-4e83-98a8-6ff5d6a05bf6
mock_70776137_G7B_059,MOCK-7077-G7B-059,"Pauline Kiplagat Maina","Grade 7 B",Female,"UTAWALA HIGH SCHOOL",70776137-62ee-4e83-98a8-6ff5d6a05bf6
mock_70776137_G7B_060,MOCK-7077-G7B-060,"Kelvin Achieng Kiplagat","Grade 7 B",Male,"UTAWALA HIGH SCHOOL",70776137-62ee-4e83-98a8-6ff5d6a05bf6
mock_70776137_G8A_001,MOCK-7077-G8A-001,"Cynthia Wambui Adhiambo","Grade 8 A",Female,"UTAWALA HIGH SCHOOL",70776137-62ee-4e83-98a8-6ff5d6a05bf6
mock_70776137_G8A_002,MOCK-7077-G8A-002,"Brian Barasa Kariuki","Grade 8 A",Male,"UTAWALA HIGH SCHOOL",70776137-62ee-4e83-98a8-6ff5d6a05bf6
mock_70776137_G8A_003,MOCK-7077-G8A-003,"Faith Karanja Onyango","Grade 8 A",Female,"UTAWALA HIGH SCHOOL",70776137-62ee-4e83-98a8-6ff5d6a05bf6
mock_70776137_G8A_004,MOCK-7077-G8A-004,"Grace Gitau Omondi","Grade 8 A",Female,"UTAWALA HIGH SCHOOL",70776137-62ee-4e83-98a8-6ff5d6a05bf6
mock_70776137_G8A_005,MOCK-7077-G8A-005,"Winnie Rotich Wanjiru","Grade 8 A",Female,"UTAWALA HIGH SCHOOL",70776137-62ee-4e83-98a8-6ff5d6a05bf6
mock_70776137_G8A_006,MOCK-7077-G8A-006,"Cornelius Akinyi Mwangi","Grade 8 A",Male,"UTAWALA HIGH SCHOOL",70776137-62ee-4e83-98a8-6ff5d6a05bf6
mock_70776137_G8A_007,MOCK-7077-G8A-007,"Emmanuel Akinyi Simiyu","Grade 8 A",Male,"UTAWALA HIGH SCHOOL",70776137-62ee-4e83-98a8-6ff5d6a05bf6
mock_70776137_G8A_008,MOCK-7077-G8A-008,"Kevin Kibet Kamau","Grade 8 A",Male,"UTAWALA HIGH SCHOOL",70776137-62ee-4e83-98a8-6ff5d6a05bf6
mock_70776137_G8A_009,MOCK-7077-G8A-009,"Gideon Njoroge Odhiambo","Grade 8 A",Male,"UTAWALA HIGH SCHOOL",70776137-62ee-4e83-98a8-6ff5d6a05bf6
mock_70776137_G8A_010,MOCK-7077-G8A-010,"Charles Ochieng Akinyi","Grade 8 A",Male,"UTAWALA HIGH SCHOOL",70776137-62ee-4e83-98a8-6ff5d6a05bf6
mock_70776137_G8A_011,MOCK-7077-G8A-011,"Fredrick Mutiso Atieno","Grade 8 A",Male,"UTAWALA HIGH SCHOOL",70776137-62ee-4e83-98a8-6ff5d6a05bf6
mock_70776137_G8A_012,MOCK-7077-G8A-012,"Stephen Simiyu Ochieng","Grade 8 A",Male,"UTAWALA HIGH SCHOOL",70776137-62ee-4e83-98a8-6ff5d6a05bf6
mock_70776137_G8A_013,MOCK-7077-G8A-013,"Fredrick Juma Ochieng","Grade 8 A",Male,"UTAWALA HIGH SCHOOL",70776137-62ee-4e83-98a8-6ff5d6a05bf6
mock_70776137_G8A_014,MOCK-7077-G8A-014,"Purity Otieno Odhiambo","Grade 8 A",Female,"UTAWALA HIGH SCHOOL",70776137-62ee-4e83-98a8-6ff5d6a05bf6
mock_70776137_G8A_015,MOCK-7077-G8A-015,"Patrick Cheruiyot Korir","Grade 8 A",Male,"UTAWALA HIGH SCHOOL",70776137-62ee-4e83-98a8-6ff5d6a05bf6
mock_70776137_G8A_016,MOCK-7077-G8A-016,"Eric Atieno Juma","Grade 8 A",Male,"UTAWALA HIGH SCHOOL",70776137-62ee-4e83-98a8-6ff5d6a05bf6
mock_70776137_G8A_017,MOCK-7077-G8A-017,"Brian Juma Wambui","Grade 8 A",Male,"UTAWALA HIGH SCHOOL",70776137-62ee-4e83-98a8-6ff5d6a05bf6
mock_70776137_G8A_018,MOCK-7077-G8A-018,"Maureen Juma Juma","Grade 8 A",Female,"UTAWALA HIGH SCHOOL",70776137-62ee-4e83-98a8-6ff5d6a05bf6
mock_70776137_G8A_019,MOCK-7077-G8A-019,"Daniel Atieno Odhiambo","Grade 8 A",Male,"UTAWALA HIGH SCHOOL",70776137-62ee-4e83-98a8-6ff5d6a05bf6
mock_70776137_G8A_020,MOCK-7077-G8A-020,"Kelvin Mbugua Wafula","Grade 8 A",Male,"UTAWALA HIGH SCHOOL",70776137-62ee-4e83-98a8-6ff5d6a05bf6
mock_70776137_G8A_021,MOCK-7077-G8A-021,"Doreen Kariuki Akinyi","Grade 8 A",Female,"UTAWALA HIGH SCHOOL",70776137-62ee-4e83-98a8-6ff5d6a05bf6
mock_70776137_G8A_022,MOCK-7077-G8A-022,"Caroline Nyokabi Kiplagat","Grade 8 A",Female,"UTAWALA HIGH SCHOOL",70776137-62ee-4e83-98a8-6ff5d6a05bf6
mock_70776137_G8A_023,MOCK-7077-G8A-023,"Christine Maina Gitau","Grade 8 A",Female,"UTAWALA HIGH SCHOOL",70776137-62ee-4e83-98a8-6ff5d6a05bf6
mock_70776137_G8A_024,MOCK-7077-G8A-024,"Ian Kibet Wambui","Grade 8 A",Male,"UTAWALA HIGH SCHOOL",70776137-62ee-4e83-98a8-6ff5d6a05bf6
mock_70776137_G8A_025,MOCK-7077-G8A-025,"Esther Mutiso Mbugua","Grade 8 A",Female,"UTAWALA HIGH SCHOOL",70776137-62ee-4e83-98a8-6ff5d6a05bf6
mock_70776137_G8A_026,MOCK-7077-G8A-026,"Victor Korir Karanja","Grade 8 A",Male,"UTAWALA HIGH SCHOOL",70776137-62ee-4e83-98a8-6ff5d6a05bf6
mock_70776137_G8A_027,MOCK-7077-G8A-027,"Victor Rotich Chepkemoi","Grade 8 A",Male,"UTAWALA HIGH SCHOOL",70776137-62ee-4e83-98a8-6ff5d6a05bf6
mock_70776137_G8A_028,MOCK-7077-G8A-028,"Ann Odhiambo Chebet","Grade 8 A",Female,"UTAWALA HIGH SCHOOL",70776137-62ee-4e83-98a8-6ff5d6a05bf6
mock_70776137_G8A_029,MOCK-7077-G8A-029,"Diana Mutiso Adhiambo","Grade 8 A",Female,"UTAWALA HIGH SCHOOL",70776137-62ee-4e83-98a8-6ff5d6a05bf6
mock_70776137_G8A_030,MOCK-7077-G8A-030,"Peter Auma Chepkemoi","Grade 8 A",Male,"UTAWALA HIGH SCHOOL",70776137-62ee-4e83-98a8-6ff5d6a05bf6
mock_70776137_G8A_031,MOCK-7077-G8A-031,"Brayan Were Achieng","Grade 8 A",Male,"UTAWALA HIGH SCHOOL",70776137-62ee-4e83-98a8-6ff5d6a05bf6
mock_70776137_G8A_032,MOCK-7077-G8A-032,"Brian Auma Rotich","Grade 8 A",Male,"UTAWALA HIGH SCHOOL",70776137-62ee-4e83-98a8-6ff5d6a05bf6
mock_70776137_G8A_033,MOCK-7077-G8A-033,"Winnie Ochieng Mwangi","Grade 8 A",Female,"UTAWALA HIGH SCHOOL",70776137-62ee-4e83-98a8-6ff5d6a05bf6
mock_70776137_G8A_034,MOCK-7077-G8A-034,"Martin Mutua Kibet","Grade 8 A",Male,"UTAWALA HIGH SCHOOL",70776137-62ee-4e83-98a8-6ff5d6a05bf6
mock_70776137_G8A_035,MOCK-7077-G8A-035,"Purity Mutua Rotich","Grade 8 A",Female,"UTAWALA HIGH SCHOOL",70776137-62ee-4e83-98a8-6ff5d6a05bf6
mock_70776137_G8A_036,MOCK-7077-G8A-036,"Stephen Juma Wafula","Grade 8 A",Male,"UTAWALA HIGH SCHOOL",70776137-62ee-4e83-98a8-6ff5d6a05bf6
mock_70776137_G8A_037,MOCK-7077-G8A-037,"Brayan Simiyu Chepkemoi","Grade 8 A",Male,"UTAWALA HIGH SCHOOL",70776137-62ee-4e83-98a8-6ff5d6a05bf6
mock_70776137_G8A_038,MOCK-7077-G8A-038,"Rose Chepkemoi Odhiambo","Grade 8 A",Female,"UTAWALA HIGH SCHOOL",70776137-62ee-4e83-98a8-6ff5d6a05bf6
mock_70776137_G8A_039,MOCK-7077-G8A-039,"Nancy Karanja Adhiambo","Grade 8 A",Female,"UTAWALA HIGH SCHOOL",70776137-62ee-4e83-98a8-6ff5d6a05bf6
mock_70776137_G8A_040,MOCK-7077-G8A-040,"Fredrick Odhiambo Atieno","Grade 8 A",Male,"UTAWALA HIGH SCHOOL",70776137-62ee-4e83-98a8-6ff5d6a05bf6
mock_70776137_G8A_041,MOCK-7077-G8A-041,"Fredrick Mbugua Kiplagat","Grade 8 A",Male,"UTAWALA HIGH SCHOOL",70776137-62ee-4e83-98a8-6ff5d6a05bf6
mock_70776137_G8A_042,MOCK-7077-G8A-042,"Christine Njoroge Wambui","Grade 8 A",Female,"UTAWALA HIGH SCHOOL",70776137-62ee-4e83-98a8-6ff5d6a05bf6
mock_70776137_G8A_043,MOCK-7077-G8A-043,"Joseph Rotich Adhiambo","Grade 8 A",Male,"UTAWALA HIGH SCHOOL",70776137-62ee-4e83-98a8-6ff5d6a05bf6
mock_70776137_G8A_044,MOCK-7077-G8A-044,"Cynthia Akinyi Barasa","Grade 8 A",Female,"UTAWALA HIGH SCHOOL",70776137-62ee-4e83-98a8-6ff5d6a05bf6
mock_70776137_G8A_045,MOCK-7077-G8A-045,"Cynthia Adhiambo Korir","Grade 8 A",Female,"UTAWALA HIGH SCHOOL",70776137-62ee-4e83-98a8-6ff5d6a05bf6
mock_70776137_G8A_046,MOCK-7077-G8A-046,"Kevin Wafula Ochieng","Grade 8 A",Male,"UTAWALA HIGH SCHOOL",70776137-62ee-4e83-98a8-6ff5d6a05bf6
mock_70776137_G8A_047,MOCK-7077-G8A-047,"Sylvia Gitau Wambui","Grade 8 A",Female,"UTAWALA HIGH SCHOOL",70776137-62ee-4e83-98a8-6ff5d6a05bf6
mock_70776137_G8A_048,MOCK-7077-G8A-048,"Valentine Kamau Onyango","Grade 8 A",Female,"UTAWALA HIGH SCHOOL",70776137-62ee-4e83-98a8-6ff5d6a05bf6
mock_70776137_G8A_049,MOCK-7077-G8A-049,"Janet Kiplagat Nyokabi","Grade 8 A",Female,"UTAWALA HIGH SCHOOL",70776137-62ee-4e83-98a8-6ff5d6a05bf6
mock_70776137_G8A_050,MOCK-7077-G8A-050,"Eunice Juma Kariuki","Grade 8 A",Female,"UTAWALA HIGH SCHOOL",70776137-62ee-4e83-98a8-6ff5d6a05bf6
mock_70776137_G8A_051,MOCK-7077-G8A-051,"Nicholas Omondi Akinyi","Grade 8 A",Male,"UTAWALA HIGH SCHOOL",70776137-62ee-4e83-98a8-6ff5d6a05bf6
mock_70776137_G8A_052,MOCK-7077-G8A-052,"Joy Kipchoge Were","Grade 8 A",Female,"UTAWALA HIGH SCHOOL",70776137-62ee-4e83-98a8-6ff5d6a05bf6
mock_70776137_G8A_053,MOCK-7077-G8A-053,"Mary Karanja Maina","Grade 8 A",Female,"UTAWALA HIGH SCHOOL",70776137-62ee-4e83-98a8-6ff5d6a05bf6
mock_70776137_G8A_054,MOCK-7077-G8A-054,"Michael Juma Mwangi","Grade 8 A",Male,"UTAWALA HIGH SCHOOL",70776137-62ee-4e83-98a8-6ff5d6a05bf6
mock_70776137_G8A_055,MOCK-7077-G8A-055,"Brian Achieng Owino","Grade 8 A",Male,"UTAWALA HIGH SCHOOL",70776137-62ee-4e83-98a8-6ff5d6a05bf6
mock_70776137_G8A_056,MOCK-7077-G8A-056,"Felix Atieno Onyango","Grade 8 A",Male,"UTAWALA HIGH SCHOOL",70776137-62ee-4e83-98a8-6ff5d6a05bf6
mock_70776137_G8A_057,MOCK-7077-G8A-057,"Sharon Odhiambo Auma","Grade 8 A",Female,"UTAWALA HIGH SCHOOL",70776137-62ee-4e83-98a8-6ff5d6a05bf6
mock_70776137_G8A_058,MOCK-7077-G8A-058,"Caroline Wafula Ochieng","Grade 8 A",Female,"UTAWALA HIGH SCHOOL",70776137-62ee-4e83-98a8-6ff5d6a05bf6
mock_70776137_G8A_059,MOCK-7077-G8A-059,"Brayan Omondi Wanjiru","Grade 8 A",Male,"UTAWALA HIGH SCHOOL",70776137-62ee-4e83-98a8-6ff5d6a05bf6
mock_70776137_G8A_060,MOCK-7077-G8A-060,"Kelvin Mbugua Atieno","Grade 8 A",Male,"UTAWALA HIGH SCHOOL",70776137-62ee-4e83-98a8-6ff5d6a05bf6
mock_70776137_G8B_001,MOCK-7077-G8B-001,"Eunice Owino Odhiambo","Grade 8 B",Female,"UTAWALA HIGH SCHOOL",70776137-62ee-4e83-98a8-6ff5d6a05bf6
mock_70776137_G8B_002,MOCK-7077-G8B-002,"Vincent Maina Kibet","Grade 8 B",Male,"UTAWALA HIGH SCHOOL",70776137-62ee-4e83-98a8-6ff5d6a05bf6
mock_70776137_G8B_003,MOCK-7077-G8B-003,"Janet Wafula Kibet","Grade 8 B",Female,"UTAWALA HIGH SCHOOL",70776137-62ee-4e83-98a8-6ff5d6a05bf6
mock_70776137_G8B_004,MOCK-7077-G8B-004,"Winnie Mutiso Njoroge","Grade 8 B",Female,"UTAWALA HIGH SCHOOL",70776137-62ee-4e83-98a8-6ff5d6a05bf6
mock_70776137_G8B_005,MOCK-7077-G8B-005,"Janet Achieng Njeri","Grade 8 B",Female,"UTAWALA HIGH SCHOOL",70776137-62ee-4e83-98a8-6ff5d6a05bf6
mock_70776137_G8B_006,MOCK-7077-G8B-006,"Daniel Rotich Rotich","Grade 8 B",Male,"UTAWALA HIGH SCHOOL",70776137-62ee-4e83-98a8-6ff5d6a05bf6
mock_70776137_G8B_007,MOCK-7077-G8B-007,"Caroline Njeri Odhiambo","Grade 8 B",Female,"UTAWALA HIGH SCHOOL",70776137-62ee-4e83-98a8-6ff5d6a05bf6
mock_70776137_G8B_008,MOCK-7077-G8B-008,"Christine Korir Chebet","Grade 8 B",Female,"UTAWALA HIGH SCHOOL",70776137-62ee-4e83-98a8-6ff5d6a05bf6
mock_70776137_G8B_009,MOCK-7077-G8B-009,"Mercy Odhiambo Wanjiru","Grade 8 B",Female,"UTAWALA HIGH SCHOOL",70776137-62ee-4e83-98a8-6ff5d6a05bf6
mock_70776137_G8B_010,MOCK-7077-G8B-010,"Allan Wambui Karanja","Grade 8 B",Male,"UTAWALA HIGH SCHOOL",70776137-62ee-4e83-98a8-6ff5d6a05bf6
mock_70776137_G8B_011,MOCK-7077-G8B-011,"Esther Auma Wanjiru","Grade 8 B",Female,"UTAWALA HIGH SCHOOL",70776137-62ee-4e83-98a8-6ff5d6a05bf6
mock_70776137_G8B_012,MOCK-7077-G8B-012,"Mary Cheruiyot Ochieng","Grade 8 B",Female,"UTAWALA HIGH SCHOOL",70776137-62ee-4e83-98a8-6ff5d6a05bf6
mock_70776137_G8B_013,MOCK-7077-G8B-013,"Collins Rotich Owino","Grade 8 B",Male,"UTAWALA HIGH SCHOOL",70776137-62ee-4e83-98a8-6ff5d6a05bf6
mock_70776137_G8B_014,MOCK-7077-G8B-014,"Cynthia Kiplagat Gitau","Grade 8 B",Female,"UTAWALA HIGH SCHOOL",70776137-62ee-4e83-98a8-6ff5d6a05bf6
mock_70776137_G8B_015,MOCK-7077-G8B-015,"Michael Karanja Juma","Grade 8 B",Male,"UTAWALA HIGH SCHOOL",70776137-62ee-4e83-98a8-6ff5d6a05bf6
mock_70776137_G8B_016,MOCK-7077-G8B-016,"Cornelius Mutiso Mbugua","Grade 8 B",Male,"UTAWALA HIGH SCHOOL",70776137-62ee-4e83-98a8-6ff5d6a05bf6
mock_70776137_G8B_017,MOCK-7077-G8B-017,"Linet Juma Owino","Grade 8 B",Female,"UTAWALA HIGH SCHOOL",70776137-62ee-4e83-98a8-6ff5d6a05bf6
mock_70776137_G8B_018,MOCK-7077-G8B-018,"Kevin Barasa Korir","Grade 8 B",Male,"UTAWALA HIGH SCHOOL",70776137-62ee-4e83-98a8-6ff5d6a05bf6
mock_70776137_G8B_019,MOCK-7077-G8B-019,"Pauline Omondi Onyango","Grade 8 B",Female,"UTAWALA HIGH SCHOOL",70776137-62ee-4e83-98a8-6ff5d6a05bf6
mock_70776137_G8B_020,MOCK-7077-G8B-020,"Peter Kiplagat Karanja","Grade 8 B",Male,"UTAWALA HIGH SCHOOL",70776137-62ee-4e83-98a8-6ff5d6a05bf6
mock_70776137_G8B_021,MOCK-7077-G8B-021,"Sharon Barasa Achieng","Grade 8 B",Female,"UTAWALA HIGH SCHOOL",70776137-62ee-4e83-98a8-6ff5d6a05bf6
mock_70776137_G8B_022,MOCK-7077-G8B-022,"Stephen Omondi Atieno","Grade 8 B",Male,"UTAWALA HIGH SCHOOL",70776137-62ee-4e83-98a8-6ff5d6a05bf6
mock_70776137_G8B_023,MOCK-7077-G8B-023,"Gideon Kariuki Nyambura","Grade 8 B",Male,"UTAWALA HIGH SCHOOL",70776137-62ee-4e83-98a8-6ff5d6a05bf6
mock_70776137_G8B_024,MOCK-7077-G8B-024,"Grace Njeri Wairimu","Grade 8 B",Female,"UTAWALA HIGH SCHOOL",70776137-62ee-4e83-98a8-6ff5d6a05bf6
mock_70776137_G8B_025,MOCK-7077-G8B-025,"Faith Juma Nyambura","Grade 8 B",Female,"UTAWALA HIGH SCHOOL",70776137-62ee-4e83-98a8-6ff5d6a05bf6
mock_70776137_G8B_026,MOCK-7077-G8B-026,"Ann Chepkemoi Juma","Grade 8 B",Female,"UTAWALA HIGH SCHOOL",70776137-62ee-4e83-98a8-6ff5d6a05bf6
mock_70776137_G8B_027,MOCK-7077-G8B-027,"Elvis Chebet Nyokabi","Grade 8 B",Male,"UTAWALA HIGH SCHOOL",70776137-62ee-4e83-98a8-6ff5d6a05bf6
mock_70776137_G8B_028,MOCK-7077-G8B-028,"Christine Mutua Maina","Grade 8 B",Female,"UTAWALA HIGH SCHOOL",70776137-62ee-4e83-98a8-6ff5d6a05bf6
mock_70776137_G8B_029,MOCK-7077-G8B-029,"Eric Simiyu Korir","Grade 8 B",Male,"UTAWALA HIGH SCHOOL",70776137-62ee-4e83-98a8-6ff5d6a05bf6
mock_70776137_G8B_030,MOCK-7077-G8B-030,"Dennis Mutua Kiplagat","Grade 8 B",Male,"UTAWALA HIGH SCHOOL",70776137-62ee-4e83-98a8-6ff5d6a05bf6
mock_70776137_G8B_031,MOCK-7077-G8B-031,"Eric Otieno Karanja","Grade 8 B",Male,"UTAWALA HIGH SCHOOL",70776137-62ee-4e83-98a8-6ff5d6a05bf6
mock_70776137_G8B_032,MOCK-7077-G8B-032,"Joy Kamau Kiplagat","Grade 8 B",Female,"UTAWALA HIGH SCHOOL",70776137-62ee-4e83-98a8-6ff5d6a05bf6
mock_70776137_G8B_033,MOCK-7077-G8B-033,"Patrick Otieno Otieno","Grade 8 B",Male,"UTAWALA HIGH SCHOOL",70776137-62ee-4e83-98a8-6ff5d6a05bf6
mock_70776137_G8B_034,MOCK-7077-G8B-034,"George Akinyi Gitau","Grade 8 B",Male,"UTAWALA HIGH SCHOOL",70776137-62ee-4e83-98a8-6ff5d6a05bf6
mock_70776137_G8B_035,MOCK-7077-G8B-035,"Vincent Mutiso Achieng","Grade 8 B",Male,"UTAWALA HIGH SCHOOL",70776137-62ee-4e83-98a8-6ff5d6a05bf6
mock_70776137_G8B_036,MOCK-7077-G8B-036,"Purity Simiyu Akinyi","Grade 8 B",Female,"UTAWALA HIGH SCHOOL",70776137-62ee-4e83-98a8-6ff5d6a05bf6
mock_70776137_G8B_037,MOCK-7077-G8B-037,"George Kipchoge Chepkemoi","Grade 8 B",Male,"UTAWALA HIGH SCHOOL",70776137-62ee-4e83-98a8-6ff5d6a05bf6
mock_70776137_G8B_038,MOCK-7077-G8B-038,"Eunice Atieno Njeri","Grade 8 B",Female,"UTAWALA HIGH SCHOOL",70776137-62ee-4e83-98a8-6ff5d6a05bf6
mock_70776137_G8B_039,MOCK-7077-G8B-039,"Brenda Gitau Onyango","Grade 8 B",Female,"UTAWALA HIGH SCHOOL",70776137-62ee-4e83-98a8-6ff5d6a05bf6
mock_70776137_G8B_040,MOCK-7077-G8B-040,"Cornelius Adhiambo Wanjiru","Grade 8 B",Male,"UTAWALA HIGH SCHOOL",70776137-62ee-4e83-98a8-6ff5d6a05bf6
mock_70776137_G8B_041,MOCK-7077-G8B-041,"Mercy Cheruiyot Adhiambo","Grade 8 B",Female,"UTAWALA HIGH SCHOOL",70776137-62ee-4e83-98a8-6ff5d6a05bf6
mock_70776137_G8B_042,MOCK-7077-G8B-042,"Victor Wanjiru Simiyu","Grade 8 B",Male,"UTAWALA HIGH SCHOOL",70776137-62ee-4e83-98a8-6ff5d6a05bf6
mock_70776137_G8B_043,MOCK-7077-G8B-043,"Gideon Wafula Onyango","Grade 8 B",Male,"UTAWALA HIGH SCHOOL",70776137-62ee-4e83-98a8-6ff5d6a05bf6
mock_70776137_G8B_044,MOCK-7077-G8B-044,"Kelvin Simiyu Nyokabi","Grade 8 B",Male,"UTAWALA HIGH SCHOOL",70776137-62ee-4e83-98a8-6ff5d6a05bf6
mock_70776137_G8B_045,MOCK-7077-G8B-045,"Nancy Kiplagat Karanja","Grade 8 B",Female,"UTAWALA HIGH SCHOOL",70776137-62ee-4e83-98a8-6ff5d6a05bf6
mock_70776137_G8B_046,MOCK-7077-G8B-046,"Elvis Wairimu Mutiso","Grade 8 B",Male,"UTAWALA HIGH SCHOOL",70776137-62ee-4e83-98a8-6ff5d6a05bf6
mock_70776137_G8B_047,MOCK-7077-G8B-047,"Allan Chepkemoi Maina","Grade 8 B",Male,"UTAWALA HIGH SCHOOL",70776137-62ee-4e83-98a8-6ff5d6a05bf6
mock_70776137_G8B_048,MOCK-7077-G8B-048,"Nancy Omondi Cheruiyot","Grade 8 B",Female,"UTAWALA HIGH SCHOOL",70776137-62ee-4e83-98a8-6ff5d6a05bf6
mock_70776137_G8B_049,MOCK-7077-G8B-049,"Eric Wairimu Mwangi","Grade 8 B",Male,"UTAWALA HIGH SCHOOL",70776137-62ee-4e83-98a8-6ff5d6a05bf6
mock_70776137_G8B_050,MOCK-7077-G8B-050,"Peter Maina Adhiambo","Grade 8 B",Male,"UTAWALA HIGH SCHOOL",70776137-62ee-4e83-98a8-6ff5d6a05bf6
mock_70776137_G8B_051,MOCK-7077-G8B-051,"Dennis Kipchoge Nyokabi","Grade 8 B",Male,"UTAWALA HIGH SCHOOL",70776137-62ee-4e83-98a8-6ff5d6a05bf6
mock_70776137_G8B_052,MOCK-7077-G8B-052,"Gideon Rotich Kipchoge","Grade 8 B",Male,"UTAWALA HIGH SCHOOL",70776137-62ee-4e83-98a8-6ff5d6a05bf6
mock_70776137_G8B_053,MOCK-7077-G8B-053,"Cornelius Kamau Omondi","Grade 8 B",Male,"UTAWALA HIGH SCHOOL",70776137-62ee-4e83-98a8-6ff5d6a05bf6
mock_70776137_G8B_054,MOCK-7077-G8B-054,"Daniel Achieng Cheruiyot","Grade 8 B",Male,"UTAWALA HIGH SCHOOL",70776137-62ee-4e83-98a8-6ff5d6a05bf6
mock_70776137_G8B_055,MOCK-7077-G8B-055,"Diana Mutua Mutua","Grade 8 B",Female,"UTAWALA HIGH SCHOOL",70776137-62ee-4e83-98a8-6ff5d6a05bf6
mock_70776137_G8B_056,MOCK-7077-G8B-056,"Winnie Otieno Atieno","Grade 8 B",Female,"UTAWALA HIGH SCHOOL",70776137-62ee-4e83-98a8-6ff5d6a05bf6
mock_70776137_G8B_057,MOCK-7077-G8B-057,"Elvis Maina Mwangi","Grade 8 B",Male,"UTAWALA HIGH SCHOOL",70776137-62ee-4e83-98a8-6ff5d6a05bf6
mock_70776137_G8B_058,MOCK-7077-G8B-058,"Mary Gitau Kariuki","Grade 8 B",Female,"UTAWALA HIGH SCHOOL",70776137-62ee-4e83-98a8-6ff5d6a05bf6
mock_70776137_G8B_059,MOCK-7077-G8B-059,"Kevin Rotich Akinyi","Grade 8 B",Male,"UTAWALA HIGH SCHOOL",70776137-62ee-4e83-98a8-6ff5d6a05bf6
mock_70776137_G8B_060,MOCK-7077-G8B-060,"Emmanuel Onyango Mbugua","Grade 8 B",Male,"UTAWALA HIGH SCHOOL",70776137-62ee-4e83-98a8-6ff5d6a05bf6
mock_70776137_G9A_001,MOCK-7077-G9A-001,"Gideon Kariuki Simiyu","Grade 9 A",Male,"UTAWALA HIGH SCHOOL",70776137-62ee-4e83-98a8-6ff5d6a05bf6
mock_70776137_G9A_002,MOCK-7077-G9A-002,"Maureen Otieno Simiyu","Grade 9 A",Female,"UTAWALA HIGH SCHOOL",70776137-62ee-4e83-98a8-6ff5d6a05bf6
mock_70776137_G9A_003,MOCK-7077-G9A-003,"Vincent Kipchoge Chepkemoi","Grade 9 A",Male,"UTAWALA HIGH SCHOOL",70776137-62ee-4e83-98a8-6ff5d6a05bf6
mock_70776137_G9A_004,MOCK-7077-G9A-004,"Lydia Mutua Njoroge","Grade 9 A",Female,"UTAWALA HIGH SCHOOL",70776137-62ee-4e83-98a8-6ff5d6a05bf6
mock_70776137_G9A_005,MOCK-7077-G9A-005,"Brenda Akinyi Mutiso","Grade 9 A",Female,"UTAWALA HIGH SCHOOL",70776137-62ee-4e83-98a8-6ff5d6a05bf6
mock_70776137_G9A_006,MOCK-7077-G9A-006,"Ann Rotich Otieno","Grade 9 A",Female,"UTAWALA HIGH SCHOOL",70776137-62ee-4e83-98a8-6ff5d6a05bf6
mock_70776137_G9A_007,MOCK-7077-G9A-007,"Nancy Kipchoge Were","Grade 9 A",Female,"UTAWALA HIGH SCHOOL",70776137-62ee-4e83-98a8-6ff5d6a05bf6
mock_70776137_G9A_008,MOCK-7077-G9A-008,"Rose Mwangi Wambui","Grade 9 A",Female,"UTAWALA HIGH SCHOOL",70776137-62ee-4e83-98a8-6ff5d6a05bf6
mock_70776137_G9A_009,MOCK-7077-G9A-009,"Felix Wambui Mutua","Grade 9 A",Male,"UTAWALA HIGH SCHOOL",70776137-62ee-4e83-98a8-6ff5d6a05bf6
mock_70776137_G9A_010,MOCK-7077-G9A-010,"Cynthia Onyango Kamau","Grade 9 A",Female,"UTAWALA HIGH SCHOOL",70776137-62ee-4e83-98a8-6ff5d6a05bf6
mock_70776137_G9A_011,MOCK-7077-G9A-011,"Sharon Kariuki Karanja","Grade 9 A",Female,"UTAWALA HIGH SCHOOL",70776137-62ee-4e83-98a8-6ff5d6a05bf6
mock_70776137_G9A_012,MOCK-7077-G9A-012,"Mercy Wafula Barasa","Grade 9 A",Female,"UTAWALA HIGH SCHOOL",70776137-62ee-4e83-98a8-6ff5d6a05bf6
mock_70776137_G9A_013,MOCK-7077-G9A-013,"Rose Owino Mutua","Grade 9 A",Female,"UTAWALA HIGH SCHOOL",70776137-62ee-4e83-98a8-6ff5d6a05bf6
mock_70776137_G9A_014,MOCK-7077-G9A-014,"Michael Simiyu Wambui","Grade 9 A",Male,"UTAWALA HIGH SCHOOL",70776137-62ee-4e83-98a8-6ff5d6a05bf6
mock_70776137_G9A_015,MOCK-7077-G9A-015,"Lucy Maina Kibet","Grade 9 A",Female,"UTAWALA HIGH SCHOOL",70776137-62ee-4e83-98a8-6ff5d6a05bf6
mock_70776137_G9A_016,MOCK-7077-G9A-016,"Elvis Owino Juma","Grade 9 A",Male,"UTAWALA HIGH SCHOOL",70776137-62ee-4e83-98a8-6ff5d6a05bf6
mock_70776137_G9A_017,MOCK-7077-G9A-017,"Christine Korir Akinyi","Grade 9 A",Female,"UTAWALA HIGH SCHOOL",70776137-62ee-4e83-98a8-6ff5d6a05bf6
mock_70776137_G9A_018,MOCK-7077-G9A-018,"Grace Njoroge Nyokabi","Grade 9 A",Female,"UTAWALA HIGH SCHOOL",70776137-62ee-4e83-98a8-6ff5d6a05bf6
mock_70776137_G9A_019,MOCK-7077-G9A-019,"Brenda Kibet Omondi","Grade 9 A",Female,"UTAWALA HIGH SCHOOL",70776137-62ee-4e83-98a8-6ff5d6a05bf6
mock_70776137_G9A_020,MOCK-7077-G9A-020,"Vincent Barasa Achieng","Grade 9 A",Male,"UTAWALA HIGH SCHOOL",70776137-62ee-4e83-98a8-6ff5d6a05bf6
mock_70776137_G9A_021,MOCK-7077-G9A-021,"Kevin Owino Nyambura","Grade 9 A",Male,"UTAWALA HIGH SCHOOL",70776137-62ee-4e83-98a8-6ff5d6a05bf6
mock_70776137_G9A_022,MOCK-7077-G9A-022,"Nicholas Kiplagat Rotich","Grade 9 A",Male,"UTAWALA HIGH SCHOOL",70776137-62ee-4e83-98a8-6ff5d6a05bf6
mock_70776137_G9A_023,MOCK-7077-G9A-023,"Kelvin Simiyu Mutua","Grade 9 A",Male,"UTAWALA HIGH SCHOOL",70776137-62ee-4e83-98a8-6ff5d6a05bf6
mock_70776137_G9A_024,MOCK-7077-G9A-024,"Brian Simiyu Nyambura","Grade 9 A",Male,"UTAWALA HIGH SCHOOL",70776137-62ee-4e83-98a8-6ff5d6a05bf6
mock_70776137_G9A_025,MOCK-7077-G9A-025,"Gideon Auma Simiyu","Grade 9 A",Male,"UTAWALA HIGH SCHOOL",70776137-62ee-4e83-98a8-6ff5d6a05bf6
mock_70776137_G9A_026,MOCK-7077-G9A-026,"Cynthia Wanjiru Otieno","Grade 9 A",Female,"UTAWALA HIGH SCHOOL",70776137-62ee-4e83-98a8-6ff5d6a05bf6
mock_70776137_G9A_027,MOCK-7077-G9A-027,"Joy Juma Atieno","Grade 9 A",Female,"UTAWALA HIGH SCHOOL",70776137-62ee-4e83-98a8-6ff5d6a05bf6
mock_70776137_G9A_028,MOCK-7077-G9A-028,"Doreen Ochieng Omondi","Grade 9 A",Female,"UTAWALA HIGH SCHOOL",70776137-62ee-4e83-98a8-6ff5d6a05bf6
mock_70776137_G9A_029,MOCK-7077-G9A-029,"Emmanuel Mbugua Chepkemoi","Grade 9 A",Male,"UTAWALA HIGH SCHOOL",70776137-62ee-4e83-98a8-6ff5d6a05bf6
mock_70776137_G9A_030,MOCK-7077-G9A-030,"Nicholas Barasa Karanja","Grade 9 A",Male,"UTAWALA HIGH SCHOOL",70776137-62ee-4e83-98a8-6ff5d6a05bf6
mock_70776137_G9A_031,MOCK-7077-G9A-031,"Beatrice Wanjiru Gitau","Grade 9 A",Female,"UTAWALA HIGH SCHOOL",70776137-62ee-4e83-98a8-6ff5d6a05bf6
mock_70776137_G9A_032,MOCK-7077-G9A-032,"George Mwangi Juma","Grade 9 A",Male,"UTAWALA HIGH SCHOOL",70776137-62ee-4e83-98a8-6ff5d6a05bf6
mock_70776137_G9A_033,MOCK-7077-G9A-033,"Allan Wafula Atieno","Grade 9 A",Male,"UTAWALA HIGH SCHOOL",70776137-62ee-4e83-98a8-6ff5d6a05bf6
mock_70776137_G9A_034,MOCK-7077-G9A-034,"Charles Owino Cheruiyot","Grade 9 A",Male,"UTAWALA HIGH SCHOOL",70776137-62ee-4e83-98a8-6ff5d6a05bf6
mock_70776137_G9A_035,MOCK-7077-G9A-035,"Gideon Ochieng Nyambura","Grade 9 A",Male,"UTAWALA HIGH SCHOOL",70776137-62ee-4e83-98a8-6ff5d6a05bf6
mock_70776137_G9A_036,MOCK-7077-G9A-036,"Ann Nyokabi Kariuki","Grade 9 A",Female,"UTAWALA HIGH SCHOOL",70776137-62ee-4e83-98a8-6ff5d6a05bf6
mock_70776137_G9A_037,MOCK-7077-G9A-037,"Linet Were Ochieng","Grade 9 A",Female,"UTAWALA HIGH SCHOOL",70776137-62ee-4e83-98a8-6ff5d6a05bf6
mock_70776137_G9A_038,MOCK-7077-G9A-038,"Martin Achieng Nyambura","Grade 9 A",Male,"UTAWALA HIGH SCHOOL",70776137-62ee-4e83-98a8-6ff5d6a05bf6
mock_70776137_G9A_039,MOCK-7077-G9A-039,"Lucy Barasa Omondi","Grade 9 A",Female,"UTAWALA HIGH SCHOOL",70776137-62ee-4e83-98a8-6ff5d6a05bf6
mock_70776137_G9A_040,MOCK-7077-G9A-040,"Elvis Odhiambo Korir","Grade 9 A",Male,"UTAWALA HIGH SCHOOL",70776137-62ee-4e83-98a8-6ff5d6a05bf6
mock_70776137_G9A_041,MOCK-7077-G9A-041,"Janet Njeri Mbugua","Grade 9 A",Female,"UTAWALA HIGH SCHOOL",70776137-62ee-4e83-98a8-6ff5d6a05bf6
mock_70776137_G9A_042,MOCK-7077-G9A-042,"Eric Rotich Mutua","Grade 9 A",Male,"UTAWALA HIGH SCHOOL",70776137-62ee-4e83-98a8-6ff5d6a05bf6
mock_70776137_G9A_043,MOCK-7077-G9A-043,"Brenda Mwangi Wafula","Grade 9 A",Female,"UTAWALA HIGH SCHOOL",70776137-62ee-4e83-98a8-6ff5d6a05bf6
mock_70776137_G9A_044,MOCK-7077-G9A-044,"Purity Wambui Cheruiyot","Grade 9 A",Female,"UTAWALA HIGH SCHOOL",70776137-62ee-4e83-98a8-6ff5d6a05bf6
mock_70776137_G9A_045,MOCK-7077-G9A-045,"Charles Wafula Wanjiru","Grade 9 A",Male,"UTAWALA HIGH SCHOOL",70776137-62ee-4e83-98a8-6ff5d6a05bf6
mock_70776137_G9A_046,MOCK-7077-G9A-046,"Grace Nyambura Ochieng","Grade 9 A",Female,"UTAWALA HIGH SCHOOL",70776137-62ee-4e83-98a8-6ff5d6a05bf6
mock_70776137_G9A_047,MOCK-7077-G9A-047,"Anthony Nyambura Kiplagat","Grade 9 A",Male,"UTAWALA HIGH SCHOOL",70776137-62ee-4e83-98a8-6ff5d6a05bf6
mock_70776137_G9A_048,MOCK-7077-G9A-048,"Diana Wanjiru Auma","Grade 9 A",Female,"UTAWALA HIGH SCHOOL",70776137-62ee-4e83-98a8-6ff5d6a05bf6
mock_70776137_G9A_049,MOCK-7077-G9A-049,"Kelvin Omondi Auma","Grade 9 A",Male,"UTAWALA HIGH SCHOOL",70776137-62ee-4e83-98a8-6ff5d6a05bf6
mock_70776137_G9A_050,MOCK-7077-G9A-050,"Nancy Otieno Otieno","Grade 9 A",Female,"UTAWALA HIGH SCHOOL",70776137-62ee-4e83-98a8-6ff5d6a05bf6
mock_70776137_G9A_051,MOCK-7077-G9A-051,"Mitchelle Chepkemoi Wafula","Grade 9 A",Female,"UTAWALA HIGH SCHOOL",70776137-62ee-4e83-98a8-6ff5d6a05bf6
mock_70776137_G9A_052,MOCK-7077-G9A-052,"Rose Mwangi Akinyi","Grade 9 A",Female,"UTAWALA HIGH SCHOOL",70776137-62ee-4e83-98a8-6ff5d6a05bf6
mock_70776137_G9A_053,MOCK-7077-G9A-053,"Cornelius Kariuki Juma","Grade 9 A",Male,"UTAWALA HIGH SCHOOL",70776137-62ee-4e83-98a8-6ff5d6a05bf6
mock_70776137_G9A_054,MOCK-7077-G9A-054,"Joy Njeri Onyango","Grade 9 A",Female,"UTAWALA HIGH SCHOOL",70776137-62ee-4e83-98a8-6ff5d6a05bf6
mock_70776137_G9A_055,MOCK-7077-G9A-055,"Peter Cheruiyot Achieng","Grade 9 A",Male,"UTAWALA HIGH SCHOOL",70776137-62ee-4e83-98a8-6ff5d6a05bf6
mock_70776137_G9A_056,MOCK-7077-G9A-056,"Doreen Kamau Nyambura","Grade 9 A",Female,"UTAWALA HIGH SCHOOL",70776137-62ee-4e83-98a8-6ff5d6a05bf6
mock_70776137_G9A_057,MOCK-7077-G9A-057,"Mercy Rotich Achieng","Grade 9 A",Female,"UTAWALA HIGH SCHOOL",70776137-62ee-4e83-98a8-6ff5d6a05bf6
mock_70776137_G9A_058,MOCK-7077-G9A-058,"Peter Odhiambo Njeri","Grade 9 A",Male,"UTAWALA HIGH SCHOOL",70776137-62ee-4e83-98a8-6ff5d6a05bf6
mock_70776137_G9A_059,MOCK-7077-G9A-059,"Samuel Simiyu Barasa","Grade 9 A",Male,"UTAWALA HIGH SCHOOL",70776137-62ee-4e83-98a8-6ff5d6a05bf6
mock_70776137_G9A_060,MOCK-7077-G9A-060,"Eric Rotich Were","Grade 9 A",Male,"UTAWALA HIGH SCHOOL",70776137-62ee-4e83-98a8-6ff5d6a05bf6
mock_70776137_G9B_001,MOCK-7077-G9B-001,"Linet Akinyi Were","Grade 9 B",Female,"UTAWALA HIGH SCHOOL",70776137-62ee-4e83-98a8-6ff5d6a05bf6
mock_70776137_G9B_002,MOCK-7077-G9B-002,"Purity Nyambura Akinyi","Grade 9 B",Female,"UTAWALA HIGH SCHOOL",70776137-62ee-4e83-98a8-6ff5d6a05bf6
mock_70776137_G9B_003,MOCK-7077-G9B-003,"Eric Kibet Wambui","Grade 9 B",Male,"UTAWALA HIGH SCHOOL",70776137-62ee-4e83-98a8-6ff5d6a05bf6
mock_70776137_G9B_004,MOCK-7077-G9B-004,"Vincent Korir Onyango","Grade 9 B",Male,"UTAWALA HIGH SCHOOL",70776137-62ee-4e83-98a8-6ff5d6a05bf6
mock_70776137_G9B_005,MOCK-7077-G9B-005,"Esther Simiyu Maina","Grade 9 B",Female,"UTAWALA HIGH SCHOOL",70776137-62ee-4e83-98a8-6ff5d6a05bf6
mock_70776137_G9B_006,MOCK-7077-G9B-006,"Felix Chepkemoi Wanjiru","Grade 9 B",Male,"UTAWALA HIGH SCHOOL",70776137-62ee-4e83-98a8-6ff5d6a05bf6
mock_70776137_G9B_007,MOCK-7077-G9B-007,"Vincent Simiyu Wafula","Grade 9 B",Male,"UTAWALA HIGH SCHOOL",70776137-62ee-4e83-98a8-6ff5d6a05bf6
mock_70776137_G9B_008,MOCK-7077-G9B-008,"Esther Kipchoge Akinyi","Grade 9 B",Female,"UTAWALA HIGH SCHOOL",70776137-62ee-4e83-98a8-6ff5d6a05bf6
mock_70776137_G9B_009,MOCK-7077-G9B-009,"Fredrick Juma Nyokabi","Grade 9 B",Male,"UTAWALA HIGH SCHOOL",70776137-62ee-4e83-98a8-6ff5d6a05bf6
mock_70776137_G9B_010,MOCK-7077-G9B-010,"Sylvia Rotich Kariuki","Grade 9 B",Female,"UTAWALA HIGH SCHOOL",70776137-62ee-4e83-98a8-6ff5d6a05bf6
mock_70776137_G9B_011,MOCK-7077-G9B-011,"Lucy Chebet Karanja","Grade 9 B",Female,"UTAWALA HIGH SCHOOL",70776137-62ee-4e83-98a8-6ff5d6a05bf6
mock_70776137_G9B_012,MOCK-7077-G9B-012,"Fredrick Mutua Onyango","Grade 9 B",Male,"UTAWALA HIGH SCHOOL",70776137-62ee-4e83-98a8-6ff5d6a05bf6
mock_70776137_G9B_013,MOCK-7077-G9B-013,"Samuel Were Kamau","Grade 9 B",Male,"UTAWALA HIGH SCHOOL",70776137-62ee-4e83-98a8-6ff5d6a05bf6
mock_70776137_G9B_014,MOCK-7077-G9B-014,"Janet Korir Kariuki","Grade 9 B",Female,"UTAWALA HIGH SCHOOL",70776137-62ee-4e83-98a8-6ff5d6a05bf6
mock_70776137_G9B_015,MOCK-7077-G9B-015,"Charles Nyokabi Onyango","Grade 9 B",Male,"UTAWALA HIGH SCHOOL",70776137-62ee-4e83-98a8-6ff5d6a05bf6
mock_70776137_G9B_016,MOCK-7077-G9B-016,"Stella Auma Nyokabi","Grade 9 B",Female,"UTAWALA HIGH SCHOOL",70776137-62ee-4e83-98a8-6ff5d6a05bf6
mock_70776137_G9B_017,MOCK-7077-G9B-017,"Stella Kariuki Otieno","Grade 9 B",Female,"UTAWALA HIGH SCHOOL",70776137-62ee-4e83-98a8-6ff5d6a05bf6
mock_70776137_G9B_018,MOCK-7077-G9B-018,"Brian Otieno Wanjiru","Grade 9 B",Male,"UTAWALA HIGH SCHOOL",70776137-62ee-4e83-98a8-6ff5d6a05bf6
mock_70776137_G9B_019,MOCK-7077-G9B-019,"Christine Korir Odhiambo","Grade 9 B",Female,"UTAWALA HIGH SCHOOL",70776137-62ee-4e83-98a8-6ff5d6a05bf6
mock_70776137_G9B_020,MOCK-7077-G9B-020,"Stella Gitau Atieno","Grade 9 B",Female,"UTAWALA HIGH SCHOOL",70776137-62ee-4e83-98a8-6ff5d6a05bf6
mock_70776137_G9B_021,MOCK-7077-G9B-021,"Kevin Nyambura Barasa","Grade 9 B",Male,"UTAWALA HIGH SCHOOL",70776137-62ee-4e83-98a8-6ff5d6a05bf6
mock_70776137_G9B_022,MOCK-7077-G9B-022,"Vincent Nyokabi Omondi","Grade 9 B",Male,"UTAWALA HIGH SCHOOL",70776137-62ee-4e83-98a8-6ff5d6a05bf6
mock_70776137_G9B_023,MOCK-7077-G9B-023,"Felix Wambui Barasa","Grade 9 B",Male,"UTAWALA HIGH SCHOOL",70776137-62ee-4e83-98a8-6ff5d6a05bf6
mock_70776137_G9B_024,MOCK-7077-G9B-024,"Brayan Mwangi Nyambura","Grade 9 B",Male,"UTAWALA HIGH SCHOOL",70776137-62ee-4e83-98a8-6ff5d6a05bf6
mock_70776137_G9B_025,MOCK-7077-G9B-025,"Cynthia Barasa Ochieng","Grade 9 B",Female,"UTAWALA HIGH SCHOOL",70776137-62ee-4e83-98a8-6ff5d6a05bf6
mock_70776137_G9B_026,MOCK-7077-G9B-026,"Gideon Akinyi Ochieng","Grade 9 B",Male,"UTAWALA HIGH SCHOOL",70776137-62ee-4e83-98a8-6ff5d6a05bf6
mock_70776137_G9B_027,MOCK-7077-G9B-027,"Nancy Simiyu Maina","Grade 9 B",Female,"UTAWALA HIGH SCHOOL",70776137-62ee-4e83-98a8-6ff5d6a05bf6
mock_70776137_G9B_028,MOCK-7077-G9B-028,"Cynthia Adhiambo Akinyi","Grade 9 B",Female,"UTAWALA HIGH SCHOOL",70776137-62ee-4e83-98a8-6ff5d6a05bf6
mock_70776137_G9B_029,MOCK-7077-G9B-029,"Eric Nyokabi Mbugua","Grade 9 B",Male,"UTAWALA HIGH SCHOOL",70776137-62ee-4e83-98a8-6ff5d6a05bf6
mock_70776137_G9B_030,MOCK-7077-G9B-030,"Winnie Njeri Wafula","Grade 9 B",Female,"UTAWALA HIGH SCHOOL",70776137-62ee-4e83-98a8-6ff5d6a05bf6
mock_70776137_G9B_031,MOCK-7077-G9B-031,"Stephen Maina Ochieng","Grade 9 B",Male,"UTAWALA HIGH SCHOOL",70776137-62ee-4e83-98a8-6ff5d6a05bf6
mock_70776137_G9B_032,MOCK-7077-G9B-032,"Joseph Rotich Chebet","Grade 9 B",Male,"UTAWALA HIGH SCHOOL",70776137-62ee-4e83-98a8-6ff5d6a05bf6
mock_70776137_G9B_033,MOCK-7077-G9B-033,"Anthony Mutua Wanjiru","Grade 9 B",Male,"UTAWALA HIGH SCHOOL",70776137-62ee-4e83-98a8-6ff5d6a05bf6
mock_70776137_G9B_034,MOCK-7077-G9B-034,"Rose Korir Nyambura","Grade 9 B",Female,"UTAWALA HIGH SCHOOL",70776137-62ee-4e83-98a8-6ff5d6a05bf6
mock_70776137_G9B_035,MOCK-7077-G9B-035,"Pauline Njeri Were","Grade 9 B",Female,"UTAWALA HIGH SCHOOL",70776137-62ee-4e83-98a8-6ff5d6a05bf6
mock_70776137_G9B_036,MOCK-7077-G9B-036,"Joy Were Chebet","Grade 9 B",Female,"UTAWALA HIGH SCHOOL",70776137-62ee-4e83-98a8-6ff5d6a05bf6
mock_70776137_G9B_037,MOCK-7077-G9B-037,"Vincent Kariuki Odhiambo","Grade 9 B",Male,"UTAWALA HIGH SCHOOL",70776137-62ee-4e83-98a8-6ff5d6a05bf6
mock_70776137_G9B_038,MOCK-7077-G9B-038,"Stella Ochieng Kiplagat","Grade 9 B",Female,"UTAWALA HIGH SCHOOL",70776137-62ee-4e83-98a8-6ff5d6a05bf6
mock_70776137_G9B_039,MOCK-7077-G9B-039,"Nancy Were Gitau","Grade 9 B",Female,"UTAWALA HIGH SCHOOL",70776137-62ee-4e83-98a8-6ff5d6a05bf6
mock_70776137_G9B_040,MOCK-7077-G9B-040,"Eunice Simiyu Njeri","Grade 9 B",Female,"UTAWALA HIGH SCHOOL",70776137-62ee-4e83-98a8-6ff5d6a05bf6
mock_70776137_G9B_041,MOCK-7077-G9B-041,"Maureen Karanja Mbugua","Grade 9 B",Female,"UTAWALA HIGH SCHOOL",70776137-62ee-4e83-98a8-6ff5d6a05bf6
mock_70776137_G9B_042,MOCK-7077-G9B-042,"Gideon Mbugua Kiplagat","Grade 9 B",Male,"UTAWALA HIGH SCHOOL",70776137-62ee-4e83-98a8-6ff5d6a05bf6
mock_70776137_G9B_043,MOCK-7077-G9B-043,"Beatrice Odhiambo Omondi","Grade 9 B",Female,"UTAWALA HIGH SCHOOL",70776137-62ee-4e83-98a8-6ff5d6a05bf6
mock_70776137_G9B_044,MOCK-7077-G9B-044,"Michael Wairimu Njeri","Grade 9 B",Male,"UTAWALA HIGH SCHOOL",70776137-62ee-4e83-98a8-6ff5d6a05bf6
mock_70776137_G9B_045,MOCK-7077-G9B-045,"Kelvin Kariuki Auma","Grade 9 B",Male,"UTAWALA HIGH SCHOOL",70776137-62ee-4e83-98a8-6ff5d6a05bf6
mock_70776137_G9B_046,MOCK-7077-G9B-046,"Dennis Owino Gitau","Grade 9 B",Male,"UTAWALA HIGH SCHOOL",70776137-62ee-4e83-98a8-6ff5d6a05bf6
mock_70776137_G9B_047,MOCK-7077-G9B-047,"George Akinyi Mutua","Grade 9 B",Male,"UTAWALA HIGH SCHOOL",70776137-62ee-4e83-98a8-6ff5d6a05bf6
mock_70776137_G9B_048,MOCK-7077-G9B-048,"Duncan Njoroge Akinyi","Grade 9 B",Male,"UTAWALA HIGH SCHOOL",70776137-62ee-4e83-98a8-6ff5d6a05bf6
mock_70776137_G9B_049,MOCK-7077-G9B-049,"Gideon Kipchoge Korir","Grade 9 B",Male,"UTAWALA HIGH SCHOOL",70776137-62ee-4e83-98a8-6ff5d6a05bf6
mock_70776137_G9B_050,MOCK-7077-G9B-050,"Nancy Owino Wafula","Grade 9 B",Female,"UTAWALA HIGH SCHOOL",70776137-62ee-4e83-98a8-6ff5d6a05bf6
mock_70776137_G9B_051,MOCK-7077-G9B-051,"Patrick Mbugua Nyambura","Grade 9 B",Male,"UTAWALA HIGH SCHOOL",70776137-62ee-4e83-98a8-6ff5d6a05bf6
mock_70776137_G9B_052,MOCK-7077-G9B-052,"Linet Gitau Chepkemoi","Grade 9 B",Female,"UTAWALA HIGH SCHOOL",70776137-62ee-4e83-98a8-6ff5d6a05bf6
mock_70776137_G9B_053,MOCK-7077-G9B-053,"Victor Owino Akinyi","Grade 9 B",Male,"UTAWALA HIGH SCHOOL",70776137-62ee-4e83-98a8-6ff5d6a05bf6
mock_70776137_G9B_054,MOCK-7077-G9B-054,"Cornelius Mwangi Rotich","Grade 9 B",Male,"UTAWALA HIGH SCHOOL",70776137-62ee-4e83-98a8-6ff5d6a05bf6
mock_70776137_G9B_055,MOCK-7077-G9B-055,"Nicholas Karanja Omondi","Grade 9 B",Male,"UTAWALA HIGH SCHOOL",70776137-62ee-4e83-98a8-6ff5d6a05bf6
mock_70776137_G9B_056,MOCK-7077-G9B-056,"Beatrice Wanjiru Nyambura","Grade 9 B",Female,"UTAWALA HIGH SCHOOL",70776137-62ee-4e83-98a8-6ff5d6a05bf6
mock_70776137_G9B_057,MOCK-7077-G9B-057,"Grace Nyambura Kipchoge","Grade 9 B",Female,"UTAWALA HIGH SCHOOL",70776137-62ee-4e83-98a8-6ff5d6a05bf6
mock_70776137_G9B_058,MOCK-7077-G9B-058,"Fredrick Wanjiru Kiplagat","Grade 9 B",Male,"UTAWALA HIGH SCHOOL",70776137-62ee-4e83-98a8-6ff5d6a05bf6
mock_70776137_G9B_059,MOCK-7077-G9B-059,"Ann Chebet Omondi","Grade 9 B",Female,"UTAWALA HIGH SCHOOL",70776137-62ee-4e83-98a8-6ff5d6a05bf6
mock_70776137_G9B_060,MOCK-7077-G9B-060,"Brenda Karanja Mutiso","Grade 9 B",Female,"UTAWALA HIGH SCHOOL",70776137-62ee-4e83-98a8-6ff5d6a05bf6
mock_70776137_G10A_001,MOCK-7077-G10A-001,"Emmanuel Nyokabi Kiplagat","Grade 10 A",Male,"UTAWALA HIGH SCHOOL",70776137-62ee-4e83-98a8-6ff5d6a05bf6
mock_70776137_G10A_002,MOCK-7077-G10A-002,"Anthony Nyambura Chebet","Grade 10 A",Male,"UTAWALA HIGH SCHOOL",70776137-62ee-4e83-98a8-6ff5d6a05bf6
mock_70776137_G10A_003,MOCK-7077-G10A-003,"Winnie Achieng Onyango","Grade 10 A",Female,"UTAWALA HIGH SCHOOL",70776137-62ee-4e83-98a8-6ff5d6a05bf6
mock_70776137_G10A_004,MOCK-7077-G10A-004,"Beatrice Adhiambo Simiyu","Grade 10 A",Female,"UTAWALA HIGH SCHOOL",70776137-62ee-4e83-98a8-6ff5d6a05bf6
mock_70776137_G10A_005,MOCK-7077-G10A-005,"Michael Barasa Simiyu","Grade 10 A",Male,"UTAWALA HIGH SCHOOL",70776137-62ee-4e83-98a8-6ff5d6a05bf6
mock_70776137_G10A_006,MOCK-7077-G10A-006,"Cynthia Rotich Omondi","Grade 10 A",Female,"UTAWALA HIGH SCHOOL",70776137-62ee-4e83-98a8-6ff5d6a05bf6
mock_70776137_G10A_007,MOCK-7077-G10A-007,"Anthony Akinyi Rotich","Grade 10 A",Male,"UTAWALA HIGH SCHOOL",70776137-62ee-4e83-98a8-6ff5d6a05bf6
mock_70776137_G10A_008,MOCK-7077-G10A-008,"Linet Odhiambo Kiplagat","Grade 10 A",Female,"UTAWALA HIGH SCHOOL",70776137-62ee-4e83-98a8-6ff5d6a05bf6
mock_70776137_G10A_009,MOCK-7077-G10A-009,"Gideon Chebet Cheruiyot","Grade 10 A",Male,"UTAWALA HIGH SCHOOL",70776137-62ee-4e83-98a8-6ff5d6a05bf6
mock_70776137_G10A_010,MOCK-7077-G10A-010,"Joseph Auma Achieng","Grade 10 A",Male,"UTAWALA HIGH SCHOOL",70776137-62ee-4e83-98a8-6ff5d6a05bf6
mock_70776137_G10A_011,MOCK-7077-G10A-011,"Purity Chebet Were","Grade 10 A",Female,"UTAWALA HIGH SCHOOL",70776137-62ee-4e83-98a8-6ff5d6a05bf6
mock_70776137_G10A_012,MOCK-7077-G10A-012,"Collins Nyambura Odhiambo","Grade 10 A",Male,"UTAWALA HIGH SCHOOL",70776137-62ee-4e83-98a8-6ff5d6a05bf6
mock_70776137_G10A_013,MOCK-7077-G10A-013,"Collins Gitau Wairimu","Grade 10 A",Male,"UTAWALA HIGH SCHOOL",70776137-62ee-4e83-98a8-6ff5d6a05bf6
mock_70776137_G10A_014,MOCK-7077-G10A-014,"Rose Auma Ochieng","Grade 10 A",Female,"UTAWALA HIGH SCHOOL",70776137-62ee-4e83-98a8-6ff5d6a05bf6
mock_70776137_G10A_015,MOCK-7077-G10A-015,"Anthony Atieno Were","Grade 10 A",Male,"UTAWALA HIGH SCHOOL",70776137-62ee-4e83-98a8-6ff5d6a05bf6
mock_70776137_G10A_016,MOCK-7077-G10A-016,"Martin Chebet Wairimu","Grade 10 A",Male,"UTAWALA HIGH SCHOOL",70776137-62ee-4e83-98a8-6ff5d6a05bf6
mock_70776137_G10A_017,MOCK-7077-G10A-017,"Charles Gitau Wairimu","Grade 10 A",Male,"UTAWALA HIGH SCHOOL",70776137-62ee-4e83-98a8-6ff5d6a05bf6
mock_70776137_G10A_018,MOCK-7077-G10A-018,"Beatrice Kipchoge Nyokabi","Grade 10 A",Female,"UTAWALA HIGH SCHOOL",70776137-62ee-4e83-98a8-6ff5d6a05bf6
mock_70776137_G10A_019,MOCK-7077-G10A-019,"Duncan Nyambura Wairimu","Grade 10 A",Male,"UTAWALA HIGH SCHOOL",70776137-62ee-4e83-98a8-6ff5d6a05bf6
mock_70776137_G10A_020,MOCK-7077-G10A-020,"Charles Rotich Wairimu","Grade 10 A",Male,"UTAWALA HIGH SCHOOL",70776137-62ee-4e83-98a8-6ff5d6a05bf6
mock_70776137_G10A_021,MOCK-7077-G10A-021,"Michael Mbugua Onyango","Grade 10 A",Male,"UTAWALA HIGH SCHOOL",70776137-62ee-4e83-98a8-6ff5d6a05bf6
mock_70776137_G10A_022,MOCK-7077-G10A-022,"Maureen Kipchoge Mutua","Grade 10 A",Female,"UTAWALA HIGH SCHOOL",70776137-62ee-4e83-98a8-6ff5d6a05bf6
mock_70776137_G10A_023,MOCK-7077-G10A-023,"Kelvin Njeri Mbugua","Grade 10 A",Male,"UTAWALA HIGH SCHOOL",70776137-62ee-4e83-98a8-6ff5d6a05bf6
mock_70776137_G10A_024,MOCK-7077-G10A-024,"Christine Korir Wanjiru","Grade 10 A",Female,"UTAWALA HIGH SCHOOL",70776137-62ee-4e83-98a8-6ff5d6a05bf6
mock_70776137_G10A_025,MOCK-7077-G10A-025,"Christine Gitau Were","Grade 10 A",Female,"UTAWALA HIGH SCHOOL",70776137-62ee-4e83-98a8-6ff5d6a05bf6
mock_70776137_G10A_026,MOCK-7077-G10A-026,"Mercy Ochieng Maina","Grade 10 A",Female,"UTAWALA HIGH SCHOOL",70776137-62ee-4e83-98a8-6ff5d6a05bf6
mock_70776137_G10A_027,MOCK-7077-G10A-027,"Linet Mutua Mutiso","Grade 10 A",Female,"UTAWALA HIGH SCHOOL",70776137-62ee-4e83-98a8-6ff5d6a05bf6
mock_70776137_G10A_028,MOCK-7077-G10A-028,"Esther Korir Auma","Grade 10 A",Female,"UTAWALA HIGH SCHOOL",70776137-62ee-4e83-98a8-6ff5d6a05bf6
mock_70776137_G10A_029,MOCK-7077-G10A-029,"Allan Nyambura Kariuki","Grade 10 A",Male,"UTAWALA HIGH SCHOOL",70776137-62ee-4e83-98a8-6ff5d6a05bf6
mock_70776137_G10A_030,MOCK-7077-G10A-030,"Winnie Kipchoge Gitau","Grade 10 A",Female,"UTAWALA HIGH SCHOOL",70776137-62ee-4e83-98a8-6ff5d6a05bf6
mock_70776137_G10A_031,MOCK-7077-G10A-031,"Lydia Cheruiyot Mbugua","Grade 10 A",Female,"UTAWALA HIGH SCHOOL",70776137-62ee-4e83-98a8-6ff5d6a05bf6
mock_70776137_G10A_032,MOCK-7077-G10A-032,"Brian Owino Omondi","Grade 10 A",Male,"UTAWALA HIGH SCHOOL",70776137-62ee-4e83-98a8-6ff5d6a05bf6
mock_70776137_G10A_033,MOCK-7077-G10A-033,"Brenda Otieno Akinyi","Grade 10 A",Female,"UTAWALA HIGH SCHOOL",70776137-62ee-4e83-98a8-6ff5d6a05bf6
mock_70776137_G10A_034,MOCK-7077-G10A-034,"Eunice Kariuki Ochieng","Grade 10 A",Female,"UTAWALA HIGH SCHOOL",70776137-62ee-4e83-98a8-6ff5d6a05bf6
mock_70776137_G10A_035,MOCK-7077-G10A-035,"Stephen Otieno Akinyi","Grade 10 A",Male,"UTAWALA HIGH SCHOOL",70776137-62ee-4e83-98a8-6ff5d6a05bf6
mock_70776137_G10A_036,MOCK-7077-G10A-036,"Christine Omondi Rotich","Grade 10 A",Female,"UTAWALA HIGH SCHOOL",70776137-62ee-4e83-98a8-6ff5d6a05bf6
mock_70776137_G10A_037,MOCK-7077-G10A-037,"Eric Maina Achieng","Grade 10 A",Male,"UTAWALA HIGH SCHOOL",70776137-62ee-4e83-98a8-6ff5d6a05bf6
mock_70776137_G10A_038,MOCK-7077-G10A-038,"Samuel Akinyi Wairimu","Grade 10 A",Male,"UTAWALA HIGH SCHOOL",70776137-62ee-4e83-98a8-6ff5d6a05bf6
mock_70776137_G10A_039,MOCK-7077-G10A-039,"Allan Simiyu Nyokabi","Grade 10 A",Male,"UTAWALA HIGH SCHOOL",70776137-62ee-4e83-98a8-6ff5d6a05bf6
mock_70776137_G10A_040,MOCK-7077-G10A-040,"Grace Akinyi Ochieng","Grade 10 A",Female,"UTAWALA HIGH SCHOOL",70776137-62ee-4e83-98a8-6ff5d6a05bf6
mock_70776137_G10A_041,MOCK-7077-G10A-041,"Nicholas Rotich Kibet","Grade 10 A",Male,"UTAWALA HIGH SCHOOL",70776137-62ee-4e83-98a8-6ff5d6a05bf6
mock_70776137_G10A_042,MOCK-7077-G10A-042,"Nicholas Simiyu Barasa","Grade 10 A",Male,"UTAWALA HIGH SCHOOL",70776137-62ee-4e83-98a8-6ff5d6a05bf6
mock_70776137_G10A_043,MOCK-7077-G10A-043,"Charles Wambui Auma","Grade 10 A",Male,"UTAWALA HIGH SCHOOL",70776137-62ee-4e83-98a8-6ff5d6a05bf6
mock_70776137_G10A_044,MOCK-7077-G10A-044,"Victor Karanja Nyambura","Grade 10 A",Male,"UTAWALA HIGH SCHOOL",70776137-62ee-4e83-98a8-6ff5d6a05bf6
mock_70776137_G10A_045,MOCK-7077-G10A-045,"Purity Auma Omondi","Grade 10 A",Female,"UTAWALA HIGH SCHOOL",70776137-62ee-4e83-98a8-6ff5d6a05bf6
mock_70776137_G10A_046,MOCK-7077-G10A-046,"Linet Kamau Gitau","Grade 10 A",Female,"UTAWALA HIGH SCHOOL",70776137-62ee-4e83-98a8-6ff5d6a05bf6
mock_70776137_G10A_047,MOCK-7077-G10A-047,"Anthony Nyambura Mbugua","Grade 10 A",Male,"UTAWALA HIGH SCHOOL",70776137-62ee-4e83-98a8-6ff5d6a05bf6
mock_70776137_G10A_048,MOCK-7077-G10A-048,"Faith Akinyi Korir","Grade 10 A",Female,"UTAWALA HIGH SCHOOL",70776137-62ee-4e83-98a8-6ff5d6a05bf6
mock_70776137_G10A_049,MOCK-7077-G10A-049,"Allan Kipchoge Mutua","Grade 10 A",Male,"UTAWALA HIGH SCHOOL",70776137-62ee-4e83-98a8-6ff5d6a05bf6
mock_70776137_G10A_050,MOCK-7077-G10A-050,"Anthony Onyango Rotich","Grade 10 A",Male,"UTAWALA HIGH SCHOOL",70776137-62ee-4e83-98a8-6ff5d6a05bf6
mock_70776137_G10A_051,MOCK-7077-G10A-051,"Nancy Auma Achieng","Grade 10 A",Female,"UTAWALA HIGH SCHOOL",70776137-62ee-4e83-98a8-6ff5d6a05bf6
mock_70776137_G10A_052,MOCK-7077-G10A-052,"Maureen Otieno Njoroge","Grade 10 A",Female,"UTAWALA HIGH SCHOOL",70776137-62ee-4e83-98a8-6ff5d6a05bf6
mock_70776137_G10A_053,MOCK-7077-G10A-053,"Ian Rotich Onyango","Grade 10 A",Male,"UTAWALA HIGH SCHOOL",70776137-62ee-4e83-98a8-6ff5d6a05bf6
mock_70776137_G10A_054,MOCK-7077-G10A-054,"Sharon Kariuki Barasa","Grade 10 A",Female,"UTAWALA HIGH SCHOOL",70776137-62ee-4e83-98a8-6ff5d6a05bf6
mock_70776137_G10A_055,MOCK-7077-G10A-055,"Esther Kiplagat Wambui","Grade 10 A",Female,"UTAWALA HIGH SCHOOL",70776137-62ee-4e83-98a8-6ff5d6a05bf6
mock_70776137_G10A_056,MOCK-7077-G10A-056,"Charles Wambui Kiplagat","Grade 10 A",Male,"UTAWALA HIGH SCHOOL",70776137-62ee-4e83-98a8-6ff5d6a05bf6
mock_70776137_G10A_057,MOCK-7077-G10A-057,"Pauline Omondi Wafula","Grade 10 A",Female,"UTAWALA HIGH SCHOOL",70776137-62ee-4e83-98a8-6ff5d6a05bf6
mock_70776137_G10A_058,MOCK-7077-G10A-058,"Kelvin Were Omondi","Grade 10 A",Male,"UTAWALA HIGH SCHOOL",70776137-62ee-4e83-98a8-6ff5d6a05bf6
mock_70776137_G10A_059,MOCK-7077-G10A-059,"Eunice Wambui Wambui","Grade 10 A",Female,"UTAWALA HIGH SCHOOL",70776137-62ee-4e83-98a8-6ff5d6a05bf6
mock_70776137_G10A_060,MOCK-7077-G10A-060,"Kelvin Ochieng Wairimu","Grade 10 A",Male,"UTAWALA HIGH SCHOOL",70776137-62ee-4e83-98a8-6ff5d6a05bf6
mock_70776137_G10B_001,MOCK-7077-G10B-001,"Sylvia Juma Nyambura","Grade 10 B",Female,"UTAWALA HIGH SCHOOL",70776137-62ee-4e83-98a8-6ff5d6a05bf6
mock_70776137_G10B_002,MOCK-7077-G10B-002,"Pauline Were Auma","Grade 10 B",Female,"UTAWALA HIGH SCHOOL",70776137-62ee-4e83-98a8-6ff5d6a05bf6
mock_70776137_G10B_003,MOCK-7077-G10B-003,"Allan Rotich Atieno","Grade 10 B",Male,"UTAWALA HIGH SCHOOL",70776137-62ee-4e83-98a8-6ff5d6a05bf6
mock_70776137_G10B_004,MOCK-7077-G10B-004,"Lydia Kibet Odhiambo","Grade 10 B",Female,"UTAWALA HIGH SCHOOL",70776137-62ee-4e83-98a8-6ff5d6a05bf6
mock_70776137_G10B_005,MOCK-7077-G10B-005,"Fredrick Onyango Achieng","Grade 10 B",Male,"UTAWALA HIGH SCHOOL",70776137-62ee-4e83-98a8-6ff5d6a05bf6
mock_70776137_G10B_006,MOCK-7077-G10B-006,"Stephen Nyokabi Omondi","Grade 10 B",Male,"UTAWALA HIGH SCHOOL",70776137-62ee-4e83-98a8-6ff5d6a05bf6
mock_70776137_G10B_007,MOCK-7077-G10B-007,"Joseph Kibet Adhiambo","Grade 10 B",Male,"UTAWALA HIGH SCHOOL",70776137-62ee-4e83-98a8-6ff5d6a05bf6
mock_70776137_G10B_008,MOCK-7077-G10B-008,"Maureen Mutua Akinyi","Grade 10 B",Female,"UTAWALA HIGH SCHOOL",70776137-62ee-4e83-98a8-6ff5d6a05bf6
mock_70776137_G10B_009,MOCK-7077-G10B-009,"Kelvin Odhiambo Nyokabi","Grade 10 B",Male,"UTAWALA HIGH SCHOOL",70776137-62ee-4e83-98a8-6ff5d6a05bf6
mock_70776137_G10B_010,MOCK-7077-G10B-010,"Maureen Wanjiru Mwangi","Grade 10 B",Female,"UTAWALA HIGH SCHOOL",70776137-62ee-4e83-98a8-6ff5d6a05bf6
mock_70776137_G10B_011,MOCK-7077-G10B-011,"Michael Nyambura Nyambura","Grade 10 B",Male,"UTAWALA HIGH SCHOOL",70776137-62ee-4e83-98a8-6ff5d6a05bf6
mock_70776137_G10B_012,MOCK-7077-G10B-012,"Doreen Omondi Auma","Grade 10 B",Female,"UTAWALA HIGH SCHOOL",70776137-62ee-4e83-98a8-6ff5d6a05bf6
mock_70776137_G10B_013,MOCK-7077-G10B-013,"Fredrick Atieno Owino","Grade 10 B",Male,"UTAWALA HIGH SCHOOL",70776137-62ee-4e83-98a8-6ff5d6a05bf6
mock_70776137_G10B_014,MOCK-7077-G10B-014,"Kevin Barasa Owino","Grade 10 B",Male,"UTAWALA HIGH SCHOOL",70776137-62ee-4e83-98a8-6ff5d6a05bf6
mock_70776137_G10B_015,MOCK-7077-G10B-015,"Rose Barasa Kibet","Grade 10 B",Female,"UTAWALA HIGH SCHOOL",70776137-62ee-4e83-98a8-6ff5d6a05bf6
mock_70776137_G10B_016,MOCK-7077-G10B-016,"Nicholas Adhiambo Kiplagat","Grade 10 B",Male,"UTAWALA HIGH SCHOOL",70776137-62ee-4e83-98a8-6ff5d6a05bf6
mock_70776137_G10B_017,MOCK-7077-G10B-017,"Fredrick Wairimu Mutiso","Grade 10 B",Male,"UTAWALA HIGH SCHOOL",70776137-62ee-4e83-98a8-6ff5d6a05bf6
mock_70776137_G10B_018,MOCK-7077-G10B-018,"Vincent Kipchoge Adhiambo","Grade 10 B",Male,"UTAWALA HIGH SCHOOL",70776137-62ee-4e83-98a8-6ff5d6a05bf6
mock_70776137_G10B_019,MOCK-7077-G10B-019,"Diana Wafula Nyambura","Grade 10 B",Female,"UTAWALA HIGH SCHOOL",70776137-62ee-4e83-98a8-6ff5d6a05bf6
mock_70776137_G10B_020,MOCK-7077-G10B-020,"Victor Simiyu Kariuki","Grade 10 B",Male,"UTAWALA HIGH SCHOOL",70776137-62ee-4e83-98a8-6ff5d6a05bf6
mock_70776137_G10B_021,MOCK-7077-G10B-021,"Elvis Mwangi Mwangi","Grade 10 B",Male,"UTAWALA HIGH SCHOOL",70776137-62ee-4e83-98a8-6ff5d6a05bf6
mock_70776137_G10B_022,MOCK-7077-G10B-022,"Purity Adhiambo Maina","Grade 10 B",Female,"UTAWALA HIGH SCHOOL",70776137-62ee-4e83-98a8-6ff5d6a05bf6
mock_70776137_G10B_023,MOCK-7077-G10B-023,"Stella Wanjiru Mbugua","Grade 10 B",Female,"UTAWALA HIGH SCHOOL",70776137-62ee-4e83-98a8-6ff5d6a05bf6
mock_70776137_G10B_024,MOCK-7077-G10B-024,"Nancy Akinyi Wambui","Grade 10 B",Female,"UTAWALA HIGH SCHOOL",70776137-62ee-4e83-98a8-6ff5d6a05bf6
mock_70776137_G10B_025,MOCK-7077-G10B-025,"Martin Simiyu Owino","Grade 10 B",Male,"UTAWALA HIGH SCHOOL",70776137-62ee-4e83-98a8-6ff5d6a05bf6
mock_70776137_G10B_026,MOCK-7077-G10B-026,"Felix Barasa Nyokabi","Grade 10 B",Male,"UTAWALA HIGH SCHOOL",70776137-62ee-4e83-98a8-6ff5d6a05bf6
mock_70776137_G10B_027,MOCK-7077-G10B-027,"Sylvia Maina Onyango","Grade 10 B",Female,"UTAWALA HIGH SCHOOL",70776137-62ee-4e83-98a8-6ff5d6a05bf6
mock_70776137_G10B_028,MOCK-7077-G10B-028,"Allan Auma Wambui","Grade 10 B",Male,"UTAWALA HIGH SCHOOL",70776137-62ee-4e83-98a8-6ff5d6a05bf6
mock_70776137_G10B_029,MOCK-7077-G10B-029,"Daniel Mutua Onyango","Grade 10 B",Male,"UTAWALA HIGH SCHOOL",70776137-62ee-4e83-98a8-6ff5d6a05bf6
mock_70776137_G10B_030,MOCK-7077-G10B-030,"Emmanuel Auma Kibet","Grade 10 B",Male,"UTAWALA HIGH SCHOOL",70776137-62ee-4e83-98a8-6ff5d6a05bf6
mock_70776137_G10B_031,MOCK-7077-G10B-031,"Diana Gitau Kipchoge","Grade 10 B",Female,"UTAWALA HIGH SCHOOL",70776137-62ee-4e83-98a8-6ff5d6a05bf6
mock_70776137_G10B_032,MOCK-7077-G10B-032,"Sylvia Wairimu Nyambura","Grade 10 B",Female,"UTAWALA HIGH SCHOOL",70776137-62ee-4e83-98a8-6ff5d6a05bf6
mock_70776137_G10B_033,MOCK-7077-G10B-033,"Eric Gitau Mutua","Grade 10 B",Male,"UTAWALA HIGH SCHOOL",70776137-62ee-4e83-98a8-6ff5d6a05bf6
mock_70776137_G10B_034,MOCK-7077-G10B-034,"Mercy Njoroge Chebet","Grade 10 B",Female,"UTAWALA HIGH SCHOOL",70776137-62ee-4e83-98a8-6ff5d6a05bf6
mock_70776137_G10B_035,MOCK-7077-G10B-035,"Fredrick Owino Wanjiru","Grade 10 B",Male,"UTAWALA HIGH SCHOOL",70776137-62ee-4e83-98a8-6ff5d6a05bf6
mock_70776137_G10B_036,MOCK-7077-G10B-036,"Felix Maina Simiyu","Grade 10 B",Male,"UTAWALA HIGH SCHOOL",70776137-62ee-4e83-98a8-6ff5d6a05bf6
mock_70776137_G10B_037,MOCK-7077-G10B-037,"Stephen Adhiambo Kamau","Grade 10 B",Male,"UTAWALA HIGH SCHOOL",70776137-62ee-4e83-98a8-6ff5d6a05bf6
mock_70776137_G10B_038,MOCK-7077-G10B-038,"Brenda Njoroge Juma","Grade 10 B",Female,"UTAWALA HIGH SCHOOL",70776137-62ee-4e83-98a8-6ff5d6a05bf6
mock_70776137_G10B_039,MOCK-7077-G10B-039,"Sylvia Wanjiru Barasa","Grade 10 B",Female,"UTAWALA HIGH SCHOOL",70776137-62ee-4e83-98a8-6ff5d6a05bf6
mock_70776137_G10B_040,MOCK-7077-G10B-040,"Purity Otieno Kiplagat","Grade 10 B",Female,"UTAWALA HIGH SCHOOL",70776137-62ee-4e83-98a8-6ff5d6a05bf6
mock_70776137_G10B_041,MOCK-7077-G10B-041,"Janet Njeri Onyango","Grade 10 B",Female,"UTAWALA HIGH SCHOOL",70776137-62ee-4e83-98a8-6ff5d6a05bf6
mock_70776137_G10B_042,MOCK-7077-G10B-042,"Maureen Kiplagat Nyambura","Grade 10 B",Female,"UTAWALA HIGH SCHOOL",70776137-62ee-4e83-98a8-6ff5d6a05bf6
mock_70776137_G10B_043,MOCK-7077-G10B-043,"Duncan Mutiso Were","Grade 10 B",Male,"UTAWALA HIGH SCHOOL",70776137-62ee-4e83-98a8-6ff5d6a05bf6
mock_70776137_G10B_044,MOCK-7077-G10B-044,"Mercy Kariuki Simiyu","Grade 10 B",Female,"UTAWALA HIGH SCHOOL",70776137-62ee-4e83-98a8-6ff5d6a05bf6
mock_70776137_G10B_045,MOCK-7077-G10B-045,"Mitchelle Maina Kipchoge","Grade 10 B",Female,"UTAWALA HIGH SCHOOL",70776137-62ee-4e83-98a8-6ff5d6a05bf6
mock_70776137_G10B_046,MOCK-7077-G10B-046,"Christine Auma Chebet","Grade 10 B",Female,"UTAWALA HIGH SCHOOL",70776137-62ee-4e83-98a8-6ff5d6a05bf6
mock_70776137_G10B_047,MOCK-7077-G10B-047,"Esther Kibet Kipchoge","Grade 10 B",Female,"UTAWALA HIGH SCHOOL",70776137-62ee-4e83-98a8-6ff5d6a05bf6
mock_70776137_G10B_048,MOCK-7077-G10B-048,"Ann Njoroge Mbugua","Grade 10 B",Female,"UTAWALA HIGH SCHOOL",70776137-62ee-4e83-98a8-6ff5d6a05bf6
mock_70776137_G10B_049,MOCK-7077-G10B-049,"Janet Njeri Wanjiru","Grade 10 B",Female,"UTAWALA HIGH SCHOOL",70776137-62ee-4e83-98a8-6ff5d6a05bf6
mock_70776137_G10B_050,MOCK-7077-G10B-050,"Pauline Owino Nyambura","Grade 10 B",Female,"UTAWALA HIGH SCHOOL",70776137-62ee-4e83-98a8-6ff5d6a05bf6
mock_70776137_G10B_051,MOCK-7077-G10B-051,"Maureen Ochieng Odhiambo","Grade 10 B",Female,"UTAWALA HIGH SCHOOL",70776137-62ee-4e83-98a8-6ff5d6a05bf6
mock_70776137_G10B_052,MOCK-7077-G10B-052,"Mitchelle Kiplagat Wairimu","Grade 10 B",Female,"UTAWALA HIGH SCHOOL",70776137-62ee-4e83-98a8-6ff5d6a05bf6
mock_70776137_G10B_053,MOCK-7077-G10B-053,"Nicholas Nyokabi Simiyu","Grade 10 B",Male,"UTAWALA HIGH SCHOOL",70776137-62ee-4e83-98a8-6ff5d6a05bf6
mock_70776137_G10B_054,MOCK-7077-G10B-054,"Charles Wanjiru Wairimu","Grade 10 B",Male,"UTAWALA HIGH SCHOOL",70776137-62ee-4e83-98a8-6ff5d6a05bf6
mock_70776137_G10B_055,MOCK-7077-G10B-055,"Mary Mutua Ochieng","Grade 10 B",Female,"UTAWALA HIGH SCHOOL",70776137-62ee-4e83-98a8-6ff5d6a05bf6
mock_70776137_G10B_056,MOCK-7077-G10B-056,"Nancy Were Mwangi","Grade 10 B",Female,"UTAWALA HIGH SCHOOL",70776137-62ee-4e83-98a8-6ff5d6a05bf6
mock_70776137_G10B_057,MOCK-7077-G10B-057,"Elvis Korir Njoroge","Grade 10 B",Male,"UTAWALA HIGH SCHOOL",70776137-62ee-4e83-98a8-6ff5d6a05bf6
mock_70776137_G10B_058,MOCK-7077-G10B-058,"Faith Kariuki Owino","Grade 10 B",Female,"UTAWALA HIGH SCHOOL",70776137-62ee-4e83-98a8-6ff5d6a05bf6
mock_70776137_G10B_059,MOCK-7077-G10B-059,"Pauline Achieng Mutua","Grade 10 B",Female,"UTAWALA HIGH SCHOOL",70776137-62ee-4e83-98a8-6ff5d6a05bf6
mock_70776137_G10B_060,MOCK-7077-G10B-060,"Patrick Gitau Maina","Grade 10 B",Male,"UTAWALA HIGH SCHOOL",70776137-62ee-4e83-98a8-6ff5d6a05bf6
mock_70776137_G11A_001,MOCK-7077-G11A-001,"Diana Kiplagat Onyango","Grade 11 A",Female,"UTAWALA HIGH SCHOOL",70776137-62ee-4e83-98a8-6ff5d6a05bf6
mock_70776137_G11A_002,MOCK-7077-G11A-002,"Mary Kiplagat Odhiambo","Grade 11 A",Female,"UTAWALA HIGH SCHOOL",70776137-62ee-4e83-98a8-6ff5d6a05bf6
mock_70776137_G11A_003,MOCK-7077-G11A-003,"Mitchelle Wairimu Atieno","Grade 11 A",Female,"UTAWALA HIGH SCHOOL",70776137-62ee-4e83-98a8-6ff5d6a05bf6
mock_70776137_G11A_004,MOCK-7077-G11A-004,"Grace Mbugua Kamau","Grade 11 A",Female,"UTAWALA HIGH SCHOOL",70776137-62ee-4e83-98a8-6ff5d6a05bf6
mock_70776137_G11A_005,MOCK-7077-G11A-005,"Pauline Kibet Cheruiyot","Grade 11 A",Female,"UTAWALA HIGH SCHOOL",70776137-62ee-4e83-98a8-6ff5d6a05bf6
mock_70776137_G11A_006,MOCK-7077-G11A-006,"Pauline Maina Cheruiyot","Grade 11 A",Female,"UTAWALA HIGH SCHOOL",70776137-62ee-4e83-98a8-6ff5d6a05bf6
mock_70776137_G11A_007,MOCK-7077-G11A-007,"Brenda Nyambura Akinyi","Grade 11 A",Female,"UTAWALA HIGH SCHOOL",70776137-62ee-4e83-98a8-6ff5d6a05bf6
mock_70776137_G11A_008,MOCK-7077-G11A-008,"Eunice Wanjiru Omondi","Grade 11 A",Female,"UTAWALA HIGH SCHOOL",70776137-62ee-4e83-98a8-6ff5d6a05bf6
mock_70776137_G11A_009,MOCK-7077-G11A-009,"Martin Achieng Kipchoge","Grade 11 A",Male,"UTAWALA HIGH SCHOOL",70776137-62ee-4e83-98a8-6ff5d6a05bf6
mock_70776137_G11A_010,MOCK-7077-G11A-010,"Valentine Adhiambo Njeri","Grade 11 A",Female,"UTAWALA HIGH SCHOOL",70776137-62ee-4e83-98a8-6ff5d6a05bf6
mock_70776137_G11A_011,MOCK-7077-G11A-011,"Fredrick Mutua Wanjiru","Grade 11 A",Male,"UTAWALA HIGH SCHOOL",70776137-62ee-4e83-98a8-6ff5d6a05bf6
mock_70776137_G11A_012,MOCK-7077-G11A-012,"Fredrick Juma Simiyu","Grade 11 A",Male,"UTAWALA HIGH SCHOOL",70776137-62ee-4e83-98a8-6ff5d6a05bf6
mock_70776137_G11A_013,MOCK-7077-G11A-013,"Mitchelle Ochieng Simiyu","Grade 11 A",Female,"UTAWALA HIGH SCHOOL",70776137-62ee-4e83-98a8-6ff5d6a05bf6
mock_70776137_G11A_014,MOCK-7077-G11A-014,"Brian Omondi Onyango","Grade 11 A",Male,"UTAWALA HIGH SCHOOL",70776137-62ee-4e83-98a8-6ff5d6a05bf6
mock_70776137_G11A_015,MOCK-7077-G11A-015,"Purity Mutua Njoroge","Grade 11 A",Female,"UTAWALA HIGH SCHOOL",70776137-62ee-4e83-98a8-6ff5d6a05bf6
mock_70776137_G11A_016,MOCK-7077-G11A-016,"Joy Maina Wanjiru","Grade 11 A",Female,"UTAWALA HIGH SCHOOL",70776137-62ee-4e83-98a8-6ff5d6a05bf6
mock_70776137_G11A_017,MOCK-7077-G11A-017,"Michael Wanjiru Rotich","Grade 11 A",Male,"UTAWALA HIGH SCHOOL",70776137-62ee-4e83-98a8-6ff5d6a05bf6
mock_70776137_G11A_018,MOCK-7077-G11A-018,"Collins Mutua Were","Grade 11 A",Male,"UTAWALA HIGH SCHOOL",70776137-62ee-4e83-98a8-6ff5d6a05bf6
mock_70776137_G11A_019,MOCK-7077-G11A-019,"Christine Achieng Wairimu","Grade 11 A",Female,"UTAWALA HIGH SCHOOL",70776137-62ee-4e83-98a8-6ff5d6a05bf6
mock_70776137_G11A_020,MOCK-7077-G11A-020,"Charles Njeri Nyokabi","Grade 11 A",Male,"UTAWALA HIGH SCHOOL",70776137-62ee-4e83-98a8-6ff5d6a05bf6
mock_70776137_G11A_021,MOCK-7077-G11A-021,"Dennis Rotich Korir","Grade 11 A",Male,"UTAWALA HIGH SCHOOL",70776137-62ee-4e83-98a8-6ff5d6a05bf6
mock_70776137_G11A_022,MOCK-7077-G11A-022,"Stephen Omondi Barasa","Grade 11 A",Male,"UTAWALA HIGH SCHOOL",70776137-62ee-4e83-98a8-6ff5d6a05bf6
mock_70776137_G11A_023,MOCK-7077-G11A-023,"Felix Wambui Mutiso","Grade 11 A",Male,"UTAWALA HIGH SCHOOL",70776137-62ee-4e83-98a8-6ff5d6a05bf6
mock_70776137_G11A_024,MOCK-7077-G11A-024,"Brenda Owino Atieno","Grade 11 A",Female,"UTAWALA HIGH SCHOOL",70776137-62ee-4e83-98a8-6ff5d6a05bf6
mock_70776137_G11A_025,MOCK-7077-G11A-025,"Samuel Kipchoge Barasa","Grade 11 A",Male,"UTAWALA HIGH SCHOOL",70776137-62ee-4e83-98a8-6ff5d6a05bf6
mock_70776137_G11A_026,MOCK-7077-G11A-026,"Gideon Odhiambo Nyokabi","Grade 11 A",Male,"UTAWALA HIGH SCHOOL",70776137-62ee-4e83-98a8-6ff5d6a05bf6
mock_70776137_G11A_027,MOCK-7077-G11A-027,"Emmanuel Adhiambo Akinyi","Grade 11 A",Male,"UTAWALA HIGH SCHOOL",70776137-62ee-4e83-98a8-6ff5d6a05bf6
mock_70776137_G11A_028,MOCK-7077-G11A-028,"Valentine Mwangi Were","Grade 11 A",Female,"UTAWALA HIGH SCHOOL",70776137-62ee-4e83-98a8-6ff5d6a05bf6
mock_70776137_G11A_029,MOCK-7077-G11A-029,"Christine Adhiambo Nyokabi","Grade 11 A",Female,"UTAWALA HIGH SCHOOL",70776137-62ee-4e83-98a8-6ff5d6a05bf6
mock_70776137_G11A_030,MOCK-7077-G11A-030,"Kevin Were Auma","Grade 11 A",Male,"UTAWALA HIGH SCHOOL",70776137-62ee-4e83-98a8-6ff5d6a05bf6
mock_70776137_G11A_031,MOCK-7077-G11A-031,"Sylvia Achieng Wairimu","Grade 11 A",Female,"UTAWALA HIGH SCHOOL",70776137-62ee-4e83-98a8-6ff5d6a05bf6
mock_70776137_G11A_032,MOCK-7077-G11A-032,"Kelvin Mwangi Akinyi","Grade 11 A",Male,"UTAWALA HIGH SCHOOL",70776137-62ee-4e83-98a8-6ff5d6a05bf6
mock_70776137_G11A_033,MOCK-7077-G11A-033,"Esther Omondi Otieno","Grade 11 A",Female,"UTAWALA HIGH SCHOOL",70776137-62ee-4e83-98a8-6ff5d6a05bf6
mock_70776137_G11A_034,MOCK-7077-G11A-034,"Pauline Juma Kariuki","Grade 11 A",Female,"UTAWALA HIGH SCHOOL",70776137-62ee-4e83-98a8-6ff5d6a05bf6
mock_70776137_G11A_035,MOCK-7077-G11A-035,"Victor Korir Wanjiru","Grade 11 A",Male,"UTAWALA HIGH SCHOOL",70776137-62ee-4e83-98a8-6ff5d6a05bf6
mock_70776137_G11A_036,MOCK-7077-G11A-036,"Elvis Wambui Chepkemoi","Grade 11 A",Male,"UTAWALA HIGH SCHOOL",70776137-62ee-4e83-98a8-6ff5d6a05bf6
mock_70776137_G11A_037,MOCK-7077-G11A-037,"Kelvin Mbugua Rotich","Grade 11 A",Male,"UTAWALA HIGH SCHOOL",70776137-62ee-4e83-98a8-6ff5d6a05bf6
mock_70776137_G11A_038,MOCK-7077-G11A-038,"Eric Mutiso Barasa","Grade 11 A",Male,"UTAWALA HIGH SCHOOL",70776137-62ee-4e83-98a8-6ff5d6a05bf6
mock_70776137_G11A_039,MOCK-7077-G11A-039,"Sharon Kibet Korir","Grade 11 A",Female,"UTAWALA HIGH SCHOOL",70776137-62ee-4e83-98a8-6ff5d6a05bf6
mock_70776137_G11A_040,MOCK-7077-G11A-040,"Kelvin Wafula Njoroge","Grade 11 A",Male,"UTAWALA HIGH SCHOOL",70776137-62ee-4e83-98a8-6ff5d6a05bf6
mock_70776137_G11A_041,MOCK-7077-G11A-041,"Cornelius Otieno Odhiambo","Grade 11 A",Male,"UTAWALA HIGH SCHOOL",70776137-62ee-4e83-98a8-6ff5d6a05bf6
mock_70776137_G11A_042,MOCK-7077-G11A-042,"Joy Korir Kariuki","Grade 11 A",Female,"UTAWALA HIGH SCHOOL",70776137-62ee-4e83-98a8-6ff5d6a05bf6
mock_70776137_G11A_043,MOCK-7077-G11A-043,"Ann Nyokabi Adhiambo","Grade 11 A",Female,"UTAWALA HIGH SCHOOL",70776137-62ee-4e83-98a8-6ff5d6a05bf6
mock_70776137_G11A_044,MOCK-7077-G11A-044,"Mary Gitau Nyokabi","Grade 11 A",Female,"UTAWALA HIGH SCHOOL",70776137-62ee-4e83-98a8-6ff5d6a05bf6
mock_70776137_G11A_045,MOCK-7077-G11A-045,"Maureen Auma Owino","Grade 11 A",Female,"UTAWALA HIGH SCHOOL",70776137-62ee-4e83-98a8-6ff5d6a05bf6
mock_70776137_G11A_046,MOCK-7077-G11A-046,"Rose Adhiambo Wairimu","Grade 11 A",Female,"UTAWALA HIGH SCHOOL",70776137-62ee-4e83-98a8-6ff5d6a05bf6
mock_70776137_G11A_047,MOCK-7077-G11A-047,"Mercy Kamau Wafula","Grade 11 A",Female,"UTAWALA HIGH SCHOOL",70776137-62ee-4e83-98a8-6ff5d6a05bf6
mock_70776137_G11A_048,MOCK-7077-G11A-048,"Rose Mbugua Wanjiru","Grade 11 A",Female,"UTAWALA HIGH SCHOOL",70776137-62ee-4e83-98a8-6ff5d6a05bf6
mock_70776137_G11A_049,MOCK-7077-G11A-049,"Patrick Njoroge Atieno","Grade 11 A",Male,"UTAWALA HIGH SCHOOL",70776137-62ee-4e83-98a8-6ff5d6a05bf6
mock_70776137_G11A_050,MOCK-7077-G11A-050,"Winnie Nyambura Chebet","Grade 11 A",Female,"UTAWALA HIGH SCHOOL",70776137-62ee-4e83-98a8-6ff5d6a05bf6
mock_70776137_G11A_051,MOCK-7077-G11A-051,"Ann Ochieng Wairimu","Grade 11 A",Female,"UTAWALA HIGH SCHOOL",70776137-62ee-4e83-98a8-6ff5d6a05bf6
mock_70776137_G11A_052,MOCK-7077-G11A-052,"Vincent Akinyi Omondi","Grade 11 A",Male,"UTAWALA HIGH SCHOOL",70776137-62ee-4e83-98a8-6ff5d6a05bf6
mock_70776137_G11A_053,MOCK-7077-G11A-053,"Diana Cheruiyot Mbugua","Grade 11 A",Female,"UTAWALA HIGH SCHOOL",70776137-62ee-4e83-98a8-6ff5d6a05bf6
mock_70776137_G11A_054,MOCK-7077-G11A-054,"Ann Akinyi Rotich","Grade 11 A",Female,"UTAWALA HIGH SCHOOL",70776137-62ee-4e83-98a8-6ff5d6a05bf6
mock_70776137_G11A_055,MOCK-7077-G11A-055,"Mitchelle Maina Wanjiru","Grade 11 A",Female,"UTAWALA HIGH SCHOOL",70776137-62ee-4e83-98a8-6ff5d6a05bf6
mock_70776137_G11A_056,MOCK-7077-G11A-056,"Sharon Cheruiyot Odhiambo","Grade 11 A",Female,"UTAWALA HIGH SCHOOL",70776137-62ee-4e83-98a8-6ff5d6a05bf6
mock_70776137_G11A_057,MOCK-7077-G11A-057,"Stephen Odhiambo Odhiambo","Grade 11 A",Male,"UTAWALA HIGH SCHOOL",70776137-62ee-4e83-98a8-6ff5d6a05bf6
mock_70776137_G11A_058,MOCK-7077-G11A-058,"Gideon Onyango Kamau","Grade 11 A",Male,"UTAWALA HIGH SCHOOL",70776137-62ee-4e83-98a8-6ff5d6a05bf6
mock_70776137_G11A_059,MOCK-7077-G11A-059,"Joy Mbugua Odhiambo","Grade 11 A",Female,"UTAWALA HIGH SCHOOL",70776137-62ee-4e83-98a8-6ff5d6a05bf6
mock_70776137_G11A_060,MOCK-7077-G11A-060,"Linet Ochieng Adhiambo","Grade 11 A",Female,"UTAWALA HIGH SCHOOL",70776137-62ee-4e83-98a8-6ff5d6a05bf6
mock_70776137_G11B_001,MOCK-7077-G11B-001,"Diana Mbugua Owino","Grade 11 B",Female,"UTAWALA HIGH SCHOOL",70776137-62ee-4e83-98a8-6ff5d6a05bf6
mock_70776137_G11B_002,MOCK-7077-G11B-002,"Esther Nyambura Otieno","Grade 11 B",Female,"UTAWALA HIGH SCHOOL",70776137-62ee-4e83-98a8-6ff5d6a05bf6
mock_70776137_G11B_003,MOCK-7077-G11B-003,"Samuel Kamau Mbugua","Grade 11 B",Male,"UTAWALA HIGH SCHOOL",70776137-62ee-4e83-98a8-6ff5d6a05bf6
mock_70776137_G11B_004,MOCK-7077-G11B-004,"Dennis Kamau Kiplagat","Grade 11 B",Male,"UTAWALA HIGH SCHOOL",70776137-62ee-4e83-98a8-6ff5d6a05bf6
mock_70776137_G11B_005,MOCK-7077-G11B-005,"Charles Kariuki Otieno","Grade 11 B",Male,"UTAWALA HIGH SCHOOL",70776137-62ee-4e83-98a8-6ff5d6a05bf6
mock_70776137_G11B_006,MOCK-7077-G11B-006,"Mitchelle Akinyi Njeri","Grade 11 B",Female,"UTAWALA HIGH SCHOOL",70776137-62ee-4e83-98a8-6ff5d6a05bf6
mock_70776137_G11B_007,MOCK-7077-G11B-007,"Cynthia Ochieng Nyokabi","Grade 11 B",Female,"UTAWALA HIGH SCHOOL",70776137-62ee-4e83-98a8-6ff5d6a05bf6
mock_70776137_G11B_008,MOCK-7077-G11B-008,"Grace Wambui Cheruiyot","Grade 11 B",Female,"UTAWALA HIGH SCHOOL",70776137-62ee-4e83-98a8-6ff5d6a05bf6
mock_70776137_G11B_009,MOCK-7077-G11B-009,"Diana Juma Kamau","Grade 11 B",Female,"UTAWALA HIGH SCHOOL",70776137-62ee-4e83-98a8-6ff5d6a05bf6
mock_70776137_G11B_010,MOCK-7077-G11B-010,"Christine Mbugua Wambui","Grade 11 B",Female,"UTAWALA HIGH SCHOOL",70776137-62ee-4e83-98a8-6ff5d6a05bf6
mock_70776137_G11B_011,MOCK-7077-G11B-011,"Cornelius Korir Mutiso","Grade 11 B",Male,"UTAWALA HIGH SCHOOL",70776137-62ee-4e83-98a8-6ff5d6a05bf6
mock_70776137_G11B_012,MOCK-7077-G11B-012,"Kevin Auma Atieno","Grade 11 B",Male,"UTAWALA HIGH SCHOOL",70776137-62ee-4e83-98a8-6ff5d6a05bf6
mock_70776137_G11B_013,MOCK-7077-G11B-013,"Valentine Mbugua Chebet","Grade 11 B",Female,"UTAWALA HIGH SCHOOL",70776137-62ee-4e83-98a8-6ff5d6a05bf6
mock_70776137_G11B_014,MOCK-7077-G11B-014,"Gideon Chebet Akinyi","Grade 11 B",Male,"UTAWALA HIGH SCHOOL",70776137-62ee-4e83-98a8-6ff5d6a05bf6
mock_70776137_G11B_015,MOCK-7077-G11B-015,"Nancy Onyango Atieno","Grade 11 B",Female,"UTAWALA HIGH SCHOOL",70776137-62ee-4e83-98a8-6ff5d6a05bf6
mock_70776137_G11B_016,MOCK-7077-G11B-016,"Mitchelle Chepkemoi Were","Grade 11 B",Female,"UTAWALA HIGH SCHOOL",70776137-62ee-4e83-98a8-6ff5d6a05bf6
mock_70776137_G11B_017,MOCK-7077-G11B-017,"Gideon Akinyi Nyambura","Grade 11 B",Male,"UTAWALA HIGH SCHOOL",70776137-62ee-4e83-98a8-6ff5d6a05bf6
mock_70776137_G11B_018,MOCK-7077-G11B-018,"Samuel Maina Kipchoge","Grade 11 B",Male,"UTAWALA HIGH SCHOOL",70776137-62ee-4e83-98a8-6ff5d6a05bf6
mock_70776137_G11B_019,MOCK-7077-G11B-019,"Kelvin Kariuki Mbugua","Grade 11 B",Male,"UTAWALA HIGH SCHOOL",70776137-62ee-4e83-98a8-6ff5d6a05bf6
mock_70776137_G11B_020,MOCK-7077-G11B-020,"Diana Njeri Rotich","Grade 11 B",Female,"UTAWALA HIGH SCHOOL",70776137-62ee-4e83-98a8-6ff5d6a05bf6
mock_70776137_G11B_021,MOCK-7077-G11B-021,"Brayan Adhiambo Mutua","Grade 11 B",Male,"UTAWALA HIGH SCHOOL",70776137-62ee-4e83-98a8-6ff5d6a05bf6
mock_70776137_G11B_022,MOCK-7077-G11B-022,"Felix Nyambura Odhiambo","Grade 11 B",Male,"UTAWALA HIGH SCHOOL",70776137-62ee-4e83-98a8-6ff5d6a05bf6
mock_70776137_G11B_023,MOCK-7077-G11B-023,"Pauline Otieno Mbugua","Grade 11 B",Female,"UTAWALA HIGH SCHOOL",70776137-62ee-4e83-98a8-6ff5d6a05bf6
mock_70776137_G11B_024,MOCK-7077-G11B-024,"Stephen Njeri Mutiso","Grade 11 B",Male,"UTAWALA HIGH SCHOOL",70776137-62ee-4e83-98a8-6ff5d6a05bf6
mock_70776137_G11B_025,MOCK-7077-G11B-025,"Sharon Mutiso Barasa","Grade 11 B",Female,"UTAWALA HIGH SCHOOL",70776137-62ee-4e83-98a8-6ff5d6a05bf6
mock_70776137_G11B_026,MOCK-7077-G11B-026,"Joseph Chebet Were","Grade 11 B",Male,"UTAWALA HIGH SCHOOL",70776137-62ee-4e83-98a8-6ff5d6a05bf6
mock_70776137_G11B_027,MOCK-7077-G11B-027,"Brian Nyambura Achieng","Grade 11 B",Male,"UTAWALA HIGH SCHOOL",70776137-62ee-4e83-98a8-6ff5d6a05bf6
mock_70776137_G11B_028,MOCK-7077-G11B-028,"Sharon Chepkemoi Adhiambo","Grade 11 B",Female,"UTAWALA HIGH SCHOOL",70776137-62ee-4e83-98a8-6ff5d6a05bf6
mock_70776137_G11B_029,MOCK-7077-G11B-029,"Daniel Karanja Njeri","Grade 11 B",Male,"UTAWALA HIGH SCHOOL",70776137-62ee-4e83-98a8-6ff5d6a05bf6
mock_70776137_G11B_030,MOCK-7077-G11B-030,"Nancy Njoroge Ochieng","Grade 11 B",Female,"UTAWALA HIGH SCHOOL",70776137-62ee-4e83-98a8-6ff5d6a05bf6
mock_70776137_G11B_031,MOCK-7077-G11B-031,"Beatrice Gitau Mutua","Grade 11 B",Female,"UTAWALA HIGH SCHOOL",70776137-62ee-4e83-98a8-6ff5d6a05bf6
mock_70776137_G11B_032,MOCK-7077-G11B-032,"Peter Mbugua Achieng","Grade 11 B",Male,"UTAWALA HIGH SCHOOL",70776137-62ee-4e83-98a8-6ff5d6a05bf6
mock_70776137_G11B_033,MOCK-7077-G11B-033,"Eric Barasa Mbugua","Grade 11 B",Male,"UTAWALA HIGH SCHOOL",70776137-62ee-4e83-98a8-6ff5d6a05bf6
mock_70776137_G11B_034,MOCK-7077-G11B-034,"Doreen Kipchoge Korir","Grade 11 B",Female,"UTAWALA HIGH SCHOOL",70776137-62ee-4e83-98a8-6ff5d6a05bf6
mock_70776137_G11B_035,MOCK-7077-G11B-035,"Daniel Atieno Wafula","Grade 11 B",Male,"UTAWALA HIGH SCHOOL",70776137-62ee-4e83-98a8-6ff5d6a05bf6
mock_70776137_G11B_036,MOCK-7077-G11B-036,"Lucy Chepkemoi Mwangi","Grade 11 B",Female,"UTAWALA HIGH SCHOOL",70776137-62ee-4e83-98a8-6ff5d6a05bf6
mock_70776137_G11B_037,MOCK-7077-G11B-037,"Caroline Mutua Mwangi","Grade 11 B",Female,"UTAWALA HIGH SCHOOL",70776137-62ee-4e83-98a8-6ff5d6a05bf6
mock_70776137_G11B_038,MOCK-7077-G11B-038,"Linet Wafula Odhiambo","Grade 11 B",Female,"UTAWALA HIGH SCHOOL",70776137-62ee-4e83-98a8-6ff5d6a05bf6
mock_70776137_G11B_039,MOCK-7077-G11B-039,"Lydia Mbugua Nyambura","Grade 11 B",Female,"UTAWALA HIGH SCHOOL",70776137-62ee-4e83-98a8-6ff5d6a05bf6
mock_70776137_G11B_040,MOCK-7077-G11B-040,"Michael Were Nyambura","Grade 11 B",Male,"UTAWALA HIGH SCHOOL",70776137-62ee-4e83-98a8-6ff5d6a05bf6
mock_70776137_G11B_041,MOCK-7077-G11B-041,"Diana Mwangi Were","Grade 11 B",Female,"UTAWALA HIGH SCHOOL",70776137-62ee-4e83-98a8-6ff5d6a05bf6
mock_70776137_G11B_042,MOCK-7077-G11B-042,"Caroline Wanjiru Auma","Grade 11 B",Female,"UTAWALA HIGH SCHOOL",70776137-62ee-4e83-98a8-6ff5d6a05bf6
mock_70776137_G11B_043,MOCK-7077-G11B-043,"Nicholas Owino Gitau","Grade 11 B",Male,"UTAWALA HIGH SCHOOL",70776137-62ee-4e83-98a8-6ff5d6a05bf6
mock_70776137_G11B_044,MOCK-7077-G11B-044,"Gideon Otieno Wambui","Grade 11 B",Male,"UTAWALA HIGH SCHOOL",70776137-62ee-4e83-98a8-6ff5d6a05bf6
mock_70776137_G11B_045,MOCK-7077-G11B-045,"Eunice Karanja Mwangi","Grade 11 B",Female,"UTAWALA HIGH SCHOOL",70776137-62ee-4e83-98a8-6ff5d6a05bf6
mock_70776137_G11B_046,MOCK-7077-G11B-046,"Cynthia Kibet Auma","Grade 11 B",Female,"UTAWALA HIGH SCHOOL",70776137-62ee-4e83-98a8-6ff5d6a05bf6
mock_70776137_G11B_047,MOCK-7077-G11B-047,"Collins Chebet Ochieng","Grade 11 B",Male,"UTAWALA HIGH SCHOOL",70776137-62ee-4e83-98a8-6ff5d6a05bf6
mock_70776137_G11B_048,MOCK-7077-G11B-048,"Nancy Rotich Cheruiyot","Grade 11 B",Female,"UTAWALA HIGH SCHOOL",70776137-62ee-4e83-98a8-6ff5d6a05bf6
mock_70776137_G11B_049,MOCK-7077-G11B-049,"Nancy Nyokabi Mwangi","Grade 11 B",Female,"UTAWALA HIGH SCHOOL",70776137-62ee-4e83-98a8-6ff5d6a05bf6
mock_70776137_G11B_050,MOCK-7077-G11B-050,"Lucy Ochieng Atieno","Grade 11 B",Female,"UTAWALA HIGH SCHOOL",70776137-62ee-4e83-98a8-6ff5d6a05bf6
mock_70776137_G11B_051,MOCK-7077-G11B-051,"Anthony Cheruiyot Nyokabi","Grade 11 B",Male,"UTAWALA HIGH SCHOOL",70776137-62ee-4e83-98a8-6ff5d6a05bf6
mock_70776137_G11B_052,MOCK-7077-G11B-052,"Caroline Wairimu Wanjiru","Grade 11 B",Female,"UTAWALA HIGH SCHOOL",70776137-62ee-4e83-98a8-6ff5d6a05bf6
mock_70776137_G11B_053,MOCK-7077-G11B-053,"Brian Kibet Rotich","Grade 11 B",Male,"UTAWALA HIGH SCHOOL",70776137-62ee-4e83-98a8-6ff5d6a05bf6
mock_70776137_G11B_054,MOCK-7077-G11B-054,"Eunice Nyambura Kibet","Grade 11 B",Female,"UTAWALA HIGH SCHOOL",70776137-62ee-4e83-98a8-6ff5d6a05bf6
mock_70776137_G11B_055,MOCK-7077-G11B-055,"Mary Maina Wanjiru","Grade 11 B",Female,"UTAWALA HIGH SCHOOL",70776137-62ee-4e83-98a8-6ff5d6a05bf6
mock_70776137_G11B_056,MOCK-7077-G11B-056,"Kevin Barasa Otieno","Grade 11 B",Male,"UTAWALA HIGH SCHOOL",70776137-62ee-4e83-98a8-6ff5d6a05bf6
mock_70776137_G11B_057,MOCK-7077-G11B-057,"Diana Mwangi Kiplagat","Grade 11 B",Female,"UTAWALA HIGH SCHOOL",70776137-62ee-4e83-98a8-6ff5d6a05bf6
mock_70776137_G11B_058,MOCK-7077-G11B-058,"Brenda Maina Adhiambo","Grade 11 B",Female,"UTAWALA HIGH SCHOOL",70776137-62ee-4e83-98a8-6ff5d6a05bf6
mock_70776137_G11B_059,MOCK-7077-G11B-059,"Anthony Kibet Owino","Grade 11 B",Male,"UTAWALA HIGH SCHOOL",70776137-62ee-4e83-98a8-6ff5d6a05bf6
mock_70776137_G11B_060,MOCK-7077-G11B-060,"Joy Ochieng Wafula","Grade 11 B",Female,"UTAWALA HIGH SCHOOL",70776137-62ee-4e83-98a8-6ff5d6a05bf6
mock_70776137_G12A_001,MOCK-7077-G12A-001,"Collins Kipchoge Atieno","Grade 12 A",Male,"UTAWALA HIGH SCHOOL",70776137-62ee-4e83-98a8-6ff5d6a05bf6
mock_70776137_G12A_002,MOCK-7077-G12A-002,"Pauline Mwangi Ochieng","Grade 12 A",Female,"UTAWALA HIGH SCHOOL",70776137-62ee-4e83-98a8-6ff5d6a05bf6
mock_70776137_G12A_003,MOCK-7077-G12A-003,"Duncan Kiplagat Atieno","Grade 12 A",Male,"UTAWALA HIGH SCHOOL",70776137-62ee-4e83-98a8-6ff5d6a05bf6
mock_70776137_G12A_004,MOCK-7077-G12A-004,"Collins Omondi Otieno","Grade 12 A",Male,"UTAWALA HIGH SCHOOL",70776137-62ee-4e83-98a8-6ff5d6a05bf6
mock_70776137_G12A_005,MOCK-7077-G12A-005,"Joy Nyambura Wanjiru","Grade 12 A",Female,"UTAWALA HIGH SCHOOL",70776137-62ee-4e83-98a8-6ff5d6a05bf6
mock_70776137_G12A_006,MOCK-7077-G12A-006,"Mercy Njeri Njeri","Grade 12 A",Female,"UTAWALA HIGH SCHOOL",70776137-62ee-4e83-98a8-6ff5d6a05bf6
mock_70776137_G12A_007,MOCK-7077-G12A-007,"Nicholas Achieng Achieng","Grade 12 A",Male,"UTAWALA HIGH SCHOOL",70776137-62ee-4e83-98a8-6ff5d6a05bf6
mock_70776137_G12A_008,MOCK-7077-G12A-008,"Cornelius Were Were","Grade 12 A",Male,"UTAWALA HIGH SCHOOL",70776137-62ee-4e83-98a8-6ff5d6a05bf6
mock_70776137_G12A_009,MOCK-7077-G12A-009,"Nancy Mutua Karanja","Grade 12 A",Female,"UTAWALA HIGH SCHOOL",70776137-62ee-4e83-98a8-6ff5d6a05bf6
mock_70776137_G12A_010,MOCK-7077-G12A-010,"Anthony Simiyu Mutiso","Grade 12 A",Male,"UTAWALA HIGH SCHOOL",70776137-62ee-4e83-98a8-6ff5d6a05bf6
mock_70776137_G12A_011,MOCK-7077-G12A-011,"Sharon Otieno Odhiambo","Grade 12 A",Female,"UTAWALA HIGH SCHOOL",70776137-62ee-4e83-98a8-6ff5d6a05bf6
mock_70776137_G12A_012,MOCK-7077-G12A-012,"Brian Chebet Onyango","Grade 12 A",Male,"UTAWALA HIGH SCHOOL",70776137-62ee-4e83-98a8-6ff5d6a05bf6
mock_70776137_G12A_013,MOCK-7077-G12A-013,"Faith Mbugua Owino","Grade 12 A",Female,"UTAWALA HIGH SCHOOL",70776137-62ee-4e83-98a8-6ff5d6a05bf6
mock_70776137_G12A_014,MOCK-7077-G12A-014,"Beatrice Chebet Were","Grade 12 A",Female,"UTAWALA HIGH SCHOOL",70776137-62ee-4e83-98a8-6ff5d6a05bf6
mock_70776137_G12A_015,MOCK-7077-G12A-015,"Purity Nyokabi Kariuki","Grade 12 A",Female,"UTAWALA HIGH SCHOOL",70776137-62ee-4e83-98a8-6ff5d6a05bf6
mock_70776137_G12A_016,MOCK-7077-G12A-016,"Maureen Wafula Mbugua","Grade 12 A",Female,"UTAWALA HIGH SCHOOL",70776137-62ee-4e83-98a8-6ff5d6a05bf6
mock_70776137_G12A_017,MOCK-7077-G12A-017,"Allan Mbugua Chepkemoi","Grade 12 A",Male,"UTAWALA HIGH SCHOOL",70776137-62ee-4e83-98a8-6ff5d6a05bf6
mock_70776137_G12A_018,MOCK-7077-G12A-018,"Caroline Wafula Wairimu","Grade 12 A",Female,"UTAWALA HIGH SCHOOL",70776137-62ee-4e83-98a8-6ff5d6a05bf6
mock_70776137_G12A_019,MOCK-7077-G12A-019,"Mercy Simiyu Kiplagat","Grade 12 A",Female,"UTAWALA HIGH SCHOOL",70776137-62ee-4e83-98a8-6ff5d6a05bf6
mock_70776137_G12A_020,MOCK-7077-G12A-020,"Cornelius Kiplagat Kariuki","Grade 12 A",Male,"UTAWALA HIGH SCHOOL",70776137-62ee-4e83-98a8-6ff5d6a05bf6
mock_70776137_G12A_021,MOCK-7077-G12A-021,"Samuel Nyambura Atieno","Grade 12 A",Male,"UTAWALA HIGH SCHOOL",70776137-62ee-4e83-98a8-6ff5d6a05bf6
mock_70776137_G12A_022,MOCK-7077-G12A-022,"Beatrice Chebet Atieno","Grade 12 A",Female,"UTAWALA HIGH SCHOOL",70776137-62ee-4e83-98a8-6ff5d6a05bf6
mock_70776137_G12A_023,MOCK-7077-G12A-023,"Duncan Mwangi Achieng","Grade 12 A",Male,"UTAWALA HIGH SCHOOL",70776137-62ee-4e83-98a8-6ff5d6a05bf6
mock_70776137_G12A_024,MOCK-7077-G12A-024,"Brian Nyambura Adhiambo","Grade 12 A",Male,"UTAWALA HIGH SCHOOL",70776137-62ee-4e83-98a8-6ff5d6a05bf6
mock_70776137_G12A_025,MOCK-7077-G12A-025,"Daniel Were Mwangi","Grade 12 A",Male,"UTAWALA HIGH SCHOOL",70776137-62ee-4e83-98a8-6ff5d6a05bf6
mock_70776137_G12A_026,MOCK-7077-G12A-026,"Ann Omondi Mwangi","Grade 12 A",Female,"UTAWALA HIGH SCHOOL",70776137-62ee-4e83-98a8-6ff5d6a05bf6
mock_70776137_G12A_027,MOCK-7077-G12A-027,"Dennis Simiyu Otieno","Grade 12 A",Male,"UTAWALA HIGH SCHOOL",70776137-62ee-4e83-98a8-6ff5d6a05bf6
mock_70776137_G12A_028,MOCK-7077-G12A-028,"George Barasa Atieno","Grade 12 A",Male,"UTAWALA HIGH SCHOOL",70776137-62ee-4e83-98a8-6ff5d6a05bf6
mock_70776137_G12A_029,MOCK-7077-G12A-029,"Cornelius Maina Rotich","Grade 12 A",Male,"UTAWALA HIGH SCHOOL",70776137-62ee-4e83-98a8-6ff5d6a05bf6
mock_70776137_G12A_030,MOCK-7077-G12A-030,"Vincent Ochieng Mwangi","Grade 12 A",Male,"UTAWALA HIGH SCHOOL",70776137-62ee-4e83-98a8-6ff5d6a05bf6
mock_70776137_G12A_031,MOCK-7077-G12A-031,"Valentine Adhiambo Achieng","Grade 12 A",Female,"UTAWALA HIGH SCHOOL",70776137-62ee-4e83-98a8-6ff5d6a05bf6
mock_70776137_G12A_032,MOCK-7077-G12A-032,"Stella Nyokabi Adhiambo","Grade 12 A",Female,"UTAWALA HIGH SCHOOL",70776137-62ee-4e83-98a8-6ff5d6a05bf6
mock_70776137_G12A_033,MOCK-7077-G12A-033,"Purity Rotich Kamau","Grade 12 A",Female,"UTAWALA HIGH SCHOOL",70776137-62ee-4e83-98a8-6ff5d6a05bf6
mock_70776137_G12A_034,MOCK-7077-G12A-034,"George Atieno Nyokabi","Grade 12 A",Male,"UTAWALA HIGH SCHOOL",70776137-62ee-4e83-98a8-6ff5d6a05bf6
mock_70776137_G12A_035,MOCK-7077-G12A-035,"Lydia Barasa Kariuki","Grade 12 A",Female,"UTAWALA HIGH SCHOOL",70776137-62ee-4e83-98a8-6ff5d6a05bf6
mock_70776137_G12A_036,MOCK-7077-G12A-036,"Lucy Njoroge Kiplagat","Grade 12 A",Female,"UTAWALA HIGH SCHOOL",70776137-62ee-4e83-98a8-6ff5d6a05bf6
mock_70776137_G12A_037,MOCK-7077-G12A-037,"Emmanuel Wairimu Wanjiru","Grade 12 A",Male,"UTAWALA HIGH SCHOOL",70776137-62ee-4e83-98a8-6ff5d6a05bf6
mock_70776137_G12A_038,MOCK-7077-G12A-038,"Emmanuel Mbugua Kamau","Grade 12 A",Male,"UTAWALA HIGH SCHOOL",70776137-62ee-4e83-98a8-6ff5d6a05bf6
mock_70776137_G12A_039,MOCK-7077-G12A-039,"Samuel Mutiso Kibet","Grade 12 A",Male,"UTAWALA HIGH SCHOOL",70776137-62ee-4e83-98a8-6ff5d6a05bf6
mock_70776137_G12A_040,MOCK-7077-G12A-040,"Cornelius Onyango Barasa","Grade 12 A",Male,"UTAWALA HIGH SCHOOL",70776137-62ee-4e83-98a8-6ff5d6a05bf6
mock_70776137_G12A_041,MOCK-7077-G12A-041,"Joy Njoroge Owino","Grade 12 A",Female,"UTAWALA HIGH SCHOOL",70776137-62ee-4e83-98a8-6ff5d6a05bf6
mock_70776137_G12A_042,MOCK-7077-G12A-042,"Doreen Rotich Kamau","Grade 12 A",Female,"UTAWALA HIGH SCHOOL",70776137-62ee-4e83-98a8-6ff5d6a05bf6
mock_70776137_G12A_043,MOCK-7077-G12A-043,"Rose Achieng Gitau","Grade 12 A",Female,"UTAWALA HIGH SCHOOL",70776137-62ee-4e83-98a8-6ff5d6a05bf6
mock_70776137_G12A_044,MOCK-7077-G12A-044,"Emmanuel Achieng Mwangi","Grade 12 A",Male,"UTAWALA HIGH SCHOOL",70776137-62ee-4e83-98a8-6ff5d6a05bf6
mock_70776137_G12A_045,MOCK-7077-G12A-045,"Linet Gitau Mwangi","Grade 12 A",Female,"UTAWALA HIGH SCHOOL",70776137-62ee-4e83-98a8-6ff5d6a05bf6
mock_70776137_G12A_046,MOCK-7077-G12A-046,"Lucy Nyambura Barasa","Grade 12 A",Female,"UTAWALA HIGH SCHOOL",70776137-62ee-4e83-98a8-6ff5d6a05bf6
mock_70776137_G12A_047,MOCK-7077-G12A-047,"Vincent Auma Korir","Grade 12 A",Male,"UTAWALA HIGH SCHOOL",70776137-62ee-4e83-98a8-6ff5d6a05bf6
mock_70776137_G12A_048,MOCK-7077-G12A-048,"Daniel Mbugua Cheruiyot","Grade 12 A",Male,"UTAWALA HIGH SCHOOL",70776137-62ee-4e83-98a8-6ff5d6a05bf6
mock_70776137_G12A_049,MOCK-7077-G12A-049,"Rose Barasa Simiyu","Grade 12 A",Female,"UTAWALA HIGH SCHOOL",70776137-62ee-4e83-98a8-6ff5d6a05bf6
mock_70776137_G12A_050,MOCK-7077-G12A-050,"Vincent Wanjiru Otieno","Grade 12 A",Male,"UTAWALA HIGH SCHOOL",70776137-62ee-4e83-98a8-6ff5d6a05bf6
mock_70776137_G12A_051,MOCK-7077-G12A-051,"Victor Achieng Simiyu","Grade 12 A",Male,"UTAWALA HIGH SCHOOL",70776137-62ee-4e83-98a8-6ff5d6a05bf6
mock_70776137_G12A_052,MOCK-7077-G12A-052,"Anthony Odhiambo Ochieng","Grade 12 A",Male,"UTAWALA HIGH SCHOOL",70776137-62ee-4e83-98a8-6ff5d6a05bf6
mock_70776137_G12A_053,MOCK-7077-G12A-053,"Mitchelle Juma Kibet","Grade 12 A",Female,"UTAWALA HIGH SCHOOL",70776137-62ee-4e83-98a8-6ff5d6a05bf6
mock_70776137_G12A_054,MOCK-7077-G12A-054,"Peter Rotich Korir","Grade 12 A",Male,"UTAWALA HIGH SCHOOL",70776137-62ee-4e83-98a8-6ff5d6a05bf6
mock_70776137_G12A_055,MOCK-7077-G12A-055,"Sylvia Odhiambo Simiyu","Grade 12 A",Female,"UTAWALA HIGH SCHOOL",70776137-62ee-4e83-98a8-6ff5d6a05bf6
mock_70776137_G12A_056,MOCK-7077-G12A-056,"Diana Kipchoge Auma","Grade 12 A",Female,"UTAWALA HIGH SCHOOL",70776137-62ee-4e83-98a8-6ff5d6a05bf6
mock_70776137_G12A_057,MOCK-7077-G12A-057,"Grace Owino Rotich","Grade 12 A",Female,"UTAWALA HIGH SCHOOL",70776137-62ee-4e83-98a8-6ff5d6a05bf6
mock_70776137_G12A_058,MOCK-7077-G12A-058,"Collins Maina Mutiso","Grade 12 A",Male,"UTAWALA HIGH SCHOOL",70776137-62ee-4e83-98a8-6ff5d6a05bf6
mock_70776137_G12A_059,MOCK-7077-G12A-059,"Maureen Wairimu Were","Grade 12 A",Female,"UTAWALA HIGH SCHOOL",70776137-62ee-4e83-98a8-6ff5d6a05bf6
mock_70776137_G12A_060,MOCK-7077-G12A-060,"Peter Nyambura Ochieng","Grade 12 A",Male,"UTAWALA HIGH SCHOOL",70776137-62ee-4e83-98a8-6ff5d6a05bf6
mock_70776137_G12B_001,MOCK-7077-G12B-001,"Valentine Rotich Onyango","Grade 12 B",Female,"UTAWALA HIGH SCHOOL",70776137-62ee-4e83-98a8-6ff5d6a05bf6
mock_70776137_G12B_002,MOCK-7077-G12B-002,"Valentine Nyokabi Njeri","Grade 12 B",Female,"UTAWALA HIGH SCHOOL",70776137-62ee-4e83-98a8-6ff5d6a05bf6
mock_70776137_G12B_003,MOCK-7077-G12B-003,"Joy Karanja Kamau","Grade 12 B",Female,"UTAWALA HIGH SCHOOL",70776137-62ee-4e83-98a8-6ff5d6a05bf6
mock_70776137_G12B_004,MOCK-7077-G12B-004,"Kelvin Omondi Chebet","Grade 12 B",Male,"UTAWALA HIGH SCHOOL",70776137-62ee-4e83-98a8-6ff5d6a05bf6
mock_70776137_G12B_005,MOCK-7077-G12B-005,"Duncan Rotich Mutiso","Grade 12 B",Male,"UTAWALA HIGH SCHOOL",70776137-62ee-4e83-98a8-6ff5d6a05bf6
mock_70776137_G12B_006,MOCK-7077-G12B-006,"Linet Gitau Chepkemoi","Grade 12 B",Female,"UTAWALA HIGH SCHOOL",70776137-62ee-4e83-98a8-6ff5d6a05bf6
mock_70776137_G12B_007,MOCK-7077-G12B-007,"Caroline Kibet Njoroge","Grade 12 B",Female,"UTAWALA HIGH SCHOOL",70776137-62ee-4e83-98a8-6ff5d6a05bf6
mock_70776137_G12B_008,MOCK-7077-G12B-008,"Pauline Wafula Wambui","Grade 12 B",Female,"UTAWALA HIGH SCHOOL",70776137-62ee-4e83-98a8-6ff5d6a05bf6
mock_70776137_G12B_009,MOCK-7077-G12B-009,"Stella Juma Achieng","Grade 12 B",Female,"UTAWALA HIGH SCHOOL",70776137-62ee-4e83-98a8-6ff5d6a05bf6
mock_70776137_G12B_010,MOCK-7077-G12B-010,"Christine Odhiambo Kibet","Grade 12 B",Female,"UTAWALA HIGH SCHOOL",70776137-62ee-4e83-98a8-6ff5d6a05bf6
mock_70776137_G12B_011,MOCK-7077-G12B-011,"Linet Kamau Mwangi","Grade 12 B",Female,"UTAWALA HIGH SCHOOL",70776137-62ee-4e83-98a8-6ff5d6a05bf6
mock_70776137_G12B_012,MOCK-7077-G12B-012,"Rose Wanjiru Ochieng","Grade 12 B",Female,"UTAWALA HIGH SCHOOL",70776137-62ee-4e83-98a8-6ff5d6a05bf6
mock_70776137_G12B_013,MOCK-7077-G12B-013,"Cornelius Wafula Mutua","Grade 12 B",Male,"UTAWALA HIGH SCHOOL",70776137-62ee-4e83-98a8-6ff5d6a05bf6
mock_70776137_G12B_014,MOCK-7077-G12B-014,"Samuel Gitau Atieno","Grade 12 B",Male,"UTAWALA HIGH SCHOOL",70776137-62ee-4e83-98a8-6ff5d6a05bf6
mock_70776137_G12B_015,MOCK-7077-G12B-015,"Rose Kamau Mwangi","Grade 12 B",Female,"UTAWALA HIGH SCHOOL",70776137-62ee-4e83-98a8-6ff5d6a05bf6
mock_70776137_G12B_016,MOCK-7077-G12B-016,"Christine Akinyi Auma","Grade 12 B",Female,"UTAWALA HIGH SCHOOL",70776137-62ee-4e83-98a8-6ff5d6a05bf6
mock_70776137_G12B_017,MOCK-7077-G12B-017,"Nicholas Kiplagat Kiplagat","Grade 12 B",Male,"UTAWALA HIGH SCHOOL",70776137-62ee-4e83-98a8-6ff5d6a05bf6
mock_70776137_G12B_018,MOCK-7077-G12B-018,"Collins Chebet Gitau","Grade 12 B",Male,"UTAWALA HIGH SCHOOL",70776137-62ee-4e83-98a8-6ff5d6a05bf6
mock_70776137_G12B_019,MOCK-7077-G12B-019,"Purity Karanja Omondi","Grade 12 B",Female,"UTAWALA HIGH SCHOOL",70776137-62ee-4e83-98a8-6ff5d6a05bf6
mock_70776137_G12B_020,MOCK-7077-G12B-020,"Maureen Nyambura Achieng","Grade 12 B",Female,"UTAWALA HIGH SCHOOL",70776137-62ee-4e83-98a8-6ff5d6a05bf6
mock_70776137_G12B_021,MOCK-7077-G12B-021,"Mary Mbugua Karanja","Grade 12 B",Female,"UTAWALA HIGH SCHOOL",70776137-62ee-4e83-98a8-6ff5d6a05bf6
mock_70776137_G12B_022,MOCK-7077-G12B-022,"Grace Wafula Kariuki","Grade 12 B",Female,"UTAWALA HIGH SCHOOL",70776137-62ee-4e83-98a8-6ff5d6a05bf6
mock_70776137_G12B_023,MOCK-7077-G12B-023,"Lydia Korir Nyokabi","Grade 12 B",Female,"UTAWALA HIGH SCHOOL",70776137-62ee-4e83-98a8-6ff5d6a05bf6
mock_70776137_G12B_024,MOCK-7077-G12B-024,"Nancy Njoroge Korir","Grade 12 B",Female,"UTAWALA HIGH SCHOOL",70776137-62ee-4e83-98a8-6ff5d6a05bf6
mock_70776137_G12B_025,MOCK-7077-G12B-025,"Duncan Kipchoge Onyango","Grade 12 B",Male,"UTAWALA HIGH SCHOOL",70776137-62ee-4e83-98a8-6ff5d6a05bf6
mock_70776137_G12B_026,MOCK-7077-G12B-026,"Duncan Kipchoge Barasa","Grade 12 B",Male,"UTAWALA HIGH SCHOOL",70776137-62ee-4e83-98a8-6ff5d6a05bf6
mock_70776137_G12B_027,MOCK-7077-G12B-027,"Mary Achieng Nyokabi","Grade 12 B",Female,"UTAWALA HIGH SCHOOL",70776137-62ee-4e83-98a8-6ff5d6a05bf6
mock_70776137_G12B_028,MOCK-7077-G12B-028,"Diana Akinyi Ochieng","Grade 12 B",Female,"UTAWALA HIGH SCHOOL",70776137-62ee-4e83-98a8-6ff5d6a05bf6
mock_70776137_G12B_029,MOCK-7077-G12B-029,"Elvis Odhiambo Nyambura","Grade 12 B",Male,"UTAWALA HIGH SCHOOL",70776137-62ee-4e83-98a8-6ff5d6a05bf6
mock_70776137_G12B_030,MOCK-7077-G12B-030,"Victor Ochieng Barasa","Grade 12 B",Male,"UTAWALA HIGH SCHOOL",70776137-62ee-4e83-98a8-6ff5d6a05bf6
mock_70776137_G12B_031,MOCK-7077-G12B-031,"Cynthia Auma Barasa","Grade 12 B",Female,"UTAWALA HIGH SCHOOL",70776137-62ee-4e83-98a8-6ff5d6a05bf6
mock_70776137_G12B_032,MOCK-7077-G12B-032,"Collins Mwangi Kamau","Grade 12 B",Male,"UTAWALA HIGH SCHOOL",70776137-62ee-4e83-98a8-6ff5d6a05bf6
mock_70776137_G12B_033,MOCK-7077-G12B-033,"Linet Wafula Juma","Grade 12 B",Female,"UTAWALA HIGH SCHOOL",70776137-62ee-4e83-98a8-6ff5d6a05bf6
mock_70776137_G12B_034,MOCK-7077-G12B-034,"Christine Rotich Were","Grade 12 B",Female,"UTAWALA HIGH SCHOOL",70776137-62ee-4e83-98a8-6ff5d6a05bf6
mock_70776137_G12B_035,MOCK-7077-G12B-035,"Ann Simiyu Wairimu","Grade 12 B",Female,"UTAWALA HIGH SCHOOL",70776137-62ee-4e83-98a8-6ff5d6a05bf6
mock_70776137_G12B_036,MOCK-7077-G12B-036,"Charles Kiplagat Cheruiyot","Grade 12 B",Male,"UTAWALA HIGH SCHOOL",70776137-62ee-4e83-98a8-6ff5d6a05bf6
mock_70776137_G12B_037,MOCK-7077-G12B-037,"Sylvia Cheruiyot Kipchoge","Grade 12 B",Female,"UTAWALA HIGH SCHOOL",70776137-62ee-4e83-98a8-6ff5d6a05bf6
mock_70776137_G12B_038,MOCK-7077-G12B-038,"Joseph Atieno Wairimu","Grade 12 B",Male,"UTAWALA HIGH SCHOOL",70776137-62ee-4e83-98a8-6ff5d6a05bf6
mock_70776137_G12B_039,MOCK-7077-G12B-039,"Joy Mwangi Simiyu","Grade 12 B",Female,"UTAWALA HIGH SCHOOL",70776137-62ee-4e83-98a8-6ff5d6a05bf6
mock_70776137_G12B_040,MOCK-7077-G12B-040,"Cynthia Mwangi Achieng","Grade 12 B",Female,"UTAWALA HIGH SCHOOL",70776137-62ee-4e83-98a8-6ff5d6a05bf6
mock_70776137_G12B_041,MOCK-7077-G12B-041,"Victor Odhiambo Onyango","Grade 12 B",Male,"UTAWALA HIGH SCHOOL",70776137-62ee-4e83-98a8-6ff5d6a05bf6
mock_70776137_G12B_042,MOCK-7077-G12B-042,"Stella Omondi Auma","Grade 12 B",Female,"UTAWALA HIGH SCHOOL",70776137-62ee-4e83-98a8-6ff5d6a05bf6
mock_70776137_G12B_043,MOCK-7077-G12B-043,"Mary Gitau Nyokabi","Grade 12 B",Female,"UTAWALA HIGH SCHOOL",70776137-62ee-4e83-98a8-6ff5d6a05bf6
mock_70776137_G12B_044,MOCK-7077-G12B-044,"Maureen Njoroge Simiyu","Grade 12 B",Female,"UTAWALA HIGH SCHOOL",70776137-62ee-4e83-98a8-6ff5d6a05bf6
mock_70776137_G12B_045,MOCK-7077-G12B-045,"Faith Wambui Chepkemoi","Grade 12 B",Female,"UTAWALA HIGH SCHOOL",70776137-62ee-4e83-98a8-6ff5d6a05bf6
mock_70776137_G12B_046,MOCK-7077-G12B-046,"Stephen Kariuki Karanja","Grade 12 B",Male,"UTAWALA HIGH SCHOOL",70776137-62ee-4e83-98a8-6ff5d6a05bf6
mock_70776137_G12B_047,MOCK-7077-G12B-047,"Cornelius Mutua Chebet","Grade 12 B",Male,"UTAWALA HIGH SCHOOL",70776137-62ee-4e83-98a8-6ff5d6a05bf6
mock_70776137_G12B_048,MOCK-7077-G12B-048,"Kevin Rotich Kibet","Grade 12 B",Male,"UTAWALA HIGH SCHOOL",70776137-62ee-4e83-98a8-6ff5d6a05bf6
mock_70776137_G12B_049,MOCK-7077-G12B-049,"Cynthia Akinyi Adhiambo","Grade 12 B",Female,"UTAWALA HIGH SCHOOL",70776137-62ee-4e83-98a8-6ff5d6a05bf6
mock_70776137_G12B_050,MOCK-7077-G12B-050,"Doreen Kipchoge Owino","Grade 12 B",Female,"UTAWALA HIGH SCHOOL",70776137-62ee-4e83-98a8-6ff5d6a05bf6
mock_70776137_G12B_051,MOCK-7077-G12B-051,"Faith Maina Nyokabi","Grade 12 B",Female,"UTAWALA HIGH SCHOOL",70776137-62ee-4e83-98a8-6ff5d6a05bf6
mock_70776137_G12B_052,MOCK-7077-G12B-052,"Ian Njeri Kipchoge","Grade 12 B",Male,"UTAWALA HIGH SCHOOL",70776137-62ee-4e83-98a8-6ff5d6a05bf6
mock_70776137_G12B_053,MOCK-7077-G12B-053,"Dennis Nyambura Akinyi","Grade 12 B",Male,"UTAWALA HIGH SCHOOL",70776137-62ee-4e83-98a8-6ff5d6a05bf6
mock_70776137_G12B_054,MOCK-7077-G12B-054,"Stephen Simiyu Mwangi","Grade 12 B",Male,"UTAWALA HIGH SCHOOL",70776137-62ee-4e83-98a8-6ff5d6a05bf6
mock_70776137_G12B_055,MOCK-7077-G12B-055,"Sharon Karanja Wafula","Grade 12 B",Female,"UTAWALA HIGH SCHOOL",70776137-62ee-4e83-98a8-6ff5d6a05bf6
mock_70776137_G12B_056,MOCK-7077-G12B-056,"Allan Chepkemoi Simiyu","Grade 12 B",Male,"UTAWALA HIGH SCHOOL",70776137-62ee-4e83-98a8-6ff5d6a05bf6
mock_70776137_G12B_057,MOCK-7077-G12B-057,"Elvis Odhiambo Kipchoge","Grade 12 B",Male,"UTAWALA HIGH SCHOOL",70776137-62ee-4e83-98a8-6ff5d6a05bf6
mock_70776137_G12B_058,MOCK-7077-G12B-058,"Michael Adhiambo Cheruiyot","Grade 12 B",Male,"UTAWALA HIGH SCHOOL",70776137-62ee-4e83-98a8-6ff5d6a05bf6
mock_70776137_G12B_059,MOCK-7077-G12B-059,"Collins Njeri Nyambura","Grade 12 B",Male,"UTAWALA HIGH SCHOOL",70776137-62ee-4e83-98a8-6ff5d6a05bf6
mock_70776137_G12B_060,MOCK-7077-G12B-060,"Nicholas Chebet Barasa","Grade 12 B",Male,"UTAWALA HIGH SCHOOL",70776137-62ee-4e83-98a8-6ff5d6a05bf6
mock_546d9f60_G7A_001,MOCK-546D-G7A-001,"Kelvin Mutua Njoroge","Grade 7 A",Male,"UTAWALA HIGH SCHOOL",546d9f60-20b2-47ed-bd7d-3e787a57acf5
mock_546d9f60_G7A_002,MOCK-546D-G7A-002,"Sharon Njoroge Gitau","Grade 7 A",Female,"UTAWALA HIGH SCHOOL",546d9f60-20b2-47ed-bd7d-3e787a57acf5
mock_546d9f60_G7A_003,MOCK-546D-G7A-003,"Cornelius Akinyi Cheruiyot","Grade 7 A",Male,"UTAWALA HIGH SCHOOL",546d9f60-20b2-47ed-bd7d-3e787a57acf5
mock_546d9f60_G7A_004,MOCK-546D-G7A-004,"Mary Were Wanjiru","Grade 7 A",Female,"UTAWALA HIGH SCHOOL",546d9f60-20b2-47ed-bd7d-3e787a57acf5
mock_546d9f60_G7A_005,MOCK-546D-G7A-005,"Beatrice Achieng Kamau","Grade 7 A",Female,"UTAWALA HIGH SCHOOL",546d9f60-20b2-47ed-bd7d-3e787a57acf5
mock_546d9f60_G7A_006,MOCK-546D-G7A-006,"Mitchelle Mwangi Ochieng","Grade 7 A",Female,"UTAWALA HIGH SCHOOL",546d9f60-20b2-47ed-bd7d-3e787a57acf5
mock_546d9f60_G7A_007,MOCK-546D-G7A-007,"Nicholas Korir Onyango","Grade 7 A",Male,"UTAWALA HIGH SCHOOL",546d9f60-20b2-47ed-bd7d-3e787a57acf5
mock_546d9f60_G7A_008,MOCK-546D-G7A-008,"Beatrice Kipchoge Kibet","Grade 7 A",Female,"UTAWALA HIGH SCHOOL",546d9f60-20b2-47ed-bd7d-3e787a57acf5
mock_546d9f60_G7A_009,MOCK-546D-G7A-009,"Eunice Wanjiru Adhiambo","Grade 7 A",Female,"UTAWALA HIGH SCHOOL",546d9f60-20b2-47ed-bd7d-3e787a57acf5
mock_546d9f60_G7A_010,MOCK-546D-G7A-010,"Samuel Achieng Chepkemoi","Grade 7 A",Male,"UTAWALA HIGH SCHOOL",546d9f60-20b2-47ed-bd7d-3e787a57acf5
mock_546d9f60_G7A_011,MOCK-546D-G7A-011,"Daniel Maina Chebet","Grade 7 A",Male,"UTAWALA HIGH SCHOOL",546d9f60-20b2-47ed-bd7d-3e787a57acf5
mock_546d9f60_G7A_012,MOCK-546D-G7A-012,"Winnie Wanjiru Auma","Grade 7 A",Female,"UTAWALA HIGH SCHOOL",546d9f60-20b2-47ed-bd7d-3e787a57acf5
mock_546d9f60_G7A_013,MOCK-546D-G7A-013,"Brenda Kibet Were","Grade 7 A",Female,"UTAWALA HIGH SCHOOL",546d9f60-20b2-47ed-bd7d-3e787a57acf5
mock_546d9f60_G7A_014,MOCK-546D-G7A-014,"Nicholas Wairimu Chepkemoi","Grade 7 A",Male,"UTAWALA HIGH SCHOOL",546d9f60-20b2-47ed-bd7d-3e787a57acf5
mock_546d9f60_G7A_015,MOCK-546D-G7A-015,"Patrick Ochieng Mutua","Grade 7 A",Male,"UTAWALA HIGH SCHOOL",546d9f60-20b2-47ed-bd7d-3e787a57acf5
mock_546d9f60_G7A_016,MOCK-546D-G7A-016,"Michael Nyokabi Wambui","Grade 7 A",Male,"UTAWALA HIGH SCHOOL",546d9f60-20b2-47ed-bd7d-3e787a57acf5
mock_546d9f60_G7A_017,MOCK-546D-G7A-017,"Grace Rotich Wanjiru","Grade 7 A",Female,"UTAWALA HIGH SCHOOL",546d9f60-20b2-47ed-bd7d-3e787a57acf5
mock_546d9f60_G7A_018,MOCK-546D-G7A-018,"Stephen Atieno Gitau","Grade 7 A",Male,"UTAWALA HIGH SCHOOL",546d9f60-20b2-47ed-bd7d-3e787a57acf5
mock_546d9f60_G7A_019,MOCK-546D-G7A-019,"Esther Njeri Chepkemoi","Grade 7 A",Female,"UTAWALA HIGH SCHOOL",546d9f60-20b2-47ed-bd7d-3e787a57acf5
mock_546d9f60_G7A_020,MOCK-546D-G7A-020,"Joy Njoroge Nyambura","Grade 7 A",Female,"UTAWALA HIGH SCHOOL",546d9f60-20b2-47ed-bd7d-3e787a57acf5
mock_546d9f60_G7A_021,MOCK-546D-G7A-021,"Peter Otieno Kibet","Grade 7 A",Male,"UTAWALA HIGH SCHOOL",546d9f60-20b2-47ed-bd7d-3e787a57acf5
mock_546d9f60_G7A_022,MOCK-546D-G7A-022,"Joseph Barasa Akinyi","Grade 7 A",Male,"UTAWALA HIGH SCHOOL",546d9f60-20b2-47ed-bd7d-3e787a57acf5
mock_546d9f60_G7A_023,MOCK-546D-G7A-023,"Cornelius Juma Wambui","Grade 7 A",Male,"UTAWALA HIGH SCHOOL",546d9f60-20b2-47ed-bd7d-3e787a57acf5
mock_546d9f60_G7A_024,MOCK-546D-G7A-024,"Mary Maina Maina","Grade 7 A",Female,"UTAWALA HIGH SCHOOL",546d9f60-20b2-47ed-bd7d-3e787a57acf5
mock_546d9f60_G7A_025,MOCK-546D-G7A-025,"Nicholas Wairimu Ochieng","Grade 7 A",Male,"UTAWALA HIGH SCHOOL",546d9f60-20b2-47ed-bd7d-3e787a57acf5
mock_546d9f60_G7A_026,MOCK-546D-G7A-026,"Duncan Akinyi Otieno","Grade 7 A",Male,"UTAWALA HIGH SCHOOL",546d9f60-20b2-47ed-bd7d-3e787a57acf5
mock_546d9f60_G7A_027,MOCK-546D-G7A-027,"Gideon Otieno Wairimu","Grade 7 A",Male,"UTAWALA HIGH SCHOOL",546d9f60-20b2-47ed-bd7d-3e787a57acf5
mock_546d9f60_G7A_028,MOCK-546D-G7A-028,"Mitchelle Chebet Nyambura","Grade 7 A",Female,"UTAWALA HIGH SCHOOL",546d9f60-20b2-47ed-bd7d-3e787a57acf5
mock_546d9f60_G7A_029,MOCK-546D-G7A-029,"Doreen Ochieng Barasa","Grade 7 A",Female,"UTAWALA HIGH SCHOOL",546d9f60-20b2-47ed-bd7d-3e787a57acf5
mock_546d9f60_G7A_030,MOCK-546D-G7A-030,"Eunice Njeri Kariuki","Grade 7 A",Female,"UTAWALA HIGH SCHOOL",546d9f60-20b2-47ed-bd7d-3e787a57acf5
mock_546d9f60_G7A_031,MOCK-546D-G7A-031,"Peter Kiplagat Omondi","Grade 7 A",Male,"UTAWALA HIGH SCHOOL",546d9f60-20b2-47ed-bd7d-3e787a57acf5
mock_546d9f60_G7A_032,MOCK-546D-G7A-032,"Brenda Mutua Cheruiyot","Grade 7 A",Female,"UTAWALA HIGH SCHOOL",546d9f60-20b2-47ed-bd7d-3e787a57acf5
mock_546d9f60_G7A_033,MOCK-546D-G7A-033,"Elvis Juma Barasa","Grade 7 A",Male,"UTAWALA HIGH SCHOOL",546d9f60-20b2-47ed-bd7d-3e787a57acf5
mock_546d9f60_G7A_034,MOCK-546D-G7A-034,"Valentine Chebet Ochieng","Grade 7 A",Female,"UTAWALA HIGH SCHOOL",546d9f60-20b2-47ed-bd7d-3e787a57acf5
mock_546d9f60_G7A_035,MOCK-546D-G7A-035,"Grace Kibet Maina","Grade 7 A",Female,"UTAWALA HIGH SCHOOL",546d9f60-20b2-47ed-bd7d-3e787a57acf5
mock_546d9f60_G7A_036,MOCK-546D-G7A-036,"Mercy Rotich Njeri","Grade 7 A",Female,"UTAWALA HIGH SCHOOL",546d9f60-20b2-47ed-bd7d-3e787a57acf5
mock_546d9f60_G7A_037,MOCK-546D-G7A-037,"Christine Ochieng Achieng","Grade 7 A",Female,"UTAWALA HIGH SCHOOL",546d9f60-20b2-47ed-bd7d-3e787a57acf5
mock_546d9f60_G7A_038,MOCK-546D-G7A-038,"Brayan Cheruiyot Barasa","Grade 7 A",Male,"UTAWALA HIGH SCHOOL",546d9f60-20b2-47ed-bd7d-3e787a57acf5
mock_546d9f60_G7A_039,MOCK-546D-G7A-039,"Joy Njoroge Nyambura","Grade 7 A",Female,"UTAWALA HIGH SCHOOL",546d9f60-20b2-47ed-bd7d-3e787a57acf5
mock_546d9f60_G7A_040,MOCK-546D-G7A-040,"Winnie Adhiambo Njoroge","Grade 7 A",Female,"UTAWALA HIGH SCHOOL",546d9f60-20b2-47ed-bd7d-3e787a57acf5
mock_546d9f60_G7A_041,MOCK-546D-G7A-041,"George Nyambura Juma","Grade 7 A",Male,"UTAWALA HIGH SCHOOL",546d9f60-20b2-47ed-bd7d-3e787a57acf5
mock_546d9f60_G7A_042,MOCK-546D-G7A-042,"Emmanuel Wanjiru Owino","Grade 7 A",Male,"UTAWALA HIGH SCHOOL",546d9f60-20b2-47ed-bd7d-3e787a57acf5
mock_546d9f60_G7A_043,MOCK-546D-G7A-043,"Kelvin Cheruiyot Akinyi","Grade 7 A",Male,"UTAWALA HIGH SCHOOL",546d9f60-20b2-47ed-bd7d-3e787a57acf5
mock_546d9f60_G7A_044,MOCK-546D-G7A-044,"Mercy Wambui Chepkemoi","Grade 7 A",Female,"UTAWALA HIGH SCHOOL",546d9f60-20b2-47ed-bd7d-3e787a57acf5
mock_546d9f60_G7A_045,MOCK-546D-G7A-045,"Lucy Kariuki Omondi","Grade 7 A",Female,"UTAWALA HIGH SCHOOL",546d9f60-20b2-47ed-bd7d-3e787a57acf5
mock_546d9f60_G7A_046,MOCK-546D-G7A-046,"Vincent Owino Rotich","Grade 7 A",Male,"UTAWALA HIGH SCHOOL",546d9f60-20b2-47ed-bd7d-3e787a57acf5
mock_546d9f60_G7A_047,MOCK-546D-G7A-047,"Patrick Ochieng Wairimu","Grade 7 A",Male,"UTAWALA HIGH SCHOOL",546d9f60-20b2-47ed-bd7d-3e787a57acf5
mock_546d9f60_G7A_048,MOCK-546D-G7A-048,"Collins Adhiambo Ochieng","Grade 7 A",Male,"UTAWALA HIGH SCHOOL",546d9f60-20b2-47ed-bd7d-3e787a57acf5
mock_546d9f60_G7A_049,MOCK-546D-G7A-049,"Stella Wairimu Achieng","Grade 7 A",Female,"UTAWALA HIGH SCHOOL",546d9f60-20b2-47ed-bd7d-3e787a57acf5
mock_546d9f60_G7A_050,MOCK-546D-G7A-050,"Valentine Wambui Karanja","Grade 7 A",Female,"UTAWALA HIGH SCHOOL",546d9f60-20b2-47ed-bd7d-3e787a57acf5
mock_546d9f60_G7A_051,MOCK-546D-G7A-051,"Samuel Karanja Barasa","Grade 7 A",Male,"UTAWALA HIGH SCHOOL",546d9f60-20b2-47ed-bd7d-3e787a57acf5
mock_546d9f60_G7A_052,MOCK-546D-G7A-052,"Collins Cheruiyot Wafula","Grade 7 A",Male,"UTAWALA HIGH SCHOOL",546d9f60-20b2-47ed-bd7d-3e787a57acf5
mock_546d9f60_G7A_053,MOCK-546D-G7A-053,"Sylvia Wairimu Mwangi","Grade 7 A",Female,"UTAWALA HIGH SCHOOL",546d9f60-20b2-47ed-bd7d-3e787a57acf5
mock_546d9f60_G7A_054,MOCK-546D-G7A-054,"Dennis Mutua Auma","Grade 7 A",Male,"UTAWALA HIGH SCHOOL",546d9f60-20b2-47ed-bd7d-3e787a57acf5
mock_546d9f60_G7A_055,MOCK-546D-G7A-055,"Faith Wambui Gitau","Grade 7 A",Female,"UTAWALA HIGH SCHOOL",546d9f60-20b2-47ed-bd7d-3e787a57acf5
mock_546d9f60_G7A_056,MOCK-546D-G7A-056,"Brayan Maina Adhiambo","Grade 7 A",Male,"UTAWALA HIGH SCHOOL",546d9f60-20b2-47ed-bd7d-3e787a57acf5
mock_546d9f60_G7A_057,MOCK-546D-G7A-057,"Gideon Atieno Wairimu","Grade 7 A",Male,"UTAWALA HIGH SCHOOL",546d9f60-20b2-47ed-bd7d-3e787a57acf5
mock_546d9f60_G7A_058,MOCK-546D-G7A-058,"Linet Atieno Achieng","Grade 7 A",Female,"UTAWALA HIGH SCHOOL",546d9f60-20b2-47ed-bd7d-3e787a57acf5
mock_546d9f60_G7A_059,MOCK-546D-G7A-059,"Joy Kiplagat Njeri","Grade 7 A",Female,"UTAWALA HIGH SCHOOL",546d9f60-20b2-47ed-bd7d-3e787a57acf5
mock_546d9f60_G7A_060,MOCK-546D-G7A-060,"Brenda Juma Rotich","Grade 7 A",Female,"UTAWALA HIGH SCHOOL",546d9f60-20b2-47ed-bd7d-3e787a57acf5
mock_546d9f60_G7B_001,MOCK-546D-G7B-001,"Eric Wambui Chebet","Grade 7 B",Male,"UTAWALA HIGH SCHOOL",546d9f60-20b2-47ed-bd7d-3e787a57acf5
mock_546d9f60_G7B_002,MOCK-546D-G7B-002,"Joseph Nyokabi Wanjiru","Grade 7 B",Male,"UTAWALA HIGH SCHOOL",546d9f60-20b2-47ed-bd7d-3e787a57acf5
mock_546d9f60_G7B_003,MOCK-546D-G7B-003,"Charles Adhiambo Maina","Grade 7 B",Male,"UTAWALA HIGH SCHOOL",546d9f60-20b2-47ed-bd7d-3e787a57acf5
mock_546d9f60_G7B_004,MOCK-546D-G7B-004,"Victor Odhiambo Njeri","Grade 7 B",Male,"UTAWALA HIGH SCHOOL",546d9f60-20b2-47ed-bd7d-3e787a57acf5
mock_546d9f60_G7B_005,MOCK-546D-G7B-005,"Martin Akinyi Njoroge","Grade 7 B",Male,"UTAWALA HIGH SCHOOL",546d9f60-20b2-47ed-bd7d-3e787a57acf5
mock_546d9f60_G7B_006,MOCK-546D-G7B-006,"Grace Gitau Omondi","Grade 7 B",Female,"UTAWALA HIGH SCHOOL",546d9f60-20b2-47ed-bd7d-3e787a57acf5
mock_546d9f60_G7B_007,MOCK-546D-G7B-007,"Cornelius Akinyi Mutiso","Grade 7 B",Male,"UTAWALA HIGH SCHOOL",546d9f60-20b2-47ed-bd7d-3e787a57acf5
mock_546d9f60_G7B_008,MOCK-546D-G7B-008,"Mercy Mwangi Were","Grade 7 B",Female,"UTAWALA HIGH SCHOOL",546d9f60-20b2-47ed-bd7d-3e787a57acf5
mock_546d9f60_G7B_009,MOCK-546D-G7B-009,"Michael Kipchoge Chepkemoi","Grade 7 B",Male,"UTAWALA HIGH SCHOOL",546d9f60-20b2-47ed-bd7d-3e787a57acf5
mock_546d9f60_G7B_010,MOCK-546D-G7B-010,"Kelvin Ochieng Nyokabi","Grade 7 B",Male,"UTAWALA HIGH SCHOOL",546d9f60-20b2-47ed-bd7d-3e787a57acf5
mock_546d9f60_G7B_011,MOCK-546D-G7B-011,"Janet Auma Barasa","Grade 7 B",Female,"UTAWALA HIGH SCHOOL",546d9f60-20b2-47ed-bd7d-3e787a57acf5
mock_546d9f60_G7B_012,MOCK-546D-G7B-012,"Purity Chepkemoi Kamau","Grade 7 B",Female,"UTAWALA HIGH SCHOOL",546d9f60-20b2-47ed-bd7d-3e787a57acf5
mock_546d9f60_G7B_013,MOCK-546D-G7B-013,"Gideon Wanjiru Korir","Grade 7 B",Male,"UTAWALA HIGH SCHOOL",546d9f60-20b2-47ed-bd7d-3e787a57acf5
mock_546d9f60_G7B_014,MOCK-546D-G7B-014,"Kelvin Cheruiyot Rotich","Grade 7 B",Male,"UTAWALA HIGH SCHOOL",546d9f60-20b2-47ed-bd7d-3e787a57acf5
mock_546d9f60_G7B_015,MOCK-546D-G7B-015,"Valentine Nyokabi Onyango","Grade 7 B",Female,"UTAWALA HIGH SCHOOL",546d9f60-20b2-47ed-bd7d-3e787a57acf5
mock_546d9f60_G7B_016,MOCK-546D-G7B-016,"Stella Chebet Auma","Grade 7 B",Female,"UTAWALA HIGH SCHOOL",546d9f60-20b2-47ed-bd7d-3e787a57acf5
mock_546d9f60_G7B_017,MOCK-546D-G7B-017,"Eric Mutua Gitau","Grade 7 B",Male,"UTAWALA HIGH SCHOOL",546d9f60-20b2-47ed-bd7d-3e787a57acf5
mock_546d9f60_G7B_018,MOCK-546D-G7B-018,"Charles Njoroge Atieno","Grade 7 B",Male,"UTAWALA HIGH SCHOOL",546d9f60-20b2-47ed-bd7d-3e787a57acf5
mock_546d9f60_G7B_019,MOCK-546D-G7B-019,"Peter Juma Barasa","Grade 7 B",Male,"UTAWALA HIGH SCHOOL",546d9f60-20b2-47ed-bd7d-3e787a57acf5
mock_546d9f60_G7B_020,MOCK-546D-G7B-020,"Rose Otieno Korir","Grade 7 B",Female,"UTAWALA HIGH SCHOOL",546d9f60-20b2-47ed-bd7d-3e787a57acf5
mock_546d9f60_G7B_021,MOCK-546D-G7B-021,"Mercy Nyokabi Korir","Grade 7 B",Female,"UTAWALA HIGH SCHOOL",546d9f60-20b2-47ed-bd7d-3e787a57acf5
mock_546d9f60_G7B_022,MOCK-546D-G7B-022,"Gideon Juma Wairimu","Grade 7 B",Male,"UTAWALA HIGH SCHOOL",546d9f60-20b2-47ed-bd7d-3e787a57acf5
mock_546d9f60_G7B_023,MOCK-546D-G7B-023,"Martin Omondi Karanja","Grade 7 B",Male,"UTAWALA HIGH SCHOOL",546d9f60-20b2-47ed-bd7d-3e787a57acf5
mock_546d9f60_G7B_024,MOCK-546D-G7B-024,"Kelvin Kibet Chebet","Grade 7 B",Male,"UTAWALA HIGH SCHOOL",546d9f60-20b2-47ed-bd7d-3e787a57acf5
mock_546d9f60_G7B_025,MOCK-546D-G7B-025,"Doreen Atieno Chebet","Grade 7 B",Female,"UTAWALA HIGH SCHOOL",546d9f60-20b2-47ed-bd7d-3e787a57acf5
mock_546d9f60_G7B_026,MOCK-546D-G7B-026,"Esther Wanjiru Onyango","Grade 7 B",Female,"UTAWALA HIGH SCHOOL",546d9f60-20b2-47ed-bd7d-3e787a57acf5
mock_546d9f60_G7B_027,MOCK-546D-G7B-027,"Gideon Cheruiyot Wanjiru","Grade 7 B",Male,"UTAWALA HIGH SCHOOL",546d9f60-20b2-47ed-bd7d-3e787a57acf5
mock_546d9f60_G7B_028,MOCK-546D-G7B-028,"Ian Auma Adhiambo","Grade 7 B",Male,"UTAWALA HIGH SCHOOL",546d9f60-20b2-47ed-bd7d-3e787a57acf5
mock_546d9f60_G7B_029,MOCK-546D-G7B-029,"Martin Chebet Njeri","Grade 7 B",Male,"UTAWALA HIGH SCHOOL",546d9f60-20b2-47ed-bd7d-3e787a57acf5
mock_546d9f60_G7B_030,MOCK-546D-G7B-030,"Brian Mwangi Wanjiru","Grade 7 B",Male,"UTAWALA HIGH SCHOOL",546d9f60-20b2-47ed-bd7d-3e787a57acf5
mock_546d9f60_G7B_031,MOCK-546D-G7B-031,"Sylvia Mutua Nyokabi","Grade 7 B",Female,"UTAWALA HIGH SCHOOL",546d9f60-20b2-47ed-bd7d-3e787a57acf5
mock_546d9f60_G7B_032,MOCK-546D-G7B-032,"Stephen Juma Maina","Grade 7 B",Male,"UTAWALA HIGH SCHOOL",546d9f60-20b2-47ed-bd7d-3e787a57acf5
mock_546d9f60_G7B_033,MOCK-546D-G7B-033,"Emmanuel Kipchoge Mwangi","Grade 7 B",Male,"UTAWALA HIGH SCHOOL",546d9f60-20b2-47ed-bd7d-3e787a57acf5
mock_546d9f60_G7B_034,MOCK-546D-G7B-034,"Joseph Kiplagat Atieno","Grade 7 B",Male,"UTAWALA HIGH SCHOOL",546d9f60-20b2-47ed-bd7d-3e787a57acf5
mock_546d9f60_G7B_035,MOCK-546D-G7B-035,"Vincent Korir Maina","Grade 7 B",Male,"UTAWALA HIGH SCHOOL",546d9f60-20b2-47ed-bd7d-3e787a57acf5
mock_546d9f60_G7B_036,MOCK-546D-G7B-036,"Sylvia Nyambura Chepkemoi","Grade 7 B",Female,"UTAWALA HIGH SCHOOL",546d9f60-20b2-47ed-bd7d-3e787a57acf5
mock_546d9f60_G7B_037,MOCK-546D-G7B-037,"Ann Barasa Were","Grade 7 B",Female,"UTAWALA HIGH SCHOOL",546d9f60-20b2-47ed-bd7d-3e787a57acf5
mock_546d9f60_G7B_038,MOCK-546D-G7B-038,"Patrick Simiyu Njeri","Grade 7 B",Male,"UTAWALA HIGH SCHOOL",546d9f60-20b2-47ed-bd7d-3e787a57acf5
mock_546d9f60_G7B_039,MOCK-546D-G7B-039,"Nicholas Nyambura Ochieng","Grade 7 B",Male,"UTAWALA HIGH SCHOOL",546d9f60-20b2-47ed-bd7d-3e787a57acf5
mock_546d9f60_G7B_040,MOCK-546D-G7B-040,"Caroline Chepkemoi Cheruiyot","Grade 7 B",Female,"UTAWALA HIGH SCHOOL",546d9f60-20b2-47ed-bd7d-3e787a57acf5
mock_546d9f60_G7B_041,MOCK-546D-G7B-041,"Sharon Odhiambo Odhiambo","Grade 7 B",Female,"UTAWALA HIGH SCHOOL",546d9f60-20b2-47ed-bd7d-3e787a57acf5
mock_546d9f60_G7B_042,MOCK-546D-G7B-042,"Stella Nyambura Mwangi","Grade 7 B",Female,"UTAWALA HIGH SCHOOL",546d9f60-20b2-47ed-bd7d-3e787a57acf5
mock_546d9f60_G7B_043,MOCK-546D-G7B-043,"Samuel Kipchoge Korir","Grade 7 B",Male,"UTAWALA HIGH SCHOOL",546d9f60-20b2-47ed-bd7d-3e787a57acf5
mock_546d9f60_G7B_044,MOCK-546D-G7B-044,"Duncan Mbugua Otieno","Grade 7 B",Male,"UTAWALA HIGH SCHOOL",546d9f60-20b2-47ed-bd7d-3e787a57acf5
mock_546d9f60_G7B_045,MOCK-546D-G7B-045,"Kelvin Achieng Chepkemoi","Grade 7 B",Male,"UTAWALA HIGH SCHOOL",546d9f60-20b2-47ed-bd7d-3e787a57acf5
mock_546d9f60_G7B_046,MOCK-546D-G7B-046,"Kevin Mutiso Simiyu","Grade 7 B",Male,"UTAWALA HIGH SCHOOL",546d9f60-20b2-47ed-bd7d-3e787a57acf5
mock_546d9f60_G7B_047,MOCK-546D-G7B-047,"Joy Kipchoge Chepkemoi","Grade 7 B",Female,"UTAWALA HIGH SCHOOL",546d9f60-20b2-47ed-bd7d-3e787a57acf5
mock_546d9f60_G7B_048,MOCK-546D-G7B-048,"Collins Korir Owino","Grade 7 B",Male,"UTAWALA HIGH SCHOOL",546d9f60-20b2-47ed-bd7d-3e787a57acf5
mock_546d9f60_G7B_049,MOCK-546D-G7B-049,"Eric Wambui Rotich","Grade 7 B",Male,"UTAWALA HIGH SCHOOL",546d9f60-20b2-47ed-bd7d-3e787a57acf5
mock_546d9f60_G7B_050,MOCK-546D-G7B-050,"Daniel Were Adhiambo","Grade 7 B",Male,"UTAWALA HIGH SCHOOL",546d9f60-20b2-47ed-bd7d-3e787a57acf5
mock_546d9f60_G7B_051,MOCK-546D-G7B-051,"Brayan Omondi Otieno","Grade 7 B",Male,"UTAWALA HIGH SCHOOL",546d9f60-20b2-47ed-bd7d-3e787a57acf5
mock_546d9f60_G7B_052,MOCK-546D-G7B-052,"Esther Gitau Were","Grade 7 B",Female,"UTAWALA HIGH SCHOOL",546d9f60-20b2-47ed-bd7d-3e787a57acf5
mock_546d9f60_G7B_053,MOCK-546D-G7B-053,"Caroline Gitau Atieno","Grade 7 B",Female,"UTAWALA HIGH SCHOOL",546d9f60-20b2-47ed-bd7d-3e787a57acf5
mock_546d9f60_G7B_054,MOCK-546D-G7B-054,"Fredrick Cheruiyot Maina","Grade 7 B",Male,"UTAWALA HIGH SCHOOL",546d9f60-20b2-47ed-bd7d-3e787a57acf5
mock_546d9f60_G7B_055,MOCK-546D-G7B-055,"Nancy Barasa Juma","Grade 7 B",Female,"UTAWALA HIGH SCHOOL",546d9f60-20b2-47ed-bd7d-3e787a57acf5
mock_546d9f60_G7B_056,MOCK-546D-G7B-056,"Diana Kiplagat Kariuki","Grade 7 B",Female,"UTAWALA HIGH SCHOOL",546d9f60-20b2-47ed-bd7d-3e787a57acf5
mock_546d9f60_G7B_057,MOCK-546D-G7B-057,"Kelvin Kamau Wairimu","Grade 7 B",Male,"UTAWALA HIGH SCHOOL",546d9f60-20b2-47ed-bd7d-3e787a57acf5
mock_546d9f60_G7B_058,MOCK-546D-G7B-058,"Nicholas Simiyu Gitau","Grade 7 B",Male,"UTAWALA HIGH SCHOOL",546d9f60-20b2-47ed-bd7d-3e787a57acf5
mock_546d9f60_G7B_059,MOCK-546D-G7B-059,"Nancy Mutua Atieno","Grade 7 B",Female,"UTAWALA HIGH SCHOOL",546d9f60-20b2-47ed-bd7d-3e787a57acf5
mock_546d9f60_G7B_060,MOCK-546D-G7B-060,"Vincent Wafula Were","Grade 7 B",Male,"UTAWALA HIGH SCHOOL",546d9f60-20b2-47ed-bd7d-3e787a57acf5
mock_546d9f60_G8A_001,MOCK-546D-G8A-001,"Grace Maina Akinyi","Grade 8 A",Female,"UTAWALA HIGH SCHOOL",546d9f60-20b2-47ed-bd7d-3e787a57acf5
mock_546d9f60_G8A_002,MOCK-546D-G8A-002,"Brian Onyango Otieno","Grade 8 A",Male,"UTAWALA HIGH SCHOOL",546d9f60-20b2-47ed-bd7d-3e787a57acf5
mock_546d9f60_G8A_003,MOCK-546D-G8A-003,"Joy Rotich Korir","Grade 8 A",Female,"UTAWALA HIGH SCHOOL",546d9f60-20b2-47ed-bd7d-3e787a57acf5
mock_546d9f60_G8A_004,MOCK-546D-G8A-004,"Cornelius Mwangi Mutiso","Grade 8 A",Male,"UTAWALA HIGH SCHOOL",546d9f60-20b2-47ed-bd7d-3e787a57acf5
mock_546d9f60_G8A_005,MOCK-546D-G8A-005,"Lucy Kamau Juma","Grade 8 A",Female,"UTAWALA HIGH SCHOOL",546d9f60-20b2-47ed-bd7d-3e787a57acf5
mock_546d9f60_G8A_006,MOCK-546D-G8A-006,"Anthony Chebet Wambui","Grade 8 A",Male,"UTAWALA HIGH SCHOOL",546d9f60-20b2-47ed-bd7d-3e787a57acf5
mock_546d9f60_G8A_007,MOCK-546D-G8A-007,"Rose Wambui Korir","Grade 8 A",Female,"UTAWALA HIGH SCHOOL",546d9f60-20b2-47ed-bd7d-3e787a57acf5
mock_546d9f60_G8A_008,MOCK-546D-G8A-008,"Caroline Maina Auma","Grade 8 A",Female,"UTAWALA HIGH SCHOOL",546d9f60-20b2-47ed-bd7d-3e787a57acf5
mock_546d9f60_G8A_009,MOCK-546D-G8A-009,"Joy Wambui Cheruiyot","Grade 8 A",Female,"UTAWALA HIGH SCHOOL",546d9f60-20b2-47ed-bd7d-3e787a57acf5
mock_546d9f60_G8A_010,MOCK-546D-G8A-010,"Sharon Chepkemoi Auma","Grade 8 A",Female,"UTAWALA HIGH SCHOOL",546d9f60-20b2-47ed-bd7d-3e787a57acf5
mock_546d9f60_G8A_011,MOCK-546D-G8A-011,"Faith Wafula Kipchoge","Grade 8 A",Female,"UTAWALA HIGH SCHOOL",546d9f60-20b2-47ed-bd7d-3e787a57acf5
mock_546d9f60_G8A_012,MOCK-546D-G8A-012,"Duncan Kipchoge Barasa","Grade 8 A",Male,"UTAWALA HIGH SCHOOL",546d9f60-20b2-47ed-bd7d-3e787a57acf5
mock_546d9f60_G8A_013,MOCK-546D-G8A-013,"Nancy Mutiso Rotich","Grade 8 A",Female,"UTAWALA HIGH SCHOOL",546d9f60-20b2-47ed-bd7d-3e787a57acf5
mock_546d9f60_G8A_014,MOCK-546D-G8A-014,"Beatrice Atieno Atieno","Grade 8 A",Female,"UTAWALA HIGH SCHOOL",546d9f60-20b2-47ed-bd7d-3e787a57acf5
mock_546d9f60_G8A_015,MOCK-546D-G8A-015,"Pauline Nyokabi Achieng","Grade 8 A",Female,"UTAWALA HIGH SCHOOL",546d9f60-20b2-47ed-bd7d-3e787a57acf5
mock_546d9f60_G8A_016,MOCK-546D-G8A-016,"Mary Kariuki Were","Grade 8 A",Female,"UTAWALA HIGH SCHOOL",546d9f60-20b2-47ed-bd7d-3e787a57acf5
mock_546d9f60_G8A_017,MOCK-546D-G8A-017,"Caroline Korir Omondi","Grade 8 A",Female,"UTAWALA HIGH SCHOOL",546d9f60-20b2-47ed-bd7d-3e787a57acf5
mock_546d9f60_G8A_018,MOCK-546D-G8A-018,"Ann Juma Maina","Grade 8 A",Female,"UTAWALA HIGH SCHOOL",546d9f60-20b2-47ed-bd7d-3e787a57acf5
mock_546d9f60_G8A_019,MOCK-546D-G8A-019,"Maureen Kariuki Auma","Grade 8 A",Female,"UTAWALA HIGH SCHOOL",546d9f60-20b2-47ed-bd7d-3e787a57acf5
mock_546d9f60_G8A_020,MOCK-546D-G8A-020,"Joy Akinyi Simiyu","Grade 8 A",Female,"UTAWALA HIGH SCHOOL",546d9f60-20b2-47ed-bd7d-3e787a57acf5
mock_546d9f60_G8A_021,MOCK-546D-G8A-021,"Mercy Simiyu Cheruiyot","Grade 8 A",Female,"UTAWALA HIGH SCHOOL",546d9f60-20b2-47ed-bd7d-3e787a57acf5
mock_546d9f60_G8A_022,MOCK-546D-G8A-022,"Winnie Mwangi Njoroge","Grade 8 A",Female,"UTAWALA HIGH SCHOOL",546d9f60-20b2-47ed-bd7d-3e787a57acf5
mock_546d9f60_G8A_023,MOCK-546D-G8A-023,"Pauline Kamau Karanja","Grade 8 A",Female,"UTAWALA HIGH SCHOOL",546d9f60-20b2-47ed-bd7d-3e787a57acf5
mock_546d9f60_G8A_024,MOCK-546D-G8A-024,"Christine Chepkemoi Mbugua","Grade 8 A",Female,"UTAWALA HIGH SCHOOL",546d9f60-20b2-47ed-bd7d-3e787a57acf5
mock_546d9f60_G8A_025,MOCK-546D-G8A-025,"Caroline Were Kipchoge","Grade 8 A",Female,"UTAWALA HIGH SCHOOL",546d9f60-20b2-47ed-bd7d-3e787a57acf5
mock_546d9f60_G8A_026,MOCK-546D-G8A-026,"Faith Cheruiyot Cheruiyot","Grade 8 A",Female,"UTAWALA HIGH SCHOOL",546d9f60-20b2-47ed-bd7d-3e787a57acf5
mock_546d9f60_G8A_027,MOCK-546D-G8A-027,"Victor Onyango Barasa","Grade 8 A",Male,"UTAWALA HIGH SCHOOL",546d9f60-20b2-47ed-bd7d-3e787a57acf5
mock_546d9f60_G8A_028,MOCK-546D-G8A-028,"Faith Kiplagat Nyambura","Grade 8 A",Female,"UTAWALA HIGH SCHOOL",546d9f60-20b2-47ed-bd7d-3e787a57acf5
mock_546d9f60_G8A_029,MOCK-546D-G8A-029,"Michael Maina Kiplagat","Grade 8 A",Male,"UTAWALA HIGH SCHOOL",546d9f60-20b2-47ed-bd7d-3e787a57acf5
mock_546d9f60_G8A_030,MOCK-546D-G8A-030,"Winnie Kamau Ochieng","Grade 8 A",Female,"UTAWALA HIGH SCHOOL",546d9f60-20b2-47ed-bd7d-3e787a57acf5
mock_546d9f60_G8A_031,MOCK-546D-G8A-031,"Peter Chepkemoi Wambui","Grade 8 A",Male,"UTAWALA HIGH SCHOOL",546d9f60-20b2-47ed-bd7d-3e787a57acf5
mock_546d9f60_G8A_032,MOCK-546D-G8A-032,"Lucy Adhiambo Cheruiyot","Grade 8 A",Female,"UTAWALA HIGH SCHOOL",546d9f60-20b2-47ed-bd7d-3e787a57acf5
mock_546d9f60_G8A_033,MOCK-546D-G8A-033,"Cornelius Korir Ochieng","Grade 8 A",Male,"UTAWALA HIGH SCHOOL",546d9f60-20b2-47ed-bd7d-3e787a57acf5
mock_546d9f60_G8A_034,MOCK-546D-G8A-034,"Mary Wafula Korir","Grade 8 A",Female,"UTAWALA HIGH SCHOOL",546d9f60-20b2-47ed-bd7d-3e787a57acf5
mock_546d9f60_G8A_035,MOCK-546D-G8A-035,"Samuel Njoroge Owino","Grade 8 A",Male,"UTAWALA HIGH SCHOOL",546d9f60-20b2-47ed-bd7d-3e787a57acf5
mock_546d9f60_G8A_036,MOCK-546D-G8A-036,"Maureen Kipchoge Ochieng","Grade 8 A",Female,"UTAWALA HIGH SCHOOL",546d9f60-20b2-47ed-bd7d-3e787a57acf5
mock_546d9f60_G8A_037,MOCK-546D-G8A-037,"Dennis Kariuki Onyango","Grade 8 A",Male,"UTAWALA HIGH SCHOOL",546d9f60-20b2-47ed-bd7d-3e787a57acf5
mock_546d9f60_G8A_038,MOCK-546D-G8A-038,"Ann Wanjiru Gitau","Grade 8 A",Female,"UTAWALA HIGH SCHOOL",546d9f60-20b2-47ed-bd7d-3e787a57acf5
mock_546d9f60_G8A_039,MOCK-546D-G8A-039,"Diana Karanja Gitau","Grade 8 A",Female,"UTAWALA HIGH SCHOOL",546d9f60-20b2-47ed-bd7d-3e787a57acf5
mock_546d9f60_G8A_040,MOCK-546D-G8A-040,"Caroline Nyambura Karanja","Grade 8 A",Female,"UTAWALA HIGH SCHOOL",546d9f60-20b2-47ed-bd7d-3e787a57acf5
mock_546d9f60_G8A_041,MOCK-546D-G8A-041,"Purity Kiplagat Cheruiyot","Grade 8 A",Female,"UTAWALA HIGH SCHOOL",546d9f60-20b2-47ed-bd7d-3e787a57acf5
mock_546d9f60_G8A_042,MOCK-546D-G8A-042,"Mercy Gitau Juma","Grade 8 A",Female,"UTAWALA HIGH SCHOOL",546d9f60-20b2-47ed-bd7d-3e787a57acf5
mock_546d9f60_G8A_043,MOCK-546D-G8A-043,"Cynthia Atieno Mbugua","Grade 8 A",Female,"UTAWALA HIGH SCHOOL",546d9f60-20b2-47ed-bd7d-3e787a57acf5
mock_546d9f60_G8A_044,MOCK-546D-G8A-044,"Gideon Otieno Wambui","Grade 8 A",Male,"UTAWALA HIGH SCHOOL",546d9f60-20b2-47ed-bd7d-3e787a57acf5
mock_546d9f60_G8A_045,MOCK-546D-G8A-045,"Doreen Ochieng Otieno","Grade 8 A",Female,"UTAWALA HIGH SCHOOL",546d9f60-20b2-47ed-bd7d-3e787a57acf5
mock_546d9f60_G8A_046,MOCK-546D-G8A-046,"Vincent Adhiambo Njeri","Grade 8 A",Male,"UTAWALA HIGH SCHOOL",546d9f60-20b2-47ed-bd7d-3e787a57acf5
mock_546d9f60_G8A_047,MOCK-546D-G8A-047,"Dennis Kibet Omondi","Grade 8 A",Male,"UTAWALA HIGH SCHOOL",546d9f60-20b2-47ed-bd7d-3e787a57acf5
mock_546d9f60_G8A_048,MOCK-546D-G8A-048,"Faith Gitau Wairimu","Grade 8 A",Female,"UTAWALA HIGH SCHOOL",546d9f60-20b2-47ed-bd7d-3e787a57acf5
mock_546d9f60_G8A_049,MOCK-546D-G8A-049,"Mitchelle Mbugua Rotich","Grade 8 A",Female,"UTAWALA HIGH SCHOOL",546d9f60-20b2-47ed-bd7d-3e787a57acf5
mock_546d9f60_G8A_050,MOCK-546D-G8A-050,"Eric Rotich Were","Grade 8 A",Male,"UTAWALA HIGH SCHOOL",546d9f60-20b2-47ed-bd7d-3e787a57acf5
mock_546d9f60_G8A_051,MOCK-546D-G8A-051,"Sharon Mwangi Omondi","Grade 8 A",Female,"UTAWALA HIGH SCHOOL",546d9f60-20b2-47ed-bd7d-3e787a57acf5
mock_546d9f60_G8A_052,MOCK-546D-G8A-052,"Rose Mutiso Mbugua","Grade 8 A",Female,"UTAWALA HIGH SCHOOL",546d9f60-20b2-47ed-bd7d-3e787a57acf5
mock_546d9f60_G8A_053,MOCK-546D-G8A-053,"Vincent Chebet Mutua","Grade 8 A",Male,"UTAWALA HIGH SCHOOL",546d9f60-20b2-47ed-bd7d-3e787a57acf5
mock_546d9f60_G8A_054,MOCK-546D-G8A-054,"Vincent Wairimu Njoroge","Grade 8 A",Male,"UTAWALA HIGH SCHOOL",546d9f60-20b2-47ed-bd7d-3e787a57acf5
mock_546d9f60_G8A_055,MOCK-546D-G8A-055,"Kelvin Kariuki Akinyi","Grade 8 A",Male,"UTAWALA HIGH SCHOOL",546d9f60-20b2-47ed-bd7d-3e787a57acf5
mock_546d9f60_G8A_056,MOCK-546D-G8A-056,"Rose Chebet Mbugua","Grade 8 A",Female,"UTAWALA HIGH SCHOOL",546d9f60-20b2-47ed-bd7d-3e787a57acf5
mock_546d9f60_G8A_057,MOCK-546D-G8A-057,"Sharon Korir Odhiambo","Grade 8 A",Female,"UTAWALA HIGH SCHOOL",546d9f60-20b2-47ed-bd7d-3e787a57acf5
mock_546d9f60_G8A_058,MOCK-546D-G8A-058,"Purity Nyokabi Simiyu","Grade 8 A",Female,"UTAWALA HIGH SCHOOL",546d9f60-20b2-47ed-bd7d-3e787a57acf5
mock_546d9f60_G8A_059,MOCK-546D-G8A-059,"Felix Wambui Owino","Grade 8 A",Male,"UTAWALA HIGH SCHOOL",546d9f60-20b2-47ed-bd7d-3e787a57acf5
mock_546d9f60_G8A_060,MOCK-546D-G8A-060,"Emmanuel Achieng Chepkemoi","Grade 8 A",Male,"UTAWALA HIGH SCHOOL",546d9f60-20b2-47ed-bd7d-3e787a57acf5
mock_546d9f60_G8B_001,MOCK-546D-G8B-001,"Valentine Ochieng Rotich","Grade 8 B",Female,"UTAWALA HIGH SCHOOL",546d9f60-20b2-47ed-bd7d-3e787a57acf5
mock_546d9f60_G8B_002,MOCK-546D-G8B-002,"Joy Wafula Mutiso","Grade 8 B",Female,"UTAWALA HIGH SCHOOL",546d9f60-20b2-47ed-bd7d-3e787a57acf5
mock_546d9f60_G8B_003,MOCK-546D-G8B-003,"Cornelius Wambui Odhiambo","Grade 8 B",Male,"UTAWALA HIGH SCHOOL",546d9f60-20b2-47ed-bd7d-3e787a57acf5
mock_546d9f60_G8B_004,MOCK-546D-G8B-004,"George Wambui Onyango","Grade 8 B",Male,"UTAWALA HIGH SCHOOL",546d9f60-20b2-47ed-bd7d-3e787a57acf5
mock_546d9f60_G8B_005,MOCK-546D-G8B-005,"Gideon Were Njoroge","Grade 8 B",Male,"UTAWALA HIGH SCHOOL",546d9f60-20b2-47ed-bd7d-3e787a57acf5
mock_546d9f60_G8B_006,MOCK-546D-G8B-006,"Stephen Onyango Owino","Grade 8 B",Male,"UTAWALA HIGH SCHOOL",546d9f60-20b2-47ed-bd7d-3e787a57acf5
mock_546d9f60_G8B_007,MOCK-546D-G8B-007,"Felix Adhiambo Wafula","Grade 8 B",Male,"UTAWALA HIGH SCHOOL",546d9f60-20b2-47ed-bd7d-3e787a57acf5
mock_546d9f60_G8B_008,MOCK-546D-G8B-008,"Fredrick Wafula Korir","Grade 8 B",Male,"UTAWALA HIGH SCHOOL",546d9f60-20b2-47ed-bd7d-3e787a57acf5
mock_546d9f60_G8B_009,MOCK-546D-G8B-009,"Faith Achieng Wairimu","Grade 8 B",Female,"UTAWALA HIGH SCHOOL",546d9f60-20b2-47ed-bd7d-3e787a57acf5
mock_546d9f60_G8B_010,MOCK-546D-G8B-010,"Charles Rotich Mutua","Grade 8 B",Male,"UTAWALA HIGH SCHOOL",546d9f60-20b2-47ed-bd7d-3e787a57acf5
mock_546d9f60_G8B_011,MOCK-546D-G8B-011,"Mitchelle Gitau Njeri","Grade 8 B",Female,"UTAWALA HIGH SCHOOL",546d9f60-20b2-47ed-bd7d-3e787a57acf5
mock_546d9f60_G8B_012,MOCK-546D-G8B-012,"Kelvin Wafula Auma","Grade 8 B",Male,"UTAWALA HIGH SCHOOL",546d9f60-20b2-47ed-bd7d-3e787a57acf5
mock_546d9f60_G8B_013,MOCK-546D-G8B-013,"Valentine Korir Omondi","Grade 8 B",Female,"UTAWALA HIGH SCHOOL",546d9f60-20b2-47ed-bd7d-3e787a57acf5
mock_546d9f60_G8B_014,MOCK-546D-G8B-014,"Daniel Kiplagat Kiplagat","Grade 8 B",Male,"UTAWALA HIGH SCHOOL",546d9f60-20b2-47ed-bd7d-3e787a57acf5
mock_546d9f60_G8B_015,MOCK-546D-G8B-015,"Duncan Wairimu Mwangi","Grade 8 B",Male,"UTAWALA HIGH SCHOOL",546d9f60-20b2-47ed-bd7d-3e787a57acf5
mock_546d9f60_G8B_016,MOCK-546D-G8B-016,"Allan Gitau Auma","Grade 8 B",Male,"UTAWALA HIGH SCHOOL",546d9f60-20b2-47ed-bd7d-3e787a57acf5
mock_546d9f60_G8B_017,MOCK-546D-G8B-017,"Collins Wafula Mwangi","Grade 8 B",Male,"UTAWALA HIGH SCHOOL",546d9f60-20b2-47ed-bd7d-3e787a57acf5
mock_546d9f60_G8B_018,MOCK-546D-G8B-018,"Beatrice Were Mbugua","Grade 8 B",Female,"UTAWALA HIGH SCHOOL",546d9f60-20b2-47ed-bd7d-3e787a57acf5
mock_546d9f60_G8B_019,MOCK-546D-G8B-019,"Cornelius Wafula Adhiambo","Grade 8 B",Male,"UTAWALA HIGH SCHOOL",546d9f60-20b2-47ed-bd7d-3e787a57acf5
mock_546d9f60_G8B_020,MOCK-546D-G8B-020,"Winnie Otieno Auma","Grade 8 B",Female,"UTAWALA HIGH SCHOOL",546d9f60-20b2-47ed-bd7d-3e787a57acf5
mock_546d9f60_G8B_021,MOCK-546D-G8B-021,"Maureen Korir Cheruiyot","Grade 8 B",Female,"UTAWALA HIGH SCHOOL",546d9f60-20b2-47ed-bd7d-3e787a57acf5
mock_546d9f60_G8B_022,MOCK-546D-G8B-022,"Kevin Korir Wanjiru","Grade 8 B",Male,"UTAWALA HIGH SCHOOL",546d9f60-20b2-47ed-bd7d-3e787a57acf5
mock_546d9f60_G8B_023,MOCK-546D-G8B-023,"Emmanuel Kibet Kipchoge","Grade 8 B",Male,"UTAWALA HIGH SCHOOL",546d9f60-20b2-47ed-bd7d-3e787a57acf5
mock_546d9f60_G8B_024,MOCK-546D-G8B-024,"Ian Onyango Njeri","Grade 8 B",Male,"UTAWALA HIGH SCHOOL",546d9f60-20b2-47ed-bd7d-3e787a57acf5
mock_546d9f60_G8B_025,MOCK-546D-G8B-025,"Mitchelle Nyokabi Chepkemoi","Grade 8 B",Female,"UTAWALA HIGH SCHOOL",546d9f60-20b2-47ed-bd7d-3e787a57acf5
mock_546d9f60_G8B_026,MOCK-546D-G8B-026,"Anthony Barasa Mutiso","Grade 8 B",Male,"UTAWALA HIGH SCHOOL",546d9f60-20b2-47ed-bd7d-3e787a57acf5
mock_546d9f60_G8B_027,MOCK-546D-G8B-027,"Diana Auma Njeri","Grade 8 B",Female,"UTAWALA HIGH SCHOOL",546d9f60-20b2-47ed-bd7d-3e787a57acf5
mock_546d9f60_G8B_028,MOCK-546D-G8B-028,"Diana Onyango Nyambura","Grade 8 B",Female,"UTAWALA HIGH SCHOOL",546d9f60-20b2-47ed-bd7d-3e787a57acf5
mock_546d9f60_G8B_029,MOCK-546D-G8B-029,"Sylvia Achieng Maina","Grade 8 B",Female,"UTAWALA HIGH SCHOOL",546d9f60-20b2-47ed-bd7d-3e787a57acf5
mock_546d9f60_G8B_030,MOCK-546D-G8B-030,"Valentine Simiyu Wanjiru","Grade 8 B",Female,"UTAWALA HIGH SCHOOL",546d9f60-20b2-47ed-bd7d-3e787a57acf5
mock_546d9f60_G8B_031,MOCK-546D-G8B-031,"Christine Auma Ochieng","Grade 8 B",Female,"UTAWALA HIGH SCHOOL",546d9f60-20b2-47ed-bd7d-3e787a57acf5
mock_546d9f60_G8B_032,MOCK-546D-G8B-032,"Stephen Barasa Were","Grade 8 B",Male,"UTAWALA HIGH SCHOOL",546d9f60-20b2-47ed-bd7d-3e787a57acf5
mock_546d9f60_G8B_033,MOCK-546D-G8B-033,"Mitchelle Juma Wairimu","Grade 8 B",Female,"UTAWALA HIGH SCHOOL",546d9f60-20b2-47ed-bd7d-3e787a57acf5
mock_546d9f60_G8B_034,MOCK-546D-G8B-034,"Mary Maina Korir","Grade 8 B",Female,"UTAWALA HIGH SCHOOL",546d9f60-20b2-47ed-bd7d-3e787a57acf5
mock_546d9f60_G8B_035,MOCK-546D-G8B-035,"Daniel Rotich Onyango","Grade 8 B",Male,"UTAWALA HIGH SCHOOL",546d9f60-20b2-47ed-bd7d-3e787a57acf5
mock_546d9f60_G8B_036,MOCK-546D-G8B-036,"Valentine Kibet Akinyi","Grade 8 B",Female,"UTAWALA HIGH SCHOOL",546d9f60-20b2-47ed-bd7d-3e787a57acf5
mock_546d9f60_G8B_037,MOCK-546D-G8B-037,"Felix Akinyi Mwangi","Grade 8 B",Male,"UTAWALA HIGH SCHOOL",546d9f60-20b2-47ed-bd7d-3e787a57acf5
mock_546d9f60_G8B_038,MOCK-546D-G8B-038,"Nicholas Kariuki Nyambura","Grade 8 B",Male,"UTAWALA HIGH SCHOOL",546d9f60-20b2-47ed-bd7d-3e787a57acf5
mock_546d9f60_G8B_039,MOCK-546D-G8B-039,"Purity Njoroge Mutua","Grade 8 B",Female,"UTAWALA HIGH SCHOOL",546d9f60-20b2-47ed-bd7d-3e787a57acf5
mock_546d9f60_G8B_040,MOCK-546D-G8B-040,"Brayan Auma Karanja","Grade 8 B",Male,"UTAWALA HIGH SCHOOL",546d9f60-20b2-47ed-bd7d-3e787a57acf5
mock_546d9f60_G8B_041,MOCK-546D-G8B-041,"Cynthia Wambui Korir","Grade 8 B",Female,"UTAWALA HIGH SCHOOL",546d9f60-20b2-47ed-bd7d-3e787a57acf5
mock_546d9f60_G8B_042,MOCK-546D-G8B-042,"Joy Nyambura Chepkemoi","Grade 8 B",Female,"UTAWALA HIGH SCHOOL",546d9f60-20b2-47ed-bd7d-3e787a57acf5
mock_546d9f60_G8B_043,MOCK-546D-G8B-043,"Dennis Owino Auma","Grade 8 B",Male,"UTAWALA HIGH SCHOOL",546d9f60-20b2-47ed-bd7d-3e787a57acf5
mock_546d9f60_G8B_044,MOCK-546D-G8B-044,"Michael Achieng Rotich","Grade 8 B",Male,"UTAWALA HIGH SCHOOL",546d9f60-20b2-47ed-bd7d-3e787a57acf5
mock_546d9f60_G8B_045,MOCK-546D-G8B-045,"Duncan Chebet Mutiso","Grade 8 B",Male,"UTAWALA HIGH SCHOOL",546d9f60-20b2-47ed-bd7d-3e787a57acf5
mock_546d9f60_G8B_046,MOCK-546D-G8B-046,"Stephen Omondi Akinyi","Grade 8 B",Male,"UTAWALA HIGH SCHOOL",546d9f60-20b2-47ed-bd7d-3e787a57acf5
mock_546d9f60_G8B_047,MOCK-546D-G8B-047,"Purity Mutua Omondi","Grade 8 B",Female,"UTAWALA HIGH SCHOOL",546d9f60-20b2-47ed-bd7d-3e787a57acf5
mock_546d9f60_G8B_048,MOCK-546D-G8B-048,"Allan Maina Were","Grade 8 B",Male,"UTAWALA HIGH SCHOOL",546d9f60-20b2-47ed-bd7d-3e787a57acf5
mock_546d9f60_G8B_049,MOCK-546D-G8B-049,"Fredrick Omondi Were","Grade 8 B",Male,"UTAWALA HIGH SCHOOL",546d9f60-20b2-47ed-bd7d-3e787a57acf5
mock_546d9f60_G8B_050,MOCK-546D-G8B-050,"Kelvin Wanjiru Odhiambo","Grade 8 B",Male,"UTAWALA HIGH SCHOOL",546d9f60-20b2-47ed-bd7d-3e787a57acf5
mock_546d9f60_G8B_051,MOCK-546D-G8B-051,"Stella Were Kariuki","Grade 8 B",Female,"UTAWALA HIGH SCHOOL",546d9f60-20b2-47ed-bd7d-3e787a57acf5
mock_546d9f60_G8B_052,MOCK-546D-G8B-052,"Brian Njoroge Nyambura","Grade 8 B",Male,"UTAWALA HIGH SCHOOL",546d9f60-20b2-47ed-bd7d-3e787a57acf5
mock_546d9f60_G8B_053,MOCK-546D-G8B-053,"Faith Akinyi Wairimu","Grade 8 B",Female,"UTAWALA HIGH SCHOOL",546d9f60-20b2-47ed-bd7d-3e787a57acf5
mock_546d9f60_G8B_054,MOCK-546D-G8B-054,"Rose Kariuki Omondi","Grade 8 B",Female,"UTAWALA HIGH SCHOOL",546d9f60-20b2-47ed-bd7d-3e787a57acf5
mock_546d9f60_G8B_055,MOCK-546D-G8B-055,"Eunice Rotich Rotich","Grade 8 B",Female,"UTAWALA HIGH SCHOOL",546d9f60-20b2-47ed-bd7d-3e787a57acf5
mock_546d9f60_G8B_056,MOCK-546D-G8B-056,"Eunice Adhiambo Achieng","Grade 8 B",Female,"UTAWALA HIGH SCHOOL",546d9f60-20b2-47ed-bd7d-3e787a57acf5
mock_546d9f60_G8B_057,MOCK-546D-G8B-057,"Felix Kariuki Cheruiyot","Grade 8 B",Male,"UTAWALA HIGH SCHOOL",546d9f60-20b2-47ed-bd7d-3e787a57acf5
mock_546d9f60_G8B_058,MOCK-546D-G8B-058,"Stella Were Mbugua","Grade 8 B",Female,"UTAWALA HIGH SCHOOL",546d9f60-20b2-47ed-bd7d-3e787a57acf5
mock_546d9f60_G8B_059,MOCK-546D-G8B-059,"Janet Owino Odhiambo","Grade 8 B",Female,"UTAWALA HIGH SCHOOL",546d9f60-20b2-47ed-bd7d-3e787a57acf5
mock_546d9f60_G8B_060,MOCK-546D-G8B-060,"Patrick Adhiambo Mutua","Grade 8 B",Male,"UTAWALA HIGH SCHOOL",546d9f60-20b2-47ed-bd7d-3e787a57acf5
mock_546d9f60_G9A_001,MOCK-546D-G9A-001,"Brenda Achieng Adhiambo","Grade 9 A",Female,"UTAWALA HIGH SCHOOL",546d9f60-20b2-47ed-bd7d-3e787a57acf5
mock_546d9f60_G9A_002,MOCK-546D-G9A-002,"Rose Owino Kipchoge","Grade 9 A",Female,"UTAWALA HIGH SCHOOL",546d9f60-20b2-47ed-bd7d-3e787a57acf5
mock_546d9f60_G9A_003,MOCK-546D-G9A-003,"Winnie Juma Barasa","Grade 9 A",Female,"UTAWALA HIGH SCHOOL",546d9f60-20b2-47ed-bd7d-3e787a57acf5
mock_546d9f60_G9A_004,MOCK-546D-G9A-004,"Diana Odhiambo Owino","Grade 9 A",Female,"UTAWALA HIGH SCHOOL",546d9f60-20b2-47ed-bd7d-3e787a57acf5
mock_546d9f60_G9A_005,MOCK-546D-G9A-005,"Caroline Gitau Omondi","Grade 9 A",Female,"UTAWALA HIGH SCHOOL",546d9f60-20b2-47ed-bd7d-3e787a57acf5
mock_546d9f60_G9A_006,MOCK-546D-G9A-006,"Esther Kariuki Karanja","Grade 9 A",Female,"UTAWALA HIGH SCHOOL",546d9f60-20b2-47ed-bd7d-3e787a57acf5
mock_546d9f60_G9A_007,MOCK-546D-G9A-007,"Sylvia Kamau Korir","Grade 9 A",Female,"UTAWALA HIGH SCHOOL",546d9f60-20b2-47ed-bd7d-3e787a57acf5
mock_546d9f60_G9A_008,MOCK-546D-G9A-008,"Brian Njoroge Ochieng","Grade 9 A",Male,"UTAWALA HIGH SCHOOL",546d9f60-20b2-47ed-bd7d-3e787a57acf5
mock_546d9f60_G9A_009,MOCK-546D-G9A-009,"Diana Mwangi Omondi","Grade 9 A",Female,"UTAWALA HIGH SCHOOL",546d9f60-20b2-47ed-bd7d-3e787a57acf5
mock_546d9f60_G9A_010,MOCK-546D-G9A-010,"Martin Kamau Njeri","Grade 9 A",Male,"UTAWALA HIGH SCHOOL",546d9f60-20b2-47ed-bd7d-3e787a57acf5
mock_546d9f60_G9A_011,MOCK-546D-G9A-011,"Caroline Chepkemoi Njoroge","Grade 9 A",Female,"UTAWALA HIGH SCHOOL",546d9f60-20b2-47ed-bd7d-3e787a57acf5
mock_546d9f60_G9A_012,MOCK-546D-G9A-012,"Peter Mutua Njoroge","Grade 9 A",Male,"UTAWALA HIGH SCHOOL",546d9f60-20b2-47ed-bd7d-3e787a57acf5
mock_546d9f60_G9A_013,MOCK-546D-G9A-013,"Nancy Gitau Akinyi","Grade 9 A",Female,"UTAWALA HIGH SCHOOL",546d9f60-20b2-47ed-bd7d-3e787a57acf5
mock_546d9f60_G9A_014,MOCK-546D-G9A-014,"Samuel Korir Njeri","Grade 9 A",Male,"UTAWALA HIGH SCHOOL",546d9f60-20b2-47ed-bd7d-3e787a57acf5
mock_546d9f60_G9A_015,MOCK-546D-G9A-015,"Lydia Njeri Wambui","Grade 9 A",Female,"UTAWALA HIGH SCHOOL",546d9f60-20b2-47ed-bd7d-3e787a57acf5
mock_546d9f60_G9A_016,MOCK-546D-G9A-016,"Sharon Owino Simiyu","Grade 9 A",Female,"UTAWALA HIGH SCHOOL",546d9f60-20b2-47ed-bd7d-3e787a57acf5
mock_546d9f60_G9A_017,MOCK-546D-G9A-017,"Rose Atieno Nyokabi","Grade 9 A",Female,"UTAWALA HIGH SCHOOL",546d9f60-20b2-47ed-bd7d-3e787a57acf5
mock_546d9f60_G9A_018,MOCK-546D-G9A-018,"Nicholas Odhiambo Karanja","Grade 9 A",Male,"UTAWALA HIGH SCHOOL",546d9f60-20b2-47ed-bd7d-3e787a57acf5
mock_546d9f60_G9A_019,MOCK-546D-G9A-019,"Peter Mbugua Owino","Grade 9 A",Male,"UTAWALA HIGH SCHOOL",546d9f60-20b2-47ed-bd7d-3e787a57acf5
mock_546d9f60_G9A_020,MOCK-546D-G9A-020,"Mary Wairimu Chebet","Grade 9 A",Female,"UTAWALA HIGH SCHOOL",546d9f60-20b2-47ed-bd7d-3e787a57acf5
mock_546d9f60_G9A_021,MOCK-546D-G9A-021,"Mary Karanja Barasa","Grade 9 A",Female,"UTAWALA HIGH SCHOOL",546d9f60-20b2-47ed-bd7d-3e787a57acf5
mock_546d9f60_G9A_022,MOCK-546D-G9A-022,"Mercy Owino Mbugua","Grade 9 A",Female,"UTAWALA HIGH SCHOOL",546d9f60-20b2-47ed-bd7d-3e787a57acf5
mock_546d9f60_G9A_023,MOCK-546D-G9A-023,"Valentine Omondi Karanja","Grade 9 A",Female,"UTAWALA HIGH SCHOOL",546d9f60-20b2-47ed-bd7d-3e787a57acf5
mock_546d9f60_G9A_024,MOCK-546D-G9A-024,"Sylvia Njoroge Mutua","Grade 9 A",Female,"UTAWALA HIGH SCHOOL",546d9f60-20b2-47ed-bd7d-3e787a57acf5
mock_546d9f60_G9A_025,MOCK-546D-G9A-025,"Ian Mutiso Atieno","Grade 9 A",Male,"UTAWALA HIGH SCHOOL",546d9f60-20b2-47ed-bd7d-3e787a57acf5
mock_546d9f60_G9A_026,MOCK-546D-G9A-026,"Rose Onyango Chebet","Grade 9 A",Female,"UTAWALA HIGH SCHOOL",546d9f60-20b2-47ed-bd7d-3e787a57acf5
mock_546d9f60_G9A_027,MOCK-546D-G9A-027,"Winnie Cheruiyot Otieno","Grade 9 A",Female,"UTAWALA HIGH SCHOOL",546d9f60-20b2-47ed-bd7d-3e787a57acf5
mock_546d9f60_G9A_028,MOCK-546D-G9A-028,"Patrick Mwangi Omondi","Grade 9 A",Male,"UTAWALA HIGH SCHOOL",546d9f60-20b2-47ed-bd7d-3e787a57acf5
mock_546d9f60_G9A_029,MOCK-546D-G9A-029,"Victor Akinyi Wairimu","Grade 9 A",Male,"UTAWALA HIGH SCHOOL",546d9f60-20b2-47ed-bd7d-3e787a57acf5
mock_546d9f60_G9A_030,MOCK-546D-G9A-030,"Vincent Nyokabi Chebet","Grade 9 A",Male,"UTAWALA HIGH SCHOOL",546d9f60-20b2-47ed-bd7d-3e787a57acf5
mock_546d9f60_G9A_031,MOCK-546D-G9A-031,"Duncan Juma Were","Grade 9 A",Male,"UTAWALA HIGH SCHOOL",546d9f60-20b2-47ed-bd7d-3e787a57acf5
mock_546d9f60_G9A_032,MOCK-546D-G9A-032,"Valentine Atieno Karanja","Grade 9 A",Female,"UTAWALA HIGH SCHOOL",546d9f60-20b2-47ed-bd7d-3e787a57acf5
mock_546d9f60_G9A_033,MOCK-546D-G9A-033,"Patrick Auma Mwangi","Grade 9 A",Male,"UTAWALA HIGH SCHOOL",546d9f60-20b2-47ed-bd7d-3e787a57acf5
mock_546d9f60_G9A_034,MOCK-546D-G9A-034,"Eunice Barasa Omondi","Grade 9 A",Female,"UTAWALA HIGH SCHOOL",546d9f60-20b2-47ed-bd7d-3e787a57acf5
mock_546d9f60_G9A_035,MOCK-546D-G9A-035,"Eric Mutiso Odhiambo","Grade 9 A",Male,"UTAWALA HIGH SCHOOL",546d9f60-20b2-47ed-bd7d-3e787a57acf5
mock_546d9f60_G9A_036,MOCK-546D-G9A-036,"Christine Atieno Ochieng","Grade 9 A",Female,"UTAWALA HIGH SCHOOL",546d9f60-20b2-47ed-bd7d-3e787a57acf5
mock_546d9f60_G9A_037,MOCK-546D-G9A-037,"Winnie Mutiso Wairimu","Grade 9 A",Female,"UTAWALA HIGH SCHOOL",546d9f60-20b2-47ed-bd7d-3e787a57acf5
mock_546d9f60_G9A_038,MOCK-546D-G9A-038,"Sharon Owino Adhiambo","Grade 9 A",Female,"UTAWALA HIGH SCHOOL",546d9f60-20b2-47ed-bd7d-3e787a57acf5
mock_546d9f60_G9A_039,MOCK-546D-G9A-039,"Stephen Mutiso Korir","Grade 9 A",Male,"UTAWALA HIGH SCHOOL",546d9f60-20b2-47ed-bd7d-3e787a57acf5
mock_546d9f60_G9A_040,MOCK-546D-G9A-040,"Rose Kipchoge Onyango","Grade 9 A",Female,"UTAWALA HIGH SCHOOL",546d9f60-20b2-47ed-bd7d-3e787a57acf5
mock_546d9f60_G9A_041,MOCK-546D-G9A-041,"Michael Kibet Atieno","Grade 9 A",Male,"UTAWALA HIGH SCHOOL",546d9f60-20b2-47ed-bd7d-3e787a57acf5
mock_546d9f60_G9A_042,MOCK-546D-G9A-042,"Anthony Nyokabi Rotich","Grade 9 A",Male,"UTAWALA HIGH SCHOOL",546d9f60-20b2-47ed-bd7d-3e787a57acf5
mock_546d9f60_G9A_043,MOCK-546D-G9A-043,"Joy Odhiambo Auma","Grade 9 A",Female,"UTAWALA HIGH SCHOOL",546d9f60-20b2-47ed-bd7d-3e787a57acf5
mock_546d9f60_G9A_044,MOCK-546D-G9A-044,"Brayan Cheruiyot Atieno","Grade 9 A",Male,"UTAWALA HIGH SCHOOL",546d9f60-20b2-47ed-bd7d-3e787a57acf5
mock_546d9f60_G9A_045,MOCK-546D-G9A-045,"Maureen Atieno Ochieng","Grade 9 A",Female,"UTAWALA HIGH SCHOOL",546d9f60-20b2-47ed-bd7d-3e787a57acf5
mock_546d9f60_G9A_046,MOCK-546D-G9A-046,"Allan Onyango Wairimu","Grade 9 A",Male,"UTAWALA HIGH SCHOOL",546d9f60-20b2-47ed-bd7d-3e787a57acf5
mock_546d9f60_G9A_047,MOCK-546D-G9A-047,"Allan Achieng Odhiambo","Grade 9 A",Male,"UTAWALA HIGH SCHOOL",546d9f60-20b2-47ed-bd7d-3e787a57acf5
mock_546d9f60_G9A_048,MOCK-546D-G9A-048,"Anthony Otieno Ochieng","Grade 9 A",Male,"UTAWALA HIGH SCHOOL",546d9f60-20b2-47ed-bd7d-3e787a57acf5
mock_546d9f60_G9A_049,MOCK-546D-G9A-049,"Janet Kamau Njeri","Grade 9 A",Female,"UTAWALA HIGH SCHOOL",546d9f60-20b2-47ed-bd7d-3e787a57acf5
mock_546d9f60_G9A_050,MOCK-546D-G9A-050,"Sylvia Gitau Mbugua","Grade 9 A",Female,"UTAWALA HIGH SCHOOL",546d9f60-20b2-47ed-bd7d-3e787a57acf5
mock_546d9f60_G9A_051,MOCK-546D-G9A-051,"Mercy Otieno Odhiambo","Grade 9 A",Female,"UTAWALA HIGH SCHOOL",546d9f60-20b2-47ed-bd7d-3e787a57acf5
mock_546d9f60_G9A_052,MOCK-546D-G9A-052,"Grace Nyambura Ochieng","Grade 9 A",Female,"UTAWALA HIGH SCHOOL",546d9f60-20b2-47ed-bd7d-3e787a57acf5
mock_546d9f60_G9A_053,MOCK-546D-G9A-053,"Brian Akinyi Odhiambo","Grade 9 A",Male,"UTAWALA HIGH SCHOOL",546d9f60-20b2-47ed-bd7d-3e787a57acf5
mock_546d9f60_G9A_054,MOCK-546D-G9A-054,"Joy Omondi Mutua","Grade 9 A",Female,"UTAWALA HIGH SCHOOL",546d9f60-20b2-47ed-bd7d-3e787a57acf5
mock_546d9f60_G9A_055,MOCK-546D-G9A-055,"Cynthia Onyango Kipchoge","Grade 9 A",Female,"UTAWALA HIGH SCHOOL",546d9f60-20b2-47ed-bd7d-3e787a57acf5
mock_546d9f60_G9A_056,MOCK-546D-G9A-056,"Doreen Odhiambo Mutiso","Grade 9 A",Female,"UTAWALA HIGH SCHOOL",546d9f60-20b2-47ed-bd7d-3e787a57acf5
mock_546d9f60_G9A_057,MOCK-546D-G9A-057,"Diana Cheruiyot Wambui","Grade 9 A",Female,"UTAWALA HIGH SCHOOL",546d9f60-20b2-47ed-bd7d-3e787a57acf5
mock_546d9f60_G9A_058,MOCK-546D-G9A-058,"Lydia Kariuki Omondi","Grade 9 A",Female,"UTAWALA HIGH SCHOOL",546d9f60-20b2-47ed-bd7d-3e787a57acf5
mock_546d9f60_G9A_059,MOCK-546D-G9A-059,"George Chebet Kariuki","Grade 9 A",Male,"UTAWALA HIGH SCHOOL",546d9f60-20b2-47ed-bd7d-3e787a57acf5
mock_546d9f60_G9A_060,MOCK-546D-G9A-060,"Eric Ochieng Akinyi","Grade 9 A",Male,"UTAWALA HIGH SCHOOL",546d9f60-20b2-47ed-bd7d-3e787a57acf5
mock_546d9f60_G9B_001,MOCK-546D-G9B-001,"Sharon Kipchoge Barasa","Grade 9 B",Female,"UTAWALA HIGH SCHOOL",546d9f60-20b2-47ed-bd7d-3e787a57acf5
mock_546d9f60_G9B_002,MOCK-546D-G9B-002,"Janet Kipchoge Akinyi","Grade 9 B",Female,"UTAWALA HIGH SCHOOL",546d9f60-20b2-47ed-bd7d-3e787a57acf5
mock_546d9f60_G9B_003,MOCK-546D-G9B-003,"Lucy Nyokabi Kiplagat","Grade 9 B",Female,"UTAWALA HIGH SCHOOL",546d9f60-20b2-47ed-bd7d-3e787a57acf5
mock_546d9f60_G9B_004,MOCK-546D-G9B-004,"Daniel Were Karanja","Grade 9 B",Male,"UTAWALA HIGH SCHOOL",546d9f60-20b2-47ed-bd7d-3e787a57acf5
mock_546d9f60_G9B_005,MOCK-546D-G9B-005,"George Akinyi Wafula","Grade 9 B",Male,"UTAWALA HIGH SCHOOL",546d9f60-20b2-47ed-bd7d-3e787a57acf5
mock_546d9f60_G9B_006,MOCK-546D-G9B-006,"Joseph Onyango Onyango","Grade 9 B",Male,"UTAWALA HIGH SCHOOL",546d9f60-20b2-47ed-bd7d-3e787a57acf5
mock_546d9f60_G9B_007,MOCK-546D-G9B-007,"Kevin Kipchoge Kipchoge","Grade 9 B",Male,"UTAWALA HIGH SCHOOL",546d9f60-20b2-47ed-bd7d-3e787a57acf5
mock_546d9f60_G9B_008,MOCK-546D-G9B-008,"Nancy Njeri Kibet","Grade 9 B",Female,"UTAWALA HIGH SCHOOL",546d9f60-20b2-47ed-bd7d-3e787a57acf5
mock_546d9f60_G9B_009,MOCK-546D-G9B-009,"Martin Kipchoge Onyango","Grade 9 B",Male,"UTAWALA HIGH SCHOOL",546d9f60-20b2-47ed-bd7d-3e787a57acf5
mock_546d9f60_G9B_010,MOCK-546D-G9B-010,"Sylvia Ochieng Kipchoge","Grade 9 B",Female,"UTAWALA HIGH SCHOOL",546d9f60-20b2-47ed-bd7d-3e787a57acf5
mock_546d9f60_G9B_011,MOCK-546D-G9B-011,"Brayan Akinyi Were","Grade 9 B",Male,"UTAWALA HIGH SCHOOL",546d9f60-20b2-47ed-bd7d-3e787a57acf5
mock_546d9f60_G9B_012,MOCK-546D-G9B-012,"Brenda Korir Akinyi","Grade 9 B",Female,"UTAWALA HIGH SCHOOL",546d9f60-20b2-47ed-bd7d-3e787a57acf5
mock_546d9f60_G9B_013,MOCK-546D-G9B-013,"Brayan Auma Wambui","Grade 9 B",Male,"UTAWALA HIGH SCHOOL",546d9f60-20b2-47ed-bd7d-3e787a57acf5
mock_546d9f60_G9B_014,MOCK-546D-G9B-014,"Cynthia Nyokabi Juma","Grade 9 B",Female,"UTAWALA HIGH SCHOOL",546d9f60-20b2-47ed-bd7d-3e787a57acf5
mock_546d9f60_G9B_015,MOCK-546D-G9B-015,"Patrick Kariuki Mwangi","Grade 9 B",Male,"UTAWALA HIGH SCHOOL",546d9f60-20b2-47ed-bd7d-3e787a57acf5
mock_546d9f60_G9B_016,MOCK-546D-G9B-016,"Esther Rotich Wambui","Grade 9 B",Female,"UTAWALA HIGH SCHOOL",546d9f60-20b2-47ed-bd7d-3e787a57acf5
mock_546d9f60_G9B_017,MOCK-546D-G9B-017,"Joseph Auma Otieno","Grade 9 B",Male,"UTAWALA HIGH SCHOOL",546d9f60-20b2-47ed-bd7d-3e787a57acf5
mock_546d9f60_G9B_018,MOCK-546D-G9B-018,"Eric Njoroge Njeri","Grade 9 B",Male,"UTAWALA HIGH SCHOOL",546d9f60-20b2-47ed-bd7d-3e787a57acf5
mock_546d9f60_G9B_019,MOCK-546D-G9B-019,"Mitchelle Njoroge Kibet","Grade 9 B",Female,"UTAWALA HIGH SCHOOL",546d9f60-20b2-47ed-bd7d-3e787a57acf5
mock_546d9f60_G9B_020,MOCK-546D-G9B-020,"Doreen Juma Simiyu","Grade 9 B",Female,"UTAWALA HIGH SCHOOL",546d9f60-20b2-47ed-bd7d-3e787a57acf5
mock_546d9f60_G9B_021,MOCK-546D-G9B-021,"Faith Rotich Njeri","Grade 9 B",Female,"UTAWALA HIGH SCHOOL",546d9f60-20b2-47ed-bd7d-3e787a57acf5
mock_546d9f60_G9B_022,MOCK-546D-G9B-022,"Lucy Onyango Karanja","Grade 9 B",Female,"UTAWALA HIGH SCHOOL",546d9f60-20b2-47ed-bd7d-3e787a57acf5
mock_546d9f60_G9B_023,MOCK-546D-G9B-023,"Stephen Nyokabi Nyokabi","Grade 9 B",Male,"UTAWALA HIGH SCHOOL",546d9f60-20b2-47ed-bd7d-3e787a57acf5
mock_546d9f60_G9B_024,MOCK-546D-G9B-024,"Allan Auma Njoroge","Grade 9 B",Male,"UTAWALA HIGH SCHOOL",546d9f60-20b2-47ed-bd7d-3e787a57acf5
mock_546d9f60_G9B_025,MOCK-546D-G9B-025,"Rose Karanja Njoroge","Grade 9 B",Female,"UTAWALA HIGH SCHOOL",546d9f60-20b2-47ed-bd7d-3e787a57acf5
mock_546d9f60_G9B_026,MOCK-546D-G9B-026,"Charles Wafula Wafula","Grade 9 B",Male,"UTAWALA HIGH SCHOOL",546d9f60-20b2-47ed-bd7d-3e787a57acf5
mock_546d9f60_G9B_027,MOCK-546D-G9B-027,"George Njoroge Mwangi","Grade 9 B",Male,"UTAWALA HIGH SCHOOL",546d9f60-20b2-47ed-bd7d-3e787a57acf5
mock_546d9f60_G9B_028,MOCK-546D-G9B-028,"Dennis Wairimu Barasa","Grade 9 B",Male,"UTAWALA HIGH SCHOOL",546d9f60-20b2-47ed-bd7d-3e787a57acf5
mock_546d9f60_G9B_029,MOCK-546D-G9B-029,"Dennis Kipchoge Karanja","Grade 9 B",Male,"UTAWALA HIGH SCHOOL",546d9f60-20b2-47ed-bd7d-3e787a57acf5
mock_546d9f60_G9B_030,MOCK-546D-G9B-030,"Ian Akinyi Kamau","Grade 9 B",Male,"UTAWALA HIGH SCHOOL",546d9f60-20b2-47ed-bd7d-3e787a57acf5
mock_546d9f60_G9B_031,MOCK-546D-G9B-031,"Nicholas Atieno Kiplagat","Grade 9 B",Male,"UTAWALA HIGH SCHOOL",546d9f60-20b2-47ed-bd7d-3e787a57acf5
mock_546d9f60_G9B_032,MOCK-546D-G9B-032,"Patrick Onyango Mutiso","Grade 9 B",Male,"UTAWALA HIGH SCHOOL",546d9f60-20b2-47ed-bd7d-3e787a57acf5
mock_546d9f60_G9B_033,MOCK-546D-G9B-033,"Sharon Otieno Mutiso","Grade 9 B",Female,"UTAWALA HIGH SCHOOL",546d9f60-20b2-47ed-bd7d-3e787a57acf5
mock_546d9f60_G9B_034,MOCK-546D-G9B-034,"Kevin Barasa Auma","Grade 9 B",Male,"UTAWALA HIGH SCHOOL",546d9f60-20b2-47ed-bd7d-3e787a57acf5
mock_546d9f60_G9B_035,MOCK-546D-G9B-035,"Emmanuel Onyango Maina","Grade 9 B",Male,"UTAWALA HIGH SCHOOL",546d9f60-20b2-47ed-bd7d-3e787a57acf5
mock_546d9f60_G9B_036,MOCK-546D-G9B-036,"Allan Juma Barasa","Grade 9 B",Male,"UTAWALA HIGH SCHOOL",546d9f60-20b2-47ed-bd7d-3e787a57acf5
mock_546d9f60_G9B_037,MOCK-546D-G9B-037,"Eunice Nyokabi Onyango","Grade 9 B",Female,"UTAWALA HIGH SCHOOL",546d9f60-20b2-47ed-bd7d-3e787a57acf5
mock_546d9f60_G9B_038,MOCK-546D-G9B-038,"Cornelius Onyango Chebet","Grade 9 B",Male,"UTAWALA HIGH SCHOOL",546d9f60-20b2-47ed-bd7d-3e787a57acf5
mock_546d9f60_G9B_039,MOCK-546D-G9B-039,"Diana Adhiambo Owino","Grade 9 B",Female,"UTAWALA HIGH SCHOOL",546d9f60-20b2-47ed-bd7d-3e787a57acf5
mock_546d9f60_G9B_040,MOCK-546D-G9B-040,"Gideon Auma Chebet","Grade 9 B",Male,"UTAWALA HIGH SCHOOL",546d9f60-20b2-47ed-bd7d-3e787a57acf5
mock_546d9f60_G9B_041,MOCK-546D-G9B-041,"Peter Were Karanja","Grade 9 B",Male,"UTAWALA HIGH SCHOOL",546d9f60-20b2-47ed-bd7d-3e787a57acf5
mock_546d9f60_G9B_042,MOCK-546D-G9B-042,"Felix Kamau Nyokabi","Grade 9 B",Male,"UTAWALA HIGH SCHOOL",546d9f60-20b2-47ed-bd7d-3e787a57acf5
mock_546d9f60_G9B_043,MOCK-546D-G9B-043,"Mercy Atieno Wafula","Grade 9 B",Female,"UTAWALA HIGH SCHOOL",546d9f60-20b2-47ed-bd7d-3e787a57acf5
mock_546d9f60_G9B_044,MOCK-546D-G9B-044,"Stephen Akinyi Maina","Grade 9 B",Male,"UTAWALA HIGH SCHOOL",546d9f60-20b2-47ed-bd7d-3e787a57acf5
mock_546d9f60_G9B_045,MOCK-546D-G9B-045,"Duncan Maina Were","Grade 9 B",Male,"UTAWALA HIGH SCHOOL",546d9f60-20b2-47ed-bd7d-3e787a57acf5
mock_546d9f60_G9B_046,MOCK-546D-G9B-046,"Joy Wanjiru Mbugua","Grade 9 B",Female,"UTAWALA HIGH SCHOOL",546d9f60-20b2-47ed-bd7d-3e787a57acf5
mock_546d9f60_G9B_047,MOCK-546D-G9B-047,"Ian Mwangi Korir","Grade 9 B",Male,"UTAWALA HIGH SCHOOL",546d9f60-20b2-47ed-bd7d-3e787a57acf5
mock_546d9f60_G9B_048,MOCK-546D-G9B-048,"Dennis Mutua Onyango","Grade 9 B",Male,"UTAWALA HIGH SCHOOL",546d9f60-20b2-47ed-bd7d-3e787a57acf5
mock_546d9f60_G9B_049,MOCK-546D-G9B-049,"Victor Kibet Cheruiyot","Grade 9 B",Male,"UTAWALA HIGH SCHOOL",546d9f60-20b2-47ed-bd7d-3e787a57acf5
mock_546d9f60_G9B_050,MOCK-546D-G9B-050,"Valentine Mwangi Rotich","Grade 9 B",Female,"UTAWALA HIGH SCHOOL",546d9f60-20b2-47ed-bd7d-3e787a57acf5
mock_546d9f60_G9B_051,MOCK-546D-G9B-051,"Charles Barasa Were","Grade 9 B",Male,"UTAWALA HIGH SCHOOL",546d9f60-20b2-47ed-bd7d-3e787a57acf5
mock_546d9f60_G9B_052,MOCK-546D-G9B-052,"Purity Korir Akinyi","Grade 9 B",Female,"UTAWALA HIGH SCHOOL",546d9f60-20b2-47ed-bd7d-3e787a57acf5
mock_546d9f60_G9B_053,MOCK-546D-G9B-053,"Vincent Njoroge Atieno","Grade 9 B",Male,"UTAWALA HIGH SCHOOL",546d9f60-20b2-47ed-bd7d-3e787a57acf5
mock_546d9f60_G9B_054,MOCK-546D-G9B-054,"Beatrice Nyambura Auma","Grade 9 B",Female,"UTAWALA HIGH SCHOOL",546d9f60-20b2-47ed-bd7d-3e787a57acf5
mock_546d9f60_G9B_055,MOCK-546D-G9B-055,"Ian Juma Karanja","Grade 9 B",Male,"UTAWALA HIGH SCHOOL",546d9f60-20b2-47ed-bd7d-3e787a57acf5
mock_546d9f60_G9B_056,MOCK-546D-G9B-056,"Joseph Mutua Wanjiru","Grade 9 B",Male,"UTAWALA HIGH SCHOOL",546d9f60-20b2-47ed-bd7d-3e787a57acf5
mock_546d9f60_G9B_057,MOCK-546D-G9B-057,"Brian Kamau Wairimu","Grade 9 B",Male,"UTAWALA HIGH SCHOOL",546d9f60-20b2-47ed-bd7d-3e787a57acf5
mock_546d9f60_G9B_058,MOCK-546D-G9B-058,"Mitchelle Maina Rotich","Grade 9 B",Female,"UTAWALA HIGH SCHOOL",546d9f60-20b2-47ed-bd7d-3e787a57acf5
mock_546d9f60_G9B_059,MOCK-546D-G9B-059,"Lucy Juma Were","Grade 9 B",Female,"UTAWALA HIGH SCHOOL",546d9f60-20b2-47ed-bd7d-3e787a57acf5
mock_546d9f60_G9B_060,MOCK-546D-G9B-060,"Cornelius Atieno Otieno","Grade 9 B",Male,"UTAWALA HIGH SCHOOL",546d9f60-20b2-47ed-bd7d-3e787a57acf5
mock_546d9f60_G10A_001,MOCK-546D-G10A-001,"Brayan Odhiambo Ochieng","Grade 10 A",Male,"UTAWALA HIGH SCHOOL",546d9f60-20b2-47ed-bd7d-3e787a57acf5
mock_546d9f60_G10A_002,MOCK-546D-G10A-002,"Fredrick Kariuki Kamau","Grade 10 A",Male,"UTAWALA HIGH SCHOOL",546d9f60-20b2-47ed-bd7d-3e787a57acf5
mock_546d9f60_G10A_003,MOCK-546D-G10A-003,"Grace Kamau Wambui","Grade 10 A",Female,"UTAWALA HIGH SCHOOL",546d9f60-20b2-47ed-bd7d-3e787a57acf5
mock_546d9f60_G10A_004,MOCK-546D-G10A-004,"Brenda Kibet Rotich","Grade 10 A",Female,"UTAWALA HIGH SCHOOL",546d9f60-20b2-47ed-bd7d-3e787a57acf5
mock_546d9f60_G10A_005,MOCK-546D-G10A-005,"Patrick Onyango Kariuki","Grade 10 A",Male,"UTAWALA HIGH SCHOOL",546d9f60-20b2-47ed-bd7d-3e787a57acf5
mock_546d9f60_G10A_006,MOCK-546D-G10A-006,"Winnie Simiyu Mwangi","Grade 10 A",Female,"UTAWALA HIGH SCHOOL",546d9f60-20b2-47ed-bd7d-3e787a57acf5
mock_546d9f60_G10A_007,MOCK-546D-G10A-007,"Cornelius Wairimu Adhiambo","Grade 10 A",Male,"UTAWALA HIGH SCHOOL",546d9f60-20b2-47ed-bd7d-3e787a57acf5
mock_546d9f60_G10A_008,MOCK-546D-G10A-008,"Victor Onyango Adhiambo","Grade 10 A",Male,"UTAWALA HIGH SCHOOL",546d9f60-20b2-47ed-bd7d-3e787a57acf5
mock_546d9f60_G10A_009,MOCK-546D-G10A-009,"Mercy Were Kipchoge","Grade 10 A",Female,"UTAWALA HIGH SCHOOL",546d9f60-20b2-47ed-bd7d-3e787a57acf5
mock_546d9f60_G10A_010,MOCK-546D-G10A-010,"Brian Barasa Maina","Grade 10 A",Male,"UTAWALA HIGH SCHOOL",546d9f60-20b2-47ed-bd7d-3e787a57acf5
mock_546d9f60_G10A_011,MOCK-546D-G10A-011,"Stephen Cheruiyot Were","Grade 10 A",Male,"UTAWALA HIGH SCHOOL",546d9f60-20b2-47ed-bd7d-3e787a57acf5
mock_546d9f60_G10A_012,MOCK-546D-G10A-012,"Michael Kamau Otieno","Grade 10 A",Male,"UTAWALA HIGH SCHOOL",546d9f60-20b2-47ed-bd7d-3e787a57acf5
mock_546d9f60_G10A_013,MOCK-546D-G10A-013,"Mary Mbugua Onyango","Grade 10 A",Female,"UTAWALA HIGH SCHOOL",546d9f60-20b2-47ed-bd7d-3e787a57acf5
mock_546d9f60_G10A_014,MOCK-546D-G10A-014,"Joy Nyokabi Omondi","Grade 10 A",Female,"UTAWALA HIGH SCHOOL",546d9f60-20b2-47ed-bd7d-3e787a57acf5
mock_546d9f60_G10A_015,MOCK-546D-G10A-015,"Janet Njeri Chebet","Grade 10 A",Female,"UTAWALA HIGH SCHOOL",546d9f60-20b2-47ed-bd7d-3e787a57acf5
mock_546d9f60_G10A_016,MOCK-546D-G10A-016,"Mitchelle Wambui Kiplagat","Grade 10 A",Female,"UTAWALA HIGH SCHOOL",546d9f60-20b2-47ed-bd7d-3e787a57acf5
mock_546d9f60_G10A_017,MOCK-546D-G10A-017,"Elvis Karanja Mbugua","Grade 10 A",Male,"UTAWALA HIGH SCHOOL",546d9f60-20b2-47ed-bd7d-3e787a57acf5
mock_546d9f60_G10A_018,MOCK-546D-G10A-018,"Victor Maina Kibet","Grade 10 A",Male,"UTAWALA HIGH SCHOOL",546d9f60-20b2-47ed-bd7d-3e787a57acf5
mock_546d9f60_G10A_019,MOCK-546D-G10A-019,"Maureen Auma Kibet","Grade 10 A",Female,"UTAWALA HIGH SCHOOL",546d9f60-20b2-47ed-bd7d-3e787a57acf5
mock_546d9f60_G10A_020,MOCK-546D-G10A-020,"Fredrick Chepkemoi Were","Grade 10 A",Male,"UTAWALA HIGH SCHOOL",546d9f60-20b2-47ed-bd7d-3e787a57acf5
mock_546d9f60_G10A_021,MOCK-546D-G10A-021,"Peter Njeri Njoroge","Grade 10 A",Male,"UTAWALA HIGH SCHOOL",546d9f60-20b2-47ed-bd7d-3e787a57acf5
mock_546d9f60_G10A_022,MOCK-546D-G10A-022,"Patrick Omondi Atieno","Grade 10 A",Male,"UTAWALA HIGH SCHOOL",546d9f60-20b2-47ed-bd7d-3e787a57acf5
mock_546d9f60_G10A_023,MOCK-546D-G10A-023,"Joy Rotich Auma","Grade 10 A",Female,"UTAWALA HIGH SCHOOL",546d9f60-20b2-47ed-bd7d-3e787a57acf5
mock_546d9f60_G10A_024,MOCK-546D-G10A-024,"Lucy Ochieng Wairimu","Grade 10 A",Female,"UTAWALA HIGH SCHOOL",546d9f60-20b2-47ed-bd7d-3e787a57acf5
mock_546d9f60_G10A_025,MOCK-546D-G10A-025,"Cynthia Auma Kiplagat","Grade 10 A",Female,"UTAWALA HIGH SCHOOL",546d9f60-20b2-47ed-bd7d-3e787a57acf5
mock_546d9f60_G10A_026,MOCK-546D-G10A-026,"Victor Adhiambo Gitau","Grade 10 A",Male,"UTAWALA HIGH SCHOOL",546d9f60-20b2-47ed-bd7d-3e787a57acf5
mock_546d9f60_G10A_027,MOCK-546D-G10A-027,"Purity Kariuki Owino","Grade 10 A",Female,"UTAWALA HIGH SCHOOL",546d9f60-20b2-47ed-bd7d-3e787a57acf5
mock_546d9f60_G10A_028,MOCK-546D-G10A-028,"Eric Karanja Mutua","Grade 10 A",Male,"UTAWALA HIGH SCHOOL",546d9f60-20b2-47ed-bd7d-3e787a57acf5
mock_546d9f60_G10A_029,MOCK-546D-G10A-029,"Brayan Adhiambo Kiplagat","Grade 10 A",Male,"UTAWALA HIGH SCHOOL",546d9f60-20b2-47ed-bd7d-3e787a57acf5
mock_546d9f60_G10A_030,MOCK-546D-G10A-030,"Faith Akinyi Chepkemoi","Grade 10 A",Female,"UTAWALA HIGH SCHOOL",546d9f60-20b2-47ed-bd7d-3e787a57acf5
mock_546d9f60_G10A_031,MOCK-546D-G10A-031,"Mercy Wairimu Mbugua","Grade 10 A",Female,"UTAWALA HIGH SCHOOL",546d9f60-20b2-47ed-bd7d-3e787a57acf5
mock_546d9f60_G10A_032,MOCK-546D-G10A-032,"Nancy Chebet Rotich","Grade 10 A",Female,"UTAWALA HIGH SCHOOL",546d9f60-20b2-47ed-bd7d-3e787a57acf5
mock_546d9f60_G10A_033,MOCK-546D-G10A-033,"Felix Wairimu Akinyi","Grade 10 A",Male,"UTAWALA HIGH SCHOOL",546d9f60-20b2-47ed-bd7d-3e787a57acf5
mock_546d9f60_G10A_034,MOCK-546D-G10A-034,"Rose Were Wafula","Grade 10 A",Female,"UTAWALA HIGH SCHOOL",546d9f60-20b2-47ed-bd7d-3e787a57acf5
mock_546d9f60_G10A_035,MOCK-546D-G10A-035,"Purity Otieno Were","Grade 10 A",Female,"UTAWALA HIGH SCHOOL",546d9f60-20b2-47ed-bd7d-3e787a57acf5
mock_546d9f60_G10A_036,MOCK-546D-G10A-036,"Lucy Barasa Kariuki","Grade 10 A",Female,"UTAWALA HIGH SCHOOL",546d9f60-20b2-47ed-bd7d-3e787a57acf5
mock_546d9f60_G10A_037,MOCK-546D-G10A-037,"Nicholas Maina Mwangi","Grade 10 A",Male,"UTAWALA HIGH SCHOOL",546d9f60-20b2-47ed-bd7d-3e787a57acf5
mock_546d9f60_G10A_038,MOCK-546D-G10A-038,"Collins Achieng Chebet","Grade 10 A",Male,"UTAWALA HIGH SCHOOL",546d9f60-20b2-47ed-bd7d-3e787a57acf5
mock_546d9f60_G10A_039,MOCK-546D-G10A-039,"Elvis Onyango Kiplagat","Grade 10 A",Male,"UTAWALA HIGH SCHOOL",546d9f60-20b2-47ed-bd7d-3e787a57acf5
mock_546d9f60_G10A_040,MOCK-546D-G10A-040,"Janet Karanja Mwangi","Grade 10 A",Female,"UTAWALA HIGH SCHOOL",546d9f60-20b2-47ed-bd7d-3e787a57acf5
mock_546d9f60_G10A_041,MOCK-546D-G10A-041,"Peter Rotich Wafula","Grade 10 A",Male,"UTAWALA HIGH SCHOOL",546d9f60-20b2-47ed-bd7d-3e787a57acf5
mock_546d9f60_G10A_042,MOCK-546D-G10A-042,"Felix Achieng Mutiso","Grade 10 A",Male,"UTAWALA HIGH SCHOOL",546d9f60-20b2-47ed-bd7d-3e787a57acf5
mock_546d9f60_G10A_043,MOCK-546D-G10A-043,"Diana Ochieng Achieng","Grade 10 A",Female,"UTAWALA HIGH SCHOOL",546d9f60-20b2-47ed-bd7d-3e787a57acf5
mock_546d9f60_G10A_044,MOCK-546D-G10A-044,"Kevin Odhiambo Cheruiyot","Grade 10 A",Male,"UTAWALA HIGH SCHOOL",546d9f60-20b2-47ed-bd7d-3e787a57acf5
mock_546d9f60_G10A_045,MOCK-546D-G10A-045,"Eric Akinyi Owino","Grade 10 A",Male,"UTAWALA HIGH SCHOOL",546d9f60-20b2-47ed-bd7d-3e787a57acf5
mock_546d9f60_G10A_046,MOCK-546D-G10A-046,"Gideon Wanjiru Mutiso","Grade 10 A",Male,"UTAWALA HIGH SCHOOL",546d9f60-20b2-47ed-bd7d-3e787a57acf5
mock_546d9f60_G10A_047,MOCK-546D-G10A-047,"Cornelius Nyambura Nyokabi","Grade 10 A",Male,"UTAWALA HIGH SCHOOL",546d9f60-20b2-47ed-bd7d-3e787a57acf5
mock_546d9f60_G10A_048,MOCK-546D-G10A-048,"Elvis Mwangi Barasa","Grade 10 A",Male,"UTAWALA HIGH SCHOOL",546d9f60-20b2-47ed-bd7d-3e787a57acf5
mock_546d9f60_G10A_049,MOCK-546D-G10A-049,"Beatrice Korir Kibet","Grade 10 A",Female,"UTAWALA HIGH SCHOOL",546d9f60-20b2-47ed-bd7d-3e787a57acf5
mock_546d9f60_G10A_050,MOCK-546D-G10A-050,"Victor Maina Kibet","Grade 10 A",Male,"UTAWALA HIGH SCHOOL",546d9f60-20b2-47ed-bd7d-3e787a57acf5
mock_546d9f60_G10A_051,MOCK-546D-G10A-051,"Dennis Akinyi Korir","Grade 10 A",Male,"UTAWALA HIGH SCHOOL",546d9f60-20b2-47ed-bd7d-3e787a57acf5
mock_546d9f60_G10A_052,MOCK-546D-G10A-052,"Ian Adhiambo Mbugua","Grade 10 A",Male,"UTAWALA HIGH SCHOOL",546d9f60-20b2-47ed-bd7d-3e787a57acf5
mock_546d9f60_G10A_053,MOCK-546D-G10A-053,"Christine Juma Mutiso","Grade 10 A",Female,"UTAWALA HIGH SCHOOL",546d9f60-20b2-47ed-bd7d-3e787a57acf5
mock_546d9f60_G10A_054,MOCK-546D-G10A-054,"Stella Juma Wairimu","Grade 10 A",Female,"UTAWALA HIGH SCHOOL",546d9f60-20b2-47ed-bd7d-3e787a57acf5
mock_546d9f60_G10A_055,MOCK-546D-G10A-055,"Nicholas Njoroge Nyambura","Grade 10 A",Male,"UTAWALA HIGH SCHOOL",546d9f60-20b2-47ed-bd7d-3e787a57acf5
mock_546d9f60_G10A_056,MOCK-546D-G10A-056,"Fredrick Akinyi Kariuki","Grade 10 A",Male,"UTAWALA HIGH SCHOOL",546d9f60-20b2-47ed-bd7d-3e787a57acf5
mock_546d9f60_G10A_057,MOCK-546D-G10A-057,"Eric Ochieng Chepkemoi","Grade 10 A",Male,"UTAWALA HIGH SCHOOL",546d9f60-20b2-47ed-bd7d-3e787a57acf5
mock_546d9f60_G10A_058,MOCK-546D-G10A-058,"Beatrice Mutua Adhiambo","Grade 10 A",Female,"UTAWALA HIGH SCHOOL",546d9f60-20b2-47ed-bd7d-3e787a57acf5
mock_546d9f60_G10A_059,MOCK-546D-G10A-059,"Ian Akinyi Kipchoge","Grade 10 A",Male,"UTAWALA HIGH SCHOOL",546d9f60-20b2-47ed-bd7d-3e787a57acf5
mock_546d9f60_G10A_060,MOCK-546D-G10A-060,"Brian Were Karanja","Grade 10 A",Male,"UTAWALA HIGH SCHOOL",546d9f60-20b2-47ed-bd7d-3e787a57acf5
mock_546d9f60_G10B_001,MOCK-546D-G10B-001,"Ian Mbugua Rotich","Grade 10 B",Male,"UTAWALA HIGH SCHOOL",546d9f60-20b2-47ed-bd7d-3e787a57acf5
mock_546d9f60_G10B_002,MOCK-546D-G10B-002,"Brian Maina Maina","Grade 10 B",Male,"UTAWALA HIGH SCHOOL",546d9f60-20b2-47ed-bd7d-3e787a57acf5
mock_546d9f60_G10B_003,MOCK-546D-G10B-003,"Martin Karanja Karanja","Grade 10 B",Male,"UTAWALA HIGH SCHOOL",546d9f60-20b2-47ed-bd7d-3e787a57acf5
mock_546d9f60_G10B_004,MOCK-546D-G10B-004,"Dennis Akinyi Kamau","Grade 10 B",Male,"UTAWALA HIGH SCHOOL",546d9f60-20b2-47ed-bd7d-3e787a57acf5
mock_546d9f60_G10B_005,MOCK-546D-G10B-005,"Sharon Kipchoge Kariuki","Grade 10 B",Female,"UTAWALA HIGH SCHOOL",546d9f60-20b2-47ed-bd7d-3e787a57acf5
mock_546d9f60_G10B_006,MOCK-546D-G10B-006,"Lydia Otieno Wambui","Grade 10 B",Female,"UTAWALA HIGH SCHOOL",546d9f60-20b2-47ed-bd7d-3e787a57acf5
mock_546d9f60_G10B_007,MOCK-546D-G10B-007,"Lydia Cheruiyot Kipchoge","Grade 10 B",Female,"UTAWALA HIGH SCHOOL",546d9f60-20b2-47ed-bd7d-3e787a57acf5
mock_546d9f60_G10B_008,MOCK-546D-G10B-008,"Dennis Mutiso Juma","Grade 10 B",Male,"UTAWALA HIGH SCHOOL",546d9f60-20b2-47ed-bd7d-3e787a57acf5
mock_546d9f60_G10B_009,MOCK-546D-G10B-009,"Mary Adhiambo Cheruiyot","Grade 10 B",Female,"UTAWALA HIGH SCHOOL",546d9f60-20b2-47ed-bd7d-3e787a57acf5
mock_546d9f60_G10B_010,MOCK-546D-G10B-010,"Fredrick Chepkemoi Kamau","Grade 10 B",Male,"UTAWALA HIGH SCHOOL",546d9f60-20b2-47ed-bd7d-3e787a57acf5
mock_546d9f60_G10B_011,MOCK-546D-G10B-011,"Peter Simiyu Chepkemoi","Grade 10 B",Male,"UTAWALA HIGH SCHOOL",546d9f60-20b2-47ed-bd7d-3e787a57acf5
mock_546d9f60_G10B_012,MOCK-546D-G10B-012,"Caroline Onyango Njoroge","Grade 10 B",Female,"UTAWALA HIGH SCHOOL",546d9f60-20b2-47ed-bd7d-3e787a57acf5
mock_546d9f60_G10B_013,MOCK-546D-G10B-013,"Faith Wambui Omondi","Grade 10 B",Female,"UTAWALA HIGH SCHOOL",546d9f60-20b2-47ed-bd7d-3e787a57acf5
mock_546d9f60_G10B_014,MOCK-546D-G10B-014,"Caroline Gitau Mutiso","Grade 10 B",Female,"UTAWALA HIGH SCHOOL",546d9f60-20b2-47ed-bd7d-3e787a57acf5
mock_546d9f60_G10B_015,MOCK-546D-G10B-015,"Ian Mwangi Achieng","Grade 10 B",Male,"UTAWALA HIGH SCHOOL",546d9f60-20b2-47ed-bd7d-3e787a57acf5
mock_546d9f60_G10B_016,MOCK-546D-G10B-016,"Ian Kariuki Mutiso","Grade 10 B",Male,"UTAWALA HIGH SCHOOL",546d9f60-20b2-47ed-bd7d-3e787a57acf5
mock_546d9f60_G10B_017,MOCK-546D-G10B-017,"Linet Onyango Atieno","Grade 10 B",Female,"UTAWALA HIGH SCHOOL",546d9f60-20b2-47ed-bd7d-3e787a57acf5
mock_546d9f60_G10B_018,MOCK-546D-G10B-018,"Joseph Njoroge Simiyu","Grade 10 B",Male,"UTAWALA HIGH SCHOOL",546d9f60-20b2-47ed-bd7d-3e787a57acf5
mock_546d9f60_G10B_019,MOCK-546D-G10B-019,"Janet Kibet Simiyu","Grade 10 B",Female,"UTAWALA HIGH SCHOOL",546d9f60-20b2-47ed-bd7d-3e787a57acf5
mock_546d9f60_G10B_020,MOCK-546D-G10B-020,"Janet Wanjiru Korir","Grade 10 B",Female,"UTAWALA HIGH SCHOOL",546d9f60-20b2-47ed-bd7d-3e787a57acf5
mock_546d9f60_G10B_021,MOCK-546D-G10B-021,"Ann Akinyi Adhiambo","Grade 10 B",Female,"UTAWALA HIGH SCHOOL",546d9f60-20b2-47ed-bd7d-3e787a57acf5
mock_546d9f60_G10B_022,MOCK-546D-G10B-022,"George Karanja Nyokabi","Grade 10 B",Male,"UTAWALA HIGH SCHOOL",546d9f60-20b2-47ed-bd7d-3e787a57acf5
mock_546d9f60_G10B_023,MOCK-546D-G10B-023,"Ian Akinyi Korir","Grade 10 B",Male,"UTAWALA HIGH SCHOOL",546d9f60-20b2-47ed-bd7d-3e787a57acf5
mock_546d9f60_G10B_024,MOCK-546D-G10B-024,"Charles Mbugua Nyokabi","Grade 10 B",Male,"UTAWALA HIGH SCHOOL",546d9f60-20b2-47ed-bd7d-3e787a57acf5
mock_546d9f60_G10B_025,MOCK-546D-G10B-025,"Charles Adhiambo Karanja","Grade 10 B",Male,"UTAWALA HIGH SCHOOL",546d9f60-20b2-47ed-bd7d-3e787a57acf5
mock_546d9f60_G10B_026,MOCK-546D-G10B-026,"Emmanuel Kamau Njeri","Grade 10 B",Male,"UTAWALA HIGH SCHOOL",546d9f60-20b2-47ed-bd7d-3e787a57acf5
mock_546d9f60_G10B_027,MOCK-546D-G10B-027,"Eunice Chepkemoi Auma","Grade 10 B",Female,"UTAWALA HIGH SCHOOL",546d9f60-20b2-47ed-bd7d-3e787a57acf5
mock_546d9f60_G10B_028,MOCK-546D-G10B-028,"George Wanjiru Atieno","Grade 10 B",Male,"UTAWALA HIGH SCHOOL",546d9f60-20b2-47ed-bd7d-3e787a57acf5
mock_546d9f60_G10B_029,MOCK-546D-G10B-029,"Kevin Mbugua Kibet","Grade 10 B",Male,"UTAWALA HIGH SCHOOL",546d9f60-20b2-47ed-bd7d-3e787a57acf5
mock_546d9f60_G10B_030,MOCK-546D-G10B-030,"Victor Onyango Wafula","Grade 10 B",Male,"UTAWALA HIGH SCHOOL",546d9f60-20b2-47ed-bd7d-3e787a57acf5
mock_546d9f60_G10B_031,MOCK-546D-G10B-031,"Nicholas Auma Cheruiyot","Grade 10 B",Male,"UTAWALA HIGH SCHOOL",546d9f60-20b2-47ed-bd7d-3e787a57acf5
mock_546d9f60_G10B_032,MOCK-546D-G10B-032,"Eric Kibet Wambui","Grade 10 B",Male,"UTAWALA HIGH SCHOOL",546d9f60-20b2-47ed-bd7d-3e787a57acf5
mock_546d9f60_G10B_033,MOCK-546D-G10B-033,"Cornelius Wanjiru Kipchoge","Grade 10 B",Male,"UTAWALA HIGH SCHOOL",546d9f60-20b2-47ed-bd7d-3e787a57acf5
mock_546d9f60_G10B_034,MOCK-546D-G10B-034,"Fredrick Njoroge Kiplagat","Grade 10 B",Male,"UTAWALA HIGH SCHOOL",546d9f60-20b2-47ed-bd7d-3e787a57acf5
mock_546d9f60_G10B_035,MOCK-546D-G10B-035,"Peter Maina Kibet","Grade 10 B",Male,"UTAWALA HIGH SCHOOL",546d9f60-20b2-47ed-bd7d-3e787a57acf5
mock_546d9f60_G10B_036,MOCK-546D-G10B-036,"Felix Maina Mutiso","Grade 10 B",Male,"UTAWALA HIGH SCHOOL",546d9f60-20b2-47ed-bd7d-3e787a57acf5
mock_546d9f60_G10B_037,MOCK-546D-G10B-037,"Eunice Barasa Wairimu","Grade 10 B",Female,"UTAWALA HIGH SCHOOL",546d9f60-20b2-47ed-bd7d-3e787a57acf5
mock_546d9f60_G10B_038,MOCK-546D-G10B-038,"Dennis Wafula Otieno","Grade 10 B",Male,"UTAWALA HIGH SCHOOL",546d9f60-20b2-47ed-bd7d-3e787a57acf5
mock_546d9f60_G10B_039,MOCK-546D-G10B-039,"Cornelius Cheruiyot Wairimu","Grade 10 B",Male,"UTAWALA HIGH SCHOOL",546d9f60-20b2-47ed-bd7d-3e787a57acf5
mock_546d9f60_G10B_040,MOCK-546D-G10B-040,"Maureen Kariuki Nyambura","Grade 10 B",Female,"UTAWALA HIGH SCHOOL",546d9f60-20b2-47ed-bd7d-3e787a57acf5
mock_546d9f60_G10B_041,MOCK-546D-G10B-041,"Lydia Nyokabi Omondi","Grade 10 B",Female,"UTAWALA HIGH SCHOOL",546d9f60-20b2-47ed-bd7d-3e787a57acf5
mock_546d9f60_G10B_042,MOCK-546D-G10B-042,"Esther Mwangi Kamau","Grade 10 B",Female,"UTAWALA HIGH SCHOOL",546d9f60-20b2-47ed-bd7d-3e787a57acf5
mock_546d9f60_G10B_043,MOCK-546D-G10B-043,"Dennis Mutiso Karanja","Grade 10 B",Male,"UTAWALA HIGH SCHOOL",546d9f60-20b2-47ed-bd7d-3e787a57acf5
mock_546d9f60_G10B_044,MOCK-546D-G10B-044,"Mercy Juma Odhiambo","Grade 10 B",Female,"UTAWALA HIGH SCHOOL",546d9f60-20b2-47ed-bd7d-3e787a57acf5
mock_546d9f60_G10B_045,MOCK-546D-G10B-045,"Caroline Mutua Njoroge","Grade 10 B",Female,"UTAWALA HIGH SCHOOL",546d9f60-20b2-47ed-bd7d-3e787a57acf5
mock_546d9f60_G10B_046,MOCK-546D-G10B-046,"Martin Cheruiyot Maina","Grade 10 B",Male,"UTAWALA HIGH SCHOOL",546d9f60-20b2-47ed-bd7d-3e787a57acf5
mock_546d9f60_G10B_047,MOCK-546D-G10B-047,"Gideon Were Akinyi","Grade 10 B",Male,"UTAWALA HIGH SCHOOL",546d9f60-20b2-47ed-bd7d-3e787a57acf5
mock_546d9f60_G10B_048,MOCK-546D-G10B-048,"Linet Were Were","Grade 10 B",Female,"UTAWALA HIGH SCHOOL",546d9f60-20b2-47ed-bd7d-3e787a57acf5
mock_546d9f60_G10B_049,MOCK-546D-G10B-049,"Mary Simiyu Mwangi","Grade 10 B",Female,"UTAWALA HIGH SCHOOL",546d9f60-20b2-47ed-bd7d-3e787a57acf5
mock_546d9f60_G10B_050,MOCK-546D-G10B-050,"Mitchelle Karanja Kipchoge","Grade 10 B",Female,"UTAWALA HIGH SCHOOL",546d9f60-20b2-47ed-bd7d-3e787a57acf5
mock_546d9f60_G10B_051,MOCK-546D-G10B-051,"Grace Kipchoge Karanja","Grade 10 B",Female,"UTAWALA HIGH SCHOOL",546d9f60-20b2-47ed-bd7d-3e787a57acf5
mock_546d9f60_G10B_052,MOCK-546D-G10B-052,"Brayan Auma Achieng","Grade 10 B",Male,"UTAWALA HIGH SCHOOL",546d9f60-20b2-47ed-bd7d-3e787a57acf5
mock_546d9f60_G10B_053,MOCK-546D-G10B-053,"Janet Kiplagat Auma","Grade 10 B",Female,"UTAWALA HIGH SCHOOL",546d9f60-20b2-47ed-bd7d-3e787a57acf5
mock_546d9f60_G10B_054,MOCK-546D-G10B-054,"George Wairimu Njoroge","Grade 10 B",Male,"UTAWALA HIGH SCHOOL",546d9f60-20b2-47ed-bd7d-3e787a57acf5
mock_546d9f60_G10B_055,MOCK-546D-G10B-055,"Joseph Mbugua Atieno","Grade 10 B",Male,"UTAWALA HIGH SCHOOL",546d9f60-20b2-47ed-bd7d-3e787a57acf5
mock_546d9f60_G10B_056,MOCK-546D-G10B-056,"Daniel Njeri Wafula","Grade 10 B",Male,"UTAWALA HIGH SCHOOL",546d9f60-20b2-47ed-bd7d-3e787a57acf5
mock_546d9f60_G10B_057,MOCK-546D-G10B-057,"Stella Akinyi Mwangi","Grade 10 B",Female,"UTAWALA HIGH SCHOOL",546d9f60-20b2-47ed-bd7d-3e787a57acf5
mock_546d9f60_G10B_058,MOCK-546D-G10B-058,"Duncan Atieno Omondi","Grade 10 B",Male,"UTAWALA HIGH SCHOOL",546d9f60-20b2-47ed-bd7d-3e787a57acf5
mock_546d9f60_G10B_059,MOCK-546D-G10B-059,"Gideon Omondi Otieno","Grade 10 B",Male,"UTAWALA HIGH SCHOOL",546d9f60-20b2-47ed-bd7d-3e787a57acf5
mock_546d9f60_G10B_060,MOCK-546D-G10B-060,"Faith Mbugua Mutiso","Grade 10 B",Female,"UTAWALA HIGH SCHOOL",546d9f60-20b2-47ed-bd7d-3e787a57acf5
mock_546d9f60_G11A_001,MOCK-546D-G11A-001,"George Nyambura Were","Grade 11 A",Male,"UTAWALA HIGH SCHOOL",546d9f60-20b2-47ed-bd7d-3e787a57acf5
mock_546d9f60_G11A_002,MOCK-546D-G11A-002,"George Mutua Njeri","Grade 11 A",Male,"UTAWALA HIGH SCHOOL",546d9f60-20b2-47ed-bd7d-3e787a57acf5
mock_546d9f60_G11A_003,MOCK-546D-G11A-003,"Janet Auma Chepkemoi","Grade 11 A",Female,"UTAWALA HIGH SCHOOL",546d9f60-20b2-47ed-bd7d-3e787a57acf5
mock_546d9f60_G11A_004,MOCK-546D-G11A-004,"Beatrice Wairimu Mutua","Grade 11 A",Female,"UTAWALA HIGH SCHOOL",546d9f60-20b2-47ed-bd7d-3e787a57acf5
mock_546d9f60_G11A_005,MOCK-546D-G11A-005,"Gideon Nyokabi Mwangi","Grade 11 A",Male,"UTAWALA HIGH SCHOOL",546d9f60-20b2-47ed-bd7d-3e787a57acf5
mock_546d9f60_G11A_006,MOCK-546D-G11A-006,"Sharon Njeri Achieng","Grade 11 A",Female,"UTAWALA HIGH SCHOOL",546d9f60-20b2-47ed-bd7d-3e787a57acf5
mock_546d9f60_G11A_007,MOCK-546D-G11A-007,"Sylvia Nyokabi Cheruiyot","Grade 11 A",Female,"UTAWALA HIGH SCHOOL",546d9f60-20b2-47ed-bd7d-3e787a57acf5
mock_546d9f60_G11A_008,MOCK-546D-G11A-008,"Brenda Atieno Juma","Grade 11 A",Female,"UTAWALA HIGH SCHOOL",546d9f60-20b2-47ed-bd7d-3e787a57acf5
mock_546d9f60_G11A_009,MOCK-546D-G11A-009,"Duncan Cheruiyot Wairimu","Grade 11 A",Male,"UTAWALA HIGH SCHOOL",546d9f60-20b2-47ed-bd7d-3e787a57acf5
mock_546d9f60_G11A_010,MOCK-546D-G11A-010,"Sharon Chepkemoi Ochieng","Grade 11 A",Female,"UTAWALA HIGH SCHOOL",546d9f60-20b2-47ed-bd7d-3e787a57acf5
mock_546d9f60_G11A_011,MOCK-546D-G11A-011,"Esther Nyokabi Rotich","Grade 11 A",Female,"UTAWALA HIGH SCHOOL",546d9f60-20b2-47ed-bd7d-3e787a57acf5
mock_546d9f60_G11A_012,MOCK-546D-G11A-012,"Stephen Nyokabi Wanjiru","Grade 11 A",Male,"UTAWALA HIGH SCHOOL",546d9f60-20b2-47ed-bd7d-3e787a57acf5
mock_546d9f60_G11A_013,MOCK-546D-G11A-013,"Mercy Akinyi Auma","Grade 11 A",Female,"UTAWALA HIGH SCHOOL",546d9f60-20b2-47ed-bd7d-3e787a57acf5
mock_546d9f60_G11A_014,MOCK-546D-G11A-014,"Doreen Mbugua Wairimu","Grade 11 A",Female,"UTAWALA HIGH SCHOOL",546d9f60-20b2-47ed-bd7d-3e787a57acf5
mock_546d9f60_G11A_015,MOCK-546D-G11A-015,"Brenda Kipchoge Cheruiyot","Grade 11 A",Female,"UTAWALA HIGH SCHOOL",546d9f60-20b2-47ed-bd7d-3e787a57acf5
mock_546d9f60_G11A_016,MOCK-546D-G11A-016,"Martin Akinyi Chepkemoi","Grade 11 A",Male,"UTAWALA HIGH SCHOOL",546d9f60-20b2-47ed-bd7d-3e787a57acf5
mock_546d9f60_G11A_017,MOCK-546D-G11A-017,"Joseph Maina Adhiambo","Grade 11 A",Male,"UTAWALA HIGH SCHOOL",546d9f60-20b2-47ed-bd7d-3e787a57acf5
mock_546d9f60_G11A_018,MOCK-546D-G11A-018,"Patrick Omondi Simiyu","Grade 11 A",Male,"UTAWALA HIGH SCHOOL",546d9f60-20b2-47ed-bd7d-3e787a57acf5
mock_546d9f60_G11A_019,MOCK-546D-G11A-019,"Patrick Owino Nyokabi","Grade 11 A",Male,"UTAWALA HIGH SCHOOL",546d9f60-20b2-47ed-bd7d-3e787a57acf5
mock_546d9f60_G11A_020,MOCK-546D-G11A-020,"Brian Karanja Akinyi","Grade 11 A",Male,"UTAWALA HIGH SCHOOL",546d9f60-20b2-47ed-bd7d-3e787a57acf5
mock_546d9f60_G11A_021,MOCK-546D-G11A-021,"Eunice Njoroge Barasa","Grade 11 A",Female,"UTAWALA HIGH SCHOOL",546d9f60-20b2-47ed-bd7d-3e787a57acf5
mock_546d9f60_G11A_022,MOCK-546D-G11A-022,"Gideon Chepkemoi Karanja","Grade 11 A",Male,"UTAWALA HIGH SCHOOL",546d9f60-20b2-47ed-bd7d-3e787a57acf5
mock_546d9f60_G11A_023,MOCK-546D-G11A-023,"Nicholas Kariuki Mbugua","Grade 11 A",Male,"UTAWALA HIGH SCHOOL",546d9f60-20b2-47ed-bd7d-3e787a57acf5
mock_546d9f60_G11A_024,MOCK-546D-G11A-024,"Grace Njeri Njoroge","Grade 11 A",Female,"UTAWALA HIGH SCHOOL",546d9f60-20b2-47ed-bd7d-3e787a57acf5
mock_546d9f60_G11A_025,MOCK-546D-G11A-025,"Kelvin Simiyu Kibet","Grade 11 A",Male,"UTAWALA HIGH SCHOOL",546d9f60-20b2-47ed-bd7d-3e787a57acf5
mock_546d9f60_G11A_026,MOCK-546D-G11A-026,"Anthony Wafula Kipchoge","Grade 11 A",Male,"UTAWALA HIGH SCHOOL",546d9f60-20b2-47ed-bd7d-3e787a57acf5
mock_546d9f60_G11A_027,MOCK-546D-G11A-027,"Beatrice Wambui Karanja","Grade 11 A",Female,"UTAWALA HIGH SCHOOL",546d9f60-20b2-47ed-bd7d-3e787a57acf5
mock_546d9f60_G11A_028,MOCK-546D-G11A-028,"Allan Mwangi Mbugua","Grade 11 A",Male,"UTAWALA HIGH SCHOOL",546d9f60-20b2-47ed-bd7d-3e787a57acf5
mock_546d9f60_G11A_029,MOCK-546D-G11A-029,"George Otieno Kariuki","Grade 11 A",Male,"UTAWALA HIGH SCHOOL",546d9f60-20b2-47ed-bd7d-3e787a57acf5
mock_546d9f60_G11A_030,MOCK-546D-G11A-030,"Emmanuel Nyokabi Kibet","Grade 11 A",Male,"UTAWALA HIGH SCHOOL",546d9f60-20b2-47ed-bd7d-3e787a57acf5
mock_546d9f60_G11A_031,MOCK-546D-G11A-031,"Charles Mwangi Wanjiru","Grade 11 A",Male,"UTAWALA HIGH SCHOOL",546d9f60-20b2-47ed-bd7d-3e787a57acf5
mock_546d9f60_G11A_032,MOCK-546D-G11A-032,"Brenda Cheruiyot Kibet","Grade 11 A",Female,"UTAWALA HIGH SCHOOL",546d9f60-20b2-47ed-bd7d-3e787a57acf5
mock_546d9f60_G11A_033,MOCK-546D-G11A-033,"George Atieno Kibet","Grade 11 A",Male,"UTAWALA HIGH SCHOOL",546d9f60-20b2-47ed-bd7d-3e787a57acf5
mock_546d9f60_G11A_034,MOCK-546D-G11A-034,"Diana Kibet Korir","Grade 11 A",Female,"UTAWALA HIGH SCHOOL",546d9f60-20b2-47ed-bd7d-3e787a57acf5
mock_546d9f60_G11A_035,MOCK-546D-G11A-035,"Duncan Omondi Chebet","Grade 11 A",Male,"UTAWALA HIGH SCHOOL",546d9f60-20b2-47ed-bd7d-3e787a57acf5
mock_546d9f60_G11A_036,MOCK-546D-G11A-036,"Martin Kariuki Onyango","Grade 11 A",Male,"UTAWALA HIGH SCHOOL",546d9f60-20b2-47ed-bd7d-3e787a57acf5
mock_546d9f60_G11A_037,MOCK-546D-G11A-037,"Joy Omondi Chebet","Grade 11 A",Female,"UTAWALA HIGH SCHOOL",546d9f60-20b2-47ed-bd7d-3e787a57acf5
mock_546d9f60_G11A_038,MOCK-546D-G11A-038,"Cynthia Were Odhiambo","Grade 11 A",Female,"UTAWALA HIGH SCHOOL",546d9f60-20b2-47ed-bd7d-3e787a57acf5
mock_546d9f60_G11A_039,MOCK-546D-G11A-039,"Samuel Kiplagat Korir","Grade 11 A",Male,"UTAWALA HIGH SCHOOL",546d9f60-20b2-47ed-bd7d-3e787a57acf5
mock_546d9f60_G11A_040,MOCK-546D-G11A-040,"Cornelius Kamau Kipchoge","Grade 11 A",Male,"UTAWALA HIGH SCHOOL",546d9f60-20b2-47ed-bd7d-3e787a57acf5
mock_546d9f60_G11A_041,MOCK-546D-G11A-041,"Diana Kariuki Korir","Grade 11 A",Female,"UTAWALA HIGH SCHOOL",546d9f60-20b2-47ed-bd7d-3e787a57acf5
mock_546d9f60_G11A_042,MOCK-546D-G11A-042,"Mitchelle Karanja Rotich","Grade 11 A",Female,"UTAWALA HIGH SCHOOL",546d9f60-20b2-47ed-bd7d-3e787a57acf5
mock_546d9f60_G11A_043,MOCK-546D-G11A-043,"Michael Wambui Mbugua","Grade 11 A",Male,"UTAWALA HIGH SCHOOL",546d9f60-20b2-47ed-bd7d-3e787a57acf5
mock_546d9f60_G11A_044,MOCK-546D-G11A-044,"Gideon Rotich Atieno","Grade 11 A",Male,"UTAWALA HIGH SCHOOL",546d9f60-20b2-47ed-bd7d-3e787a57acf5
mock_546d9f60_G11A_045,MOCK-546D-G11A-045,"Eunice Korir Adhiambo","Grade 11 A",Female,"UTAWALA HIGH SCHOOL",546d9f60-20b2-47ed-bd7d-3e787a57acf5
mock_546d9f60_G11A_046,MOCK-546D-G11A-046,"Anthony Mutiso Mutua","Grade 11 A",Male,"UTAWALA HIGH SCHOOL",546d9f60-20b2-47ed-bd7d-3e787a57acf5
mock_546d9f60_G11A_047,MOCK-546D-G11A-047,"Rose Kiplagat Juma","Grade 11 A",Female,"UTAWALA HIGH SCHOOL",546d9f60-20b2-47ed-bd7d-3e787a57acf5
mock_546d9f60_G11A_048,MOCK-546D-G11A-048,"Mary Simiyu Wambui","Grade 11 A",Female,"UTAWALA HIGH SCHOOL",546d9f60-20b2-47ed-bd7d-3e787a57acf5
mock_546d9f60_G11A_049,MOCK-546D-G11A-049,"Samuel Kariuki Kamau","Grade 11 A",Male,"UTAWALA HIGH SCHOOL",546d9f60-20b2-47ed-bd7d-3e787a57acf5
mock_546d9f60_G11A_050,MOCK-546D-G11A-050,"Beatrice Wairimu Kamau","Grade 11 A",Female,"UTAWALA HIGH SCHOOL",546d9f60-20b2-47ed-bd7d-3e787a57acf5
mock_546d9f60_G11A_051,MOCK-546D-G11A-051,"Winnie Wanjiru Simiyu","Grade 11 A",Female,"UTAWALA HIGH SCHOOL",546d9f60-20b2-47ed-bd7d-3e787a57acf5
mock_546d9f60_G11A_052,MOCK-546D-G11A-052,"Caroline Mwangi Wambui","Grade 11 A",Female,"UTAWALA HIGH SCHOOL",546d9f60-20b2-47ed-bd7d-3e787a57acf5
mock_546d9f60_G11A_053,MOCK-546D-G11A-053,"Janet Maina Akinyi","Grade 11 A",Female,"UTAWALA HIGH SCHOOL",546d9f60-20b2-47ed-bd7d-3e787a57acf5
mock_546d9f60_G11A_054,MOCK-546D-G11A-054,"Stephen Atieno Nyambura","Grade 11 A",Male,"UTAWALA HIGH SCHOOL",546d9f60-20b2-47ed-bd7d-3e787a57acf5
mock_546d9f60_G11A_055,MOCK-546D-G11A-055,"Christine Odhiambo Korir","Grade 11 A",Female,"UTAWALA HIGH SCHOOL",546d9f60-20b2-47ed-bd7d-3e787a57acf5
mock_546d9f60_G11A_056,MOCK-546D-G11A-056,"Maureen Chebet Kipchoge","Grade 11 A",Female,"UTAWALA HIGH SCHOOL",546d9f60-20b2-47ed-bd7d-3e787a57acf5
mock_546d9f60_G11A_057,MOCK-546D-G11A-057,"Peter Adhiambo Kariuki","Grade 11 A",Male,"UTAWALA HIGH SCHOOL",546d9f60-20b2-47ed-bd7d-3e787a57acf5
mock_546d9f60_G11A_058,MOCK-546D-G11A-058,"Beatrice Juma Kipchoge","Grade 11 A",Female,"UTAWALA HIGH SCHOOL",546d9f60-20b2-47ed-bd7d-3e787a57acf5
mock_546d9f60_G11A_059,MOCK-546D-G11A-059,"Sylvia Simiyu Otieno","Grade 11 A",Female,"UTAWALA HIGH SCHOOL",546d9f60-20b2-47ed-bd7d-3e787a57acf5
mock_546d9f60_G11A_060,MOCK-546D-G11A-060,"Michael Njeri Karanja","Grade 11 A",Male,"UTAWALA HIGH SCHOOL",546d9f60-20b2-47ed-bd7d-3e787a57acf5
mock_546d9f60_G11B_001,MOCK-546D-G11B-001,"Anthony Juma Wanjiru","Grade 11 B",Male,"UTAWALA HIGH SCHOOL",546d9f60-20b2-47ed-bd7d-3e787a57acf5
mock_546d9f60_G11B_002,MOCK-546D-G11B-002,"Fredrick Wanjiru Achieng","Grade 11 B",Male,"UTAWALA HIGH SCHOOL",546d9f60-20b2-47ed-bd7d-3e787a57acf5
mock_546d9f60_G11B_003,MOCK-546D-G11B-003,"Fredrick Mutiso Karanja","Grade 11 B",Male,"UTAWALA HIGH SCHOOL",546d9f60-20b2-47ed-bd7d-3e787a57acf5
mock_546d9f60_G11B_004,MOCK-546D-G11B-004,"Fredrick Wairimu Omondi","Grade 11 B",Male,"UTAWALA HIGH SCHOOL",546d9f60-20b2-47ed-bd7d-3e787a57acf5
mock_546d9f60_G11B_005,MOCK-546D-G11B-005,"Fredrick Wambui Akinyi","Grade 11 B",Male,"UTAWALA HIGH SCHOOL",546d9f60-20b2-47ed-bd7d-3e787a57acf5
mock_546d9f60_G11B_006,MOCK-546D-G11B-006,"Peter Kamau Otieno","Grade 11 B",Male,"UTAWALA HIGH SCHOOL",546d9f60-20b2-47ed-bd7d-3e787a57acf5
mock_546d9f60_G11B_007,MOCK-546D-G11B-007,"Collins Chepkemoi Odhiambo","Grade 11 B",Male,"UTAWALA HIGH SCHOOL",546d9f60-20b2-47ed-bd7d-3e787a57acf5
mock_546d9f60_G11B_008,MOCK-546D-G11B-008,"Christine Wanjiru Otieno","Grade 11 B",Female,"UTAWALA HIGH SCHOOL",546d9f60-20b2-47ed-bd7d-3e787a57acf5
mock_546d9f60_G11B_009,MOCK-546D-G11B-009,"Anthony Odhiambo Kariuki","Grade 11 B",Male,"UTAWALA HIGH SCHOOL",546d9f60-20b2-47ed-bd7d-3e787a57acf5
mock_546d9f60_G11B_010,MOCK-546D-G11B-010,"Brenda Wafula Odhiambo","Grade 11 B",Female,"UTAWALA HIGH SCHOOL",546d9f60-20b2-47ed-bd7d-3e787a57acf5
mock_546d9f60_G11B_011,MOCK-546D-G11B-011,"Mary Gitau Maina","Grade 11 B",Female,"UTAWALA HIGH SCHOOL",546d9f60-20b2-47ed-bd7d-3e787a57acf5
mock_546d9f60_G11B_012,MOCK-546D-G11B-012,"Brayan Mbugua Chepkemoi","Grade 11 B",Male,"UTAWALA HIGH SCHOOL",546d9f60-20b2-47ed-bd7d-3e787a57acf5
mock_546d9f60_G11B_013,MOCK-546D-G11B-013,"Sylvia Mwangi Wanjiru","Grade 11 B",Female,"UTAWALA HIGH SCHOOL",546d9f60-20b2-47ed-bd7d-3e787a57acf5
mock_546d9f60_G11B_014,MOCK-546D-G11B-014,"Duncan Korir Barasa","Grade 11 B",Male,"UTAWALA HIGH SCHOOL",546d9f60-20b2-47ed-bd7d-3e787a57acf5
mock_546d9f60_G11B_015,MOCK-546D-G11B-015,"Joy Mutiso Rotich","Grade 11 B",Female,"UTAWALA HIGH SCHOOL",546d9f60-20b2-47ed-bd7d-3e787a57acf5
mock_546d9f60_G11B_016,MOCK-546D-G11B-016,"Elvis Rotich Otieno","Grade 11 B",Male,"UTAWALA HIGH SCHOOL",546d9f60-20b2-47ed-bd7d-3e787a57acf5
mock_546d9f60_G11B_017,MOCK-546D-G11B-017,"Beatrice Wanjiru Mbugua","Grade 11 B",Female,"UTAWALA HIGH SCHOOL",546d9f60-20b2-47ed-bd7d-3e787a57acf5
mock_546d9f60_G11B_018,MOCK-546D-G11B-018,"Nancy Simiyu Wanjiru","Grade 11 B",Female,"UTAWALA HIGH SCHOOL",546d9f60-20b2-47ed-bd7d-3e787a57acf5
mock_546d9f60_G11B_019,MOCK-546D-G11B-019,"Rose Chebet Gitau","Grade 11 B",Female,"UTAWALA HIGH SCHOOL",546d9f60-20b2-47ed-bd7d-3e787a57acf5
mock_546d9f60_G11B_020,MOCK-546D-G11B-020,"Stella Maina Kariuki","Grade 11 B",Female,"UTAWALA HIGH SCHOOL",546d9f60-20b2-47ed-bd7d-3e787a57acf5
mock_546d9f60_G11B_021,MOCK-546D-G11B-021,"Mercy Omondi Njoroge","Grade 11 B",Female,"UTAWALA HIGH SCHOOL",546d9f60-20b2-47ed-bd7d-3e787a57acf5
mock_546d9f60_G11B_022,MOCK-546D-G11B-022,"Sharon Gitau Were","Grade 11 B",Female,"UTAWALA HIGH SCHOOL",546d9f60-20b2-47ed-bd7d-3e787a57acf5
mock_546d9f60_G11B_023,MOCK-546D-G11B-023,"Ann Wambui Kibet","Grade 11 B",Female,"UTAWALA HIGH SCHOOL",546d9f60-20b2-47ed-bd7d-3e787a57acf5
mock_546d9f60_G11B_024,MOCK-546D-G11B-024,"Brayan Njoroge Njoroge","Grade 11 B",Male,"UTAWALA HIGH SCHOOL",546d9f60-20b2-47ed-bd7d-3e787a57acf5
mock_546d9f60_G11B_025,MOCK-546D-G11B-025,"Kelvin Mwangi Gitau","Grade 11 B",Male,"UTAWALA HIGH SCHOOL",546d9f60-20b2-47ed-bd7d-3e787a57acf5
mock_546d9f60_G11B_026,MOCK-546D-G11B-026,"Stephen Simiyu Korir","Grade 11 B",Male,"UTAWALA HIGH SCHOOL",546d9f60-20b2-47ed-bd7d-3e787a57acf5
mock_546d9f60_G11B_027,MOCK-546D-G11B-027,"Christine Korir Nyokabi","Grade 11 B",Female,"UTAWALA HIGH SCHOOL",546d9f60-20b2-47ed-bd7d-3e787a57acf5
mock_546d9f60_G11B_028,MOCK-546D-G11B-028,"Maureen Omondi Owino","Grade 11 B",Female,"UTAWALA HIGH SCHOOL",546d9f60-20b2-47ed-bd7d-3e787a57acf5
mock_546d9f60_G11B_029,MOCK-546D-G11B-029,"Esther Onyango Owino","Grade 11 B",Female,"UTAWALA HIGH SCHOOL",546d9f60-20b2-47ed-bd7d-3e787a57acf5
mock_546d9f60_G11B_030,MOCK-546D-G11B-030,"Gideon Rotich Korir","Grade 11 B",Male,"UTAWALA HIGH SCHOOL",546d9f60-20b2-47ed-bd7d-3e787a57acf5
mock_546d9f60_G11B_031,MOCK-546D-G11B-031,"Cynthia Wambui Njoroge","Grade 11 B",Female,"UTAWALA HIGH SCHOOL",546d9f60-20b2-47ed-bd7d-3e787a57acf5
mock_546d9f60_G11B_032,MOCK-546D-G11B-032,"Brenda Owino Kiplagat","Grade 11 B",Female,"UTAWALA HIGH SCHOOL",546d9f60-20b2-47ed-bd7d-3e787a57acf5
mock_546d9f60_G11B_033,MOCK-546D-G11B-033,"Peter Owino Ochieng","Grade 11 B",Male,"UTAWALA HIGH SCHOOL",546d9f60-20b2-47ed-bd7d-3e787a57acf5
mock_546d9f60_G11B_034,MOCK-546D-G11B-034,"Pauline Gitau Chebet","Grade 11 B",Female,"UTAWALA HIGH SCHOOL",546d9f60-20b2-47ed-bd7d-3e787a57acf5
mock_546d9f60_G11B_035,MOCK-546D-G11B-035,"Maureen Mwangi Karanja","Grade 11 B",Female,"UTAWALA HIGH SCHOOL",546d9f60-20b2-47ed-bd7d-3e787a57acf5
mock_546d9f60_G11B_036,MOCK-546D-G11B-036,"Diana Rotich Chebet","Grade 11 B",Female,"UTAWALA HIGH SCHOOL",546d9f60-20b2-47ed-bd7d-3e787a57acf5
mock_546d9f60_G11B_037,MOCK-546D-G11B-037,"Martin Gitau Mutua","Grade 11 B",Male,"UTAWALA HIGH SCHOOL",546d9f60-20b2-47ed-bd7d-3e787a57acf5
mock_546d9f60_G11B_038,MOCK-546D-G11B-038,"Collins Kipchoge Atieno","Grade 11 B",Male,"UTAWALA HIGH SCHOOL",546d9f60-20b2-47ed-bd7d-3e787a57acf5
mock_546d9f60_G11B_039,MOCK-546D-G11B-039,"Fredrick Onyango Njeri","Grade 11 B",Male,"UTAWALA HIGH SCHOOL",546d9f60-20b2-47ed-bd7d-3e787a57acf5
mock_546d9f60_G11B_040,MOCK-546D-G11B-040,"Allan Achieng Simiyu","Grade 11 B",Male,"UTAWALA HIGH SCHOOL",546d9f60-20b2-47ed-bd7d-3e787a57acf5
mock_546d9f60_G11B_041,MOCK-546D-G11B-041,"Charles Chepkemoi Kamau","Grade 11 B",Male,"UTAWALA HIGH SCHOOL",546d9f60-20b2-47ed-bd7d-3e787a57acf5
mock_546d9f60_G11B_042,MOCK-546D-G11B-042,"Peter Were Kamau","Grade 11 B",Male,"UTAWALA HIGH SCHOOL",546d9f60-20b2-47ed-bd7d-3e787a57acf5
mock_546d9f60_G11B_043,MOCK-546D-G11B-043,"Beatrice Karanja Barasa","Grade 11 B",Female,"UTAWALA HIGH SCHOOL",546d9f60-20b2-47ed-bd7d-3e787a57acf5
mock_546d9f60_G11B_044,MOCK-546D-G11B-044,"Peter Kiplagat Korir","Grade 11 B",Male,"UTAWALA HIGH SCHOOL",546d9f60-20b2-47ed-bd7d-3e787a57acf5
mock_546d9f60_G11B_045,MOCK-546D-G11B-045,"Mitchelle Kamau Simiyu","Grade 11 B",Female,"UTAWALA HIGH SCHOOL",546d9f60-20b2-47ed-bd7d-3e787a57acf5
mock_546d9f60_G11B_046,MOCK-546D-G11B-046,"Vincent Mutua Kariuki","Grade 11 B",Male,"UTAWALA HIGH SCHOOL",546d9f60-20b2-47ed-bd7d-3e787a57acf5
mock_546d9f60_G11B_047,MOCK-546D-G11B-047,"Charles Onyango Chepkemoi","Grade 11 B",Male,"UTAWALA HIGH SCHOOL",546d9f60-20b2-47ed-bd7d-3e787a57acf5
mock_546d9f60_G11B_048,MOCK-546D-G11B-048,"Faith Onyango Mbugua","Grade 11 B",Female,"UTAWALA HIGH SCHOOL",546d9f60-20b2-47ed-bd7d-3e787a57acf5
mock_546d9f60_G11B_049,MOCK-546D-G11B-049,"Anthony Nyambura Auma","Grade 11 B",Male,"UTAWALA HIGH SCHOOL",546d9f60-20b2-47ed-bd7d-3e787a57acf5
mock_546d9f60_G11B_050,MOCK-546D-G11B-050,"Caroline Mwangi Mwangi","Grade 11 B",Female,"UTAWALA HIGH SCHOOL",546d9f60-20b2-47ed-bd7d-3e787a57acf5
mock_546d9f60_G11B_051,MOCK-546D-G11B-051,"Kelvin Kiplagat Korir","Grade 11 B",Male,"UTAWALA HIGH SCHOOL",546d9f60-20b2-47ed-bd7d-3e787a57acf5
mock_546d9f60_G11B_052,MOCK-546D-G11B-052,"Grace Omondi Nyokabi","Grade 11 B",Female,"UTAWALA HIGH SCHOOL",546d9f60-20b2-47ed-bd7d-3e787a57acf5
mock_546d9f60_G11B_053,MOCK-546D-G11B-053,"Christine Cheruiyot Mutua","Grade 11 B",Female,"UTAWALA HIGH SCHOOL",546d9f60-20b2-47ed-bd7d-3e787a57acf5
mock_546d9f60_G11B_054,MOCK-546D-G11B-054,"Maureen Owino Njoroge","Grade 11 B",Female,"UTAWALA HIGH SCHOOL",546d9f60-20b2-47ed-bd7d-3e787a57acf5
mock_546d9f60_G11B_055,MOCK-546D-G11B-055,"Peter Kariuki Barasa","Grade 11 B",Male,"UTAWALA HIGH SCHOOL",546d9f60-20b2-47ed-bd7d-3e787a57acf5
mock_546d9f60_G11B_056,MOCK-546D-G11B-056,"Janet Kiplagat Nyambura","Grade 11 B",Female,"UTAWALA HIGH SCHOOL",546d9f60-20b2-47ed-bd7d-3e787a57acf5
mock_546d9f60_G11B_057,MOCK-546D-G11B-057,"Sylvia Chepkemoi Kiplagat","Grade 11 B",Female,"UTAWALA HIGH SCHOOL",546d9f60-20b2-47ed-bd7d-3e787a57acf5
mock_546d9f60_G11B_058,MOCK-546D-G11B-058,"Mary Wafula Kamau","Grade 11 B",Female,"UTAWALA HIGH SCHOOL",546d9f60-20b2-47ed-bd7d-3e787a57acf5
mock_546d9f60_G11B_059,MOCK-546D-G11B-059,"Brenda Nyokabi Mutua","Grade 11 B",Female,"UTAWALA HIGH SCHOOL",546d9f60-20b2-47ed-bd7d-3e787a57acf5
mock_546d9f60_G11B_060,MOCK-546D-G11B-060,"Nancy Wambui Achieng","Grade 11 B",Female,"UTAWALA HIGH SCHOOL",546d9f60-20b2-47ed-bd7d-3e787a57acf5
mock_546d9f60_G12A_001,MOCK-546D-G12A-001,"Winnie Wafula Otieno","Grade 12 A",Female,"UTAWALA HIGH SCHOOL",546d9f60-20b2-47ed-bd7d-3e787a57acf5
mock_546d9f60_G12A_002,MOCK-546D-G12A-002,"Mary Njoroge Cheruiyot","Grade 12 A",Female,"UTAWALA HIGH SCHOOL",546d9f60-20b2-47ed-bd7d-3e787a57acf5
mock_546d9f60_G12A_003,MOCK-546D-G12A-003,"Lydia Mutua Kariuki","Grade 12 A",Female,"UTAWALA HIGH SCHOOL",546d9f60-20b2-47ed-bd7d-3e787a57acf5
mock_546d9f60_G12A_004,MOCK-546D-G12A-004,"Martin Kiplagat Cheruiyot","Grade 12 A",Male,"UTAWALA HIGH SCHOOL",546d9f60-20b2-47ed-bd7d-3e787a57acf5
mock_546d9f60_G12A_005,MOCK-546D-G12A-005,"Ian Achieng Achieng","Grade 12 A",Male,"UTAWALA HIGH SCHOOL",546d9f60-20b2-47ed-bd7d-3e787a57acf5
mock_546d9f60_G12A_006,MOCK-546D-G12A-006,"Mercy Auma Rotich","Grade 12 A",Female,"UTAWALA HIGH SCHOOL",546d9f60-20b2-47ed-bd7d-3e787a57acf5
mock_546d9f60_G12A_007,MOCK-546D-G12A-007,"Stella Omondi Wanjiru","Grade 12 A",Female,"UTAWALA HIGH SCHOOL",546d9f60-20b2-47ed-bd7d-3e787a57acf5
mock_546d9f60_G12A_008,MOCK-546D-G12A-008,"Rose Akinyi Karanja","Grade 12 A",Female,"UTAWALA HIGH SCHOOL",546d9f60-20b2-47ed-bd7d-3e787a57acf5
mock_546d9f60_G12A_009,MOCK-546D-G12A-009,"Felix Maina Mbugua","Grade 12 A",Male,"UTAWALA HIGH SCHOOL",546d9f60-20b2-47ed-bd7d-3e787a57acf5
mock_546d9f60_G12A_010,MOCK-546D-G12A-010,"Sylvia Karanja Gitau","Grade 12 A",Female,"UTAWALA HIGH SCHOOL",546d9f60-20b2-47ed-bd7d-3e787a57acf5
mock_546d9f60_G12A_011,MOCK-546D-G12A-011,"Diana Ochieng Njoroge","Grade 12 A",Female,"UTAWALA HIGH SCHOOL",546d9f60-20b2-47ed-bd7d-3e787a57acf5
mock_546d9f60_G12A_012,MOCK-546D-G12A-012,"Stephen Mutua Omondi","Grade 12 A",Male,"UTAWALA HIGH SCHOOL",546d9f60-20b2-47ed-bd7d-3e787a57acf5
mock_546d9f60_G12A_013,MOCK-546D-G12A-013,"Cornelius Gitau Were","Grade 12 A",Male,"UTAWALA HIGH SCHOOL",546d9f60-20b2-47ed-bd7d-3e787a57acf5
mock_546d9f60_G12A_014,MOCK-546D-G12A-014,"Grace Wafula Atieno","Grade 12 A",Female,"UTAWALA HIGH SCHOOL",546d9f60-20b2-47ed-bd7d-3e787a57acf5
mock_546d9f60_G12A_015,MOCK-546D-G12A-015,"Patrick Otieno Njoroge","Grade 12 A",Male,"UTAWALA HIGH SCHOOL",546d9f60-20b2-47ed-bd7d-3e787a57acf5
mock_546d9f60_G12A_016,MOCK-546D-G12A-016,"Lydia Nyambura Atieno","Grade 12 A",Female,"UTAWALA HIGH SCHOOL",546d9f60-20b2-47ed-bd7d-3e787a57acf5
mock_546d9f60_G12A_017,MOCK-546D-G12A-017,"Faith Wairimu Onyango","Grade 12 A",Female,"UTAWALA HIGH SCHOOL",546d9f60-20b2-47ed-bd7d-3e787a57acf5
mock_546d9f60_G12A_018,MOCK-546D-G12A-018,"Vincent Rotich Were","Grade 12 A",Male,"UTAWALA HIGH SCHOOL",546d9f60-20b2-47ed-bd7d-3e787a57acf5
mock_546d9f60_G12A_019,MOCK-546D-G12A-019,"Winnie Kamau Simiyu","Grade 12 A",Female,"UTAWALA HIGH SCHOOL",546d9f60-20b2-47ed-bd7d-3e787a57acf5
mock_546d9f60_G12A_020,MOCK-546D-G12A-020,"Gideon Mutiso Mbugua","Grade 12 A",Male,"UTAWALA HIGH SCHOOL",546d9f60-20b2-47ed-bd7d-3e787a57acf5
mock_546d9f60_G12A_021,MOCK-546D-G12A-021,"George Njeri Auma","Grade 12 A",Male,"UTAWALA HIGH SCHOOL",546d9f60-20b2-47ed-bd7d-3e787a57acf5
mock_546d9f60_G12A_022,MOCK-546D-G12A-022,"Dennis Adhiambo Odhiambo","Grade 12 A",Male,"UTAWALA HIGH SCHOOL",546d9f60-20b2-47ed-bd7d-3e787a57acf5
mock_546d9f60_G12A_023,MOCK-546D-G12A-023,"Samuel Odhiambo Mutua","Grade 12 A",Male,"UTAWALA HIGH SCHOOL",546d9f60-20b2-47ed-bd7d-3e787a57acf5
mock_546d9f60_G12A_024,MOCK-546D-G12A-024,"Mary Chepkemoi Akinyi","Grade 12 A",Female,"UTAWALA HIGH SCHOOL",546d9f60-20b2-47ed-bd7d-3e787a57acf5
mock_546d9f60_G12A_025,MOCK-546D-G12A-025,"Felix Chebet Odhiambo","Grade 12 A",Male,"UTAWALA HIGH SCHOOL",546d9f60-20b2-47ed-bd7d-3e787a57acf5
mock_546d9f60_G12A_026,MOCK-546D-G12A-026,"Sharon Omondi Rotich","Grade 12 A",Female,"UTAWALA HIGH SCHOOL",546d9f60-20b2-47ed-bd7d-3e787a57acf5
mock_546d9f60_G12A_027,MOCK-546D-G12A-027,"Christine Njeri Atieno","Grade 12 A",Female,"UTAWALA HIGH SCHOOL",546d9f60-20b2-47ed-bd7d-3e787a57acf5
mock_546d9f60_G12A_028,MOCK-546D-G12A-028,"Christine Were Atieno","Grade 12 A",Female,"UTAWALA HIGH SCHOOL",546d9f60-20b2-47ed-bd7d-3e787a57acf5
mock_546d9f60_G12A_029,MOCK-546D-G12A-029,"Janet Njeri Kiplagat","Grade 12 A",Female,"UTAWALA HIGH SCHOOL",546d9f60-20b2-47ed-bd7d-3e787a57acf5
mock_546d9f60_G12A_030,MOCK-546D-G12A-030,"Cornelius Wafula Atieno","Grade 12 A",Male,"UTAWALA HIGH SCHOOL",546d9f60-20b2-47ed-bd7d-3e787a57acf5
mock_546d9f60_G12A_031,MOCK-546D-G12A-031,"Martin Kibet Owino","Grade 12 A",Male,"UTAWALA HIGH SCHOOL",546d9f60-20b2-47ed-bd7d-3e787a57acf5
mock_546d9f60_G12A_032,MOCK-546D-G12A-032,"Emmanuel Kamau Onyango","Grade 12 A",Male,"UTAWALA HIGH SCHOOL",546d9f60-20b2-47ed-bd7d-3e787a57acf5
mock_546d9f60_G12A_033,MOCK-546D-G12A-033,"Michael Atieno Omondi","Grade 12 A",Male,"UTAWALA HIGH SCHOOL",546d9f60-20b2-47ed-bd7d-3e787a57acf5
mock_546d9f60_G12A_034,MOCK-546D-G12A-034,"Winnie Rotich Gitau","Grade 12 A",Female,"UTAWALA HIGH SCHOOL",546d9f60-20b2-47ed-bd7d-3e787a57acf5
mock_546d9f60_G12A_035,MOCK-546D-G12A-035,"Pauline Odhiambo Njeri","Grade 12 A",Female,"UTAWALA HIGH SCHOOL",546d9f60-20b2-47ed-bd7d-3e787a57acf5
mock_546d9f60_G12A_036,MOCK-546D-G12A-036,"Christine Kipchoge Wambui","Grade 12 A",Female,"UTAWALA HIGH SCHOOL",546d9f60-20b2-47ed-bd7d-3e787a57acf5
mock_546d9f60_G12A_037,MOCK-546D-G12A-037,"Winnie Auma Akinyi","Grade 12 A",Female,"UTAWALA HIGH SCHOOL",546d9f60-20b2-47ed-bd7d-3e787a57acf5
mock_546d9f60_G12A_038,MOCK-546D-G12A-038,"Stella Chebet Ochieng","Grade 12 A",Female,"UTAWALA HIGH SCHOOL",546d9f60-20b2-47ed-bd7d-3e787a57acf5
mock_546d9f60_G12A_039,MOCK-546D-G12A-039,"Sharon Omondi Cheruiyot","Grade 12 A",Female,"UTAWALA HIGH SCHOOL",546d9f60-20b2-47ed-bd7d-3e787a57acf5
mock_546d9f60_G12A_040,MOCK-546D-G12A-040,"Janet Omondi Otieno","Grade 12 A",Female,"UTAWALA HIGH SCHOOL",546d9f60-20b2-47ed-bd7d-3e787a57acf5
mock_546d9f60_G12A_041,MOCK-546D-G12A-041,"Charles Achieng Mbugua","Grade 12 A",Male,"UTAWALA HIGH SCHOOL",546d9f60-20b2-47ed-bd7d-3e787a57acf5
mock_546d9f60_G12A_042,MOCK-546D-G12A-042,"Vincent Mbugua Mbugua","Grade 12 A",Male,"UTAWALA HIGH SCHOOL",546d9f60-20b2-47ed-bd7d-3e787a57acf5
mock_546d9f60_G12A_043,MOCK-546D-G12A-043,"Nancy Auma Kariuki","Grade 12 A",Female,"UTAWALA HIGH SCHOOL",546d9f60-20b2-47ed-bd7d-3e787a57acf5
mock_546d9f60_G12A_044,MOCK-546D-G12A-044,"Brian Auma Onyango","Grade 12 A",Male,"UTAWALA HIGH SCHOOL",546d9f60-20b2-47ed-bd7d-3e787a57acf5
mock_546d9f60_G12A_045,MOCK-546D-G12A-045,"Duncan Njoroge Mbugua","Grade 12 A",Male,"UTAWALA HIGH SCHOOL",546d9f60-20b2-47ed-bd7d-3e787a57acf5
mock_546d9f60_G12A_046,MOCK-546D-G12A-046,"Mitchelle Juma Ochieng","Grade 12 A",Female,"UTAWALA HIGH SCHOOL",546d9f60-20b2-47ed-bd7d-3e787a57acf5
mock_546d9f60_G12A_047,MOCK-546D-G12A-047,"Michael Kipchoge Cheruiyot","Grade 12 A",Male,"UTAWALA HIGH SCHOOL",546d9f60-20b2-47ed-bd7d-3e787a57acf5
mock_546d9f60_G12A_048,MOCK-546D-G12A-048,"Rose Mbugua Simiyu","Grade 12 A",Female,"UTAWALA HIGH SCHOOL",546d9f60-20b2-47ed-bd7d-3e787a57acf5
mock_546d9f60_G12A_049,MOCK-546D-G12A-049,"Victor Nyokabi Kipchoge","Grade 12 A",Male,"UTAWALA HIGH SCHOOL",546d9f60-20b2-47ed-bd7d-3e787a57acf5
mock_546d9f60_G12A_050,MOCK-546D-G12A-050,"Rose Korir Cheruiyot","Grade 12 A",Female,"UTAWALA HIGH SCHOOL",546d9f60-20b2-47ed-bd7d-3e787a57acf5
mock_546d9f60_G12A_051,MOCK-546D-G12A-051,"Stephen Chebet Nyokabi","Grade 12 A",Male,"UTAWALA HIGH SCHOOL",546d9f60-20b2-47ed-bd7d-3e787a57acf5
mock_546d9f60_G12A_052,MOCK-546D-G12A-052,"Brenda Wairimu Barasa","Grade 12 A",Female,"UTAWALA HIGH SCHOOL",546d9f60-20b2-47ed-bd7d-3e787a57acf5
mock_546d9f60_G12A_053,MOCK-546D-G12A-053,"Daniel Wairimu Kipchoge","Grade 12 A",Male,"UTAWALA HIGH SCHOOL",546d9f60-20b2-47ed-bd7d-3e787a57acf5
mock_546d9f60_G12A_054,MOCK-546D-G12A-054,"Doreen Omondi Onyango","Grade 12 A",Female,"UTAWALA HIGH SCHOOL",546d9f60-20b2-47ed-bd7d-3e787a57acf5
mock_546d9f60_G12A_055,MOCK-546D-G12A-055,"Vincent Mbugua Omondi","Grade 12 A",Male,"UTAWALA HIGH SCHOOL",546d9f60-20b2-47ed-bd7d-3e787a57acf5
mock_546d9f60_G12A_056,MOCK-546D-G12A-056,"Lydia Owino Mbugua","Grade 12 A",Female,"UTAWALA HIGH SCHOOL",546d9f60-20b2-47ed-bd7d-3e787a57acf5
mock_546d9f60_G12A_057,MOCK-546D-G12A-057,"Caroline Gitau Maina","Grade 12 A",Female,"UTAWALA HIGH SCHOOL",546d9f60-20b2-47ed-bd7d-3e787a57acf5
mock_546d9f60_G12A_058,MOCK-546D-G12A-058,"Gideon Cheruiyot Njoroge","Grade 12 A",Male,"UTAWALA HIGH SCHOOL",546d9f60-20b2-47ed-bd7d-3e787a57acf5
mock_546d9f60_G12A_059,MOCK-546D-G12A-059,"Sylvia Gitau Adhiambo","Grade 12 A",Female,"UTAWALA HIGH SCHOOL",546d9f60-20b2-47ed-bd7d-3e787a57acf5
mock_546d9f60_G12A_060,MOCK-546D-G12A-060,"Eric Wambui Rotich","Grade 12 A",Male,"UTAWALA HIGH SCHOOL",546d9f60-20b2-47ed-bd7d-3e787a57acf5
mock_546d9f60_G12B_001,MOCK-546D-G12B-001,"Grace Omondi Mutua","Grade 12 B",Female,"UTAWALA HIGH SCHOOL",546d9f60-20b2-47ed-bd7d-3e787a57acf5
mock_546d9f60_G12B_002,MOCK-546D-G12B-002,"Mercy Rotich Gitau","Grade 12 B",Female,"UTAWALA HIGH SCHOOL",546d9f60-20b2-47ed-bd7d-3e787a57acf5
mock_546d9f60_G12B_003,MOCK-546D-G12B-003,"Mary Omondi Mutiso","Grade 12 B",Female,"UTAWALA HIGH SCHOOL",546d9f60-20b2-47ed-bd7d-3e787a57acf5
mock_546d9f60_G12B_004,MOCK-546D-G12B-004,"Gideon Were Njeri","Grade 12 B",Male,"UTAWALA HIGH SCHOOL",546d9f60-20b2-47ed-bd7d-3e787a57acf5
mock_546d9f60_G12B_005,MOCK-546D-G12B-005,"Purity Mutiso Odhiambo","Grade 12 B",Female,"UTAWALA HIGH SCHOOL",546d9f60-20b2-47ed-bd7d-3e787a57acf5
mock_546d9f60_G12B_006,MOCK-546D-G12B-006,"Kelvin Rotich Mutiso","Grade 12 B",Male,"UTAWALA HIGH SCHOOL",546d9f60-20b2-47ed-bd7d-3e787a57acf5
mock_546d9f60_G12B_007,MOCK-546D-G12B-007,"Valentine Nyokabi Kariuki","Grade 12 B",Female,"UTAWALA HIGH SCHOOL",546d9f60-20b2-47ed-bd7d-3e787a57acf5
mock_546d9f60_G12B_008,MOCK-546D-G12B-008,"Emmanuel Mwangi Maina","Grade 12 B",Male,"UTAWALA HIGH SCHOOL",546d9f60-20b2-47ed-bd7d-3e787a57acf5
mock_546d9f60_G12B_009,MOCK-546D-G12B-009,"Lydia Rotich Wambui","Grade 12 B",Female,"UTAWALA HIGH SCHOOL",546d9f60-20b2-47ed-bd7d-3e787a57acf5
mock_546d9f60_G12B_010,MOCK-546D-G12B-010,"Allan Achieng Atieno","Grade 12 B",Male,"UTAWALA HIGH SCHOOL",546d9f60-20b2-47ed-bd7d-3e787a57acf5
mock_546d9f60_G12B_011,MOCK-546D-G12B-011,"Ian Adhiambo Cheruiyot","Grade 12 B",Male,"UTAWALA HIGH SCHOOL",546d9f60-20b2-47ed-bd7d-3e787a57acf5
mock_546d9f60_G12B_012,MOCK-546D-G12B-012,"Nancy Owino Karanja","Grade 12 B",Female,"UTAWALA HIGH SCHOOL",546d9f60-20b2-47ed-bd7d-3e787a57acf5
mock_546d9f60_G12B_013,MOCK-546D-G12B-013,"Stella Maina Mbugua","Grade 12 B",Female,"UTAWALA HIGH SCHOOL",546d9f60-20b2-47ed-bd7d-3e787a57acf5
mock_546d9f60_G12B_014,MOCK-546D-G12B-014,"Kevin Juma Njeri","Grade 12 B",Male,"UTAWALA HIGH SCHOOL",546d9f60-20b2-47ed-bd7d-3e787a57acf5
mock_546d9f60_G12B_015,MOCK-546D-G12B-015,"Joy Wairimu Wairimu","Grade 12 B",Female,"UTAWALA HIGH SCHOOL",546d9f60-20b2-47ed-bd7d-3e787a57acf5
mock_546d9f60_G12B_016,MOCK-546D-G12B-016,"Gideon Akinyi Mutiso","Grade 12 B",Male,"UTAWALA HIGH SCHOOL",546d9f60-20b2-47ed-bd7d-3e787a57acf5
mock_546d9f60_G12B_017,MOCK-546D-G12B-017,"George Chepkemoi Odhiambo","Grade 12 B",Male,"UTAWALA HIGH SCHOOL",546d9f60-20b2-47ed-bd7d-3e787a57acf5
mock_546d9f60_G12B_018,MOCK-546D-G12B-018,"Kevin Cheruiyot Mwangi","Grade 12 B",Male,"UTAWALA HIGH SCHOOL",546d9f60-20b2-47ed-bd7d-3e787a57acf5
mock_546d9f60_G12B_019,MOCK-546D-G12B-019,"Vincent Simiyu Were","Grade 12 B",Male,"UTAWALA HIGH SCHOOL",546d9f60-20b2-47ed-bd7d-3e787a57acf5
mock_546d9f60_G12B_020,MOCK-546D-G12B-020,"Allan Gitau Njoroge","Grade 12 B",Male,"UTAWALA HIGH SCHOOL",546d9f60-20b2-47ed-bd7d-3e787a57acf5
mock_546d9f60_G12B_021,MOCK-546D-G12B-021,"George Mutua Owino","Grade 12 B",Male,"UTAWALA HIGH SCHOOL",546d9f60-20b2-47ed-bd7d-3e787a57acf5
mock_546d9f60_G12B_022,MOCK-546D-G12B-022,"Esther Mutiso Chepkemoi","Grade 12 B",Female,"UTAWALA HIGH SCHOOL",546d9f60-20b2-47ed-bd7d-3e787a57acf5
mock_546d9f60_G12B_023,MOCK-546D-G12B-023,"Nicholas Mutiso Korir","Grade 12 B",Male,"UTAWALA HIGH SCHOOL",546d9f60-20b2-47ed-bd7d-3e787a57acf5
mock_546d9f60_G12B_024,MOCK-546D-G12B-024,"Maureen Kiplagat Achieng","Grade 12 B",Female,"UTAWALA HIGH SCHOOL",546d9f60-20b2-47ed-bd7d-3e787a57acf5
mock_546d9f60_G12B_025,MOCK-546D-G12B-025,"Diana Maina Mbugua","Grade 12 B",Female,"UTAWALA HIGH SCHOOL",546d9f60-20b2-47ed-bd7d-3e787a57acf5
mock_546d9f60_G12B_026,MOCK-546D-G12B-026,"Emmanuel Kiplagat Njeri","Grade 12 B",Male,"UTAWALA HIGH SCHOOL",546d9f60-20b2-47ed-bd7d-3e787a57acf5
mock_546d9f60_G12B_027,MOCK-546D-G12B-027,"Allan Nyokabi Chebet","Grade 12 B",Male,"UTAWALA HIGH SCHOOL",546d9f60-20b2-47ed-bd7d-3e787a57acf5
mock_546d9f60_G12B_028,MOCK-546D-G12B-028,"Martin Kibet Kariuki","Grade 12 B",Male,"UTAWALA HIGH SCHOOL",546d9f60-20b2-47ed-bd7d-3e787a57acf5
mock_546d9f60_G12B_029,MOCK-546D-G12B-029,"Cornelius Owino Owino","Grade 12 B",Male,"UTAWALA HIGH SCHOOL",546d9f60-20b2-47ed-bd7d-3e787a57acf5
mock_546d9f60_G12B_030,MOCK-546D-G12B-030,"Mitchelle Chebet Simiyu","Grade 12 B",Female,"UTAWALA HIGH SCHOOL",546d9f60-20b2-47ed-bd7d-3e787a57acf5
mock_546d9f60_G12B_031,MOCK-546D-G12B-031,"Vincent Njeri Auma","Grade 12 B",Male,"UTAWALA HIGH SCHOOL",546d9f60-20b2-47ed-bd7d-3e787a57acf5
mock_546d9f60_G12B_032,MOCK-546D-G12B-032,"Cynthia Juma Chebet","Grade 12 B",Female,"UTAWALA HIGH SCHOOL",546d9f60-20b2-47ed-bd7d-3e787a57acf5
mock_546d9f60_G12B_033,MOCK-546D-G12B-033,"Eunice Wambui Ochieng","Grade 12 B",Female,"UTAWALA HIGH SCHOOL",546d9f60-20b2-47ed-bd7d-3e787a57acf5
mock_546d9f60_G12B_034,MOCK-546D-G12B-034,"Emmanuel Cheruiyot Mbugua","Grade 12 B",Male,"UTAWALA HIGH SCHOOL",546d9f60-20b2-47ed-bd7d-3e787a57acf5
mock_546d9f60_G12B_035,MOCK-546D-G12B-035,"Valentine Kipchoge Kariuki","Grade 12 B",Female,"UTAWALA HIGH SCHOOL",546d9f60-20b2-47ed-bd7d-3e787a57acf5
mock_546d9f60_G12B_036,MOCK-546D-G12B-036,"Brayan Kiplagat Kiplagat","Grade 12 B",Male,"UTAWALA HIGH SCHOOL",546d9f60-20b2-47ed-bd7d-3e787a57acf5
mock_546d9f60_G12B_037,MOCK-546D-G12B-037,"Mercy Odhiambo Kariuki","Grade 12 B",Female,"UTAWALA HIGH SCHOOL",546d9f60-20b2-47ed-bd7d-3e787a57acf5
mock_546d9f60_G12B_038,MOCK-546D-G12B-038,"Stephen Mutua Omondi","Grade 12 B",Male,"UTAWALA HIGH SCHOOL",546d9f60-20b2-47ed-bd7d-3e787a57acf5
mock_546d9f60_G12B_039,MOCK-546D-G12B-039,"Kevin Rotich Rotich","Grade 12 B",Male,"UTAWALA HIGH SCHOOL",546d9f60-20b2-47ed-bd7d-3e787a57acf5
mock_546d9f60_G12B_040,MOCK-546D-G12B-040,"Cornelius Gitau Maina","Grade 12 B",Male,"UTAWALA HIGH SCHOOL",546d9f60-20b2-47ed-bd7d-3e787a57acf5
mock_546d9f60_G12B_041,MOCK-546D-G12B-041,"Vincent Kibet Maina","Grade 12 B",Male,"UTAWALA HIGH SCHOOL",546d9f60-20b2-47ed-bd7d-3e787a57acf5
mock_546d9f60_G12B_042,MOCK-546D-G12B-042,"Brian Rotich Njoroge","Grade 12 B",Male,"UTAWALA HIGH SCHOOL",546d9f60-20b2-47ed-bd7d-3e787a57acf5
mock_546d9f60_G12B_043,MOCK-546D-G12B-043,"Ann Nyambura Karanja","Grade 12 B",Female,"UTAWALA HIGH SCHOOL",546d9f60-20b2-47ed-bd7d-3e787a57acf5
mock_546d9f60_G12B_044,MOCK-546D-G12B-044,"Mary Mbugua Karanja","Grade 12 B",Female,"UTAWALA HIGH SCHOOL",546d9f60-20b2-47ed-bd7d-3e787a57acf5
mock_546d9f60_G12B_045,MOCK-546D-G12B-045,"Nicholas Achieng Odhiambo","Grade 12 B",Male,"UTAWALA HIGH SCHOOL",546d9f60-20b2-47ed-bd7d-3e787a57acf5
mock_546d9f60_G12B_046,MOCK-546D-G12B-046,"Dennis Wafula Kariuki","Grade 12 B",Male,"UTAWALA HIGH SCHOOL",546d9f60-20b2-47ed-bd7d-3e787a57acf5
mock_546d9f60_G12B_047,MOCK-546D-G12B-047,"Felix Owino Simiyu","Grade 12 B",Male,"UTAWALA HIGH SCHOOL",546d9f60-20b2-47ed-bd7d-3e787a57acf5
mock_546d9f60_G12B_048,MOCK-546D-G12B-048,"Michael Njeri Rotich","Grade 12 B",Male,"UTAWALA HIGH SCHOOL",546d9f60-20b2-47ed-bd7d-3e787a57acf5
mock_546d9f60_G12B_049,MOCK-546D-G12B-049,"Brenda Adhiambo Chebet","Grade 12 B",Female,"UTAWALA HIGH SCHOOL",546d9f60-20b2-47ed-bd7d-3e787a57acf5
mock_546d9f60_G12B_050,MOCK-546D-G12B-050,"Esther Korir Wafula","Grade 12 B",Female,"UTAWALA HIGH SCHOOL",546d9f60-20b2-47ed-bd7d-3e787a57acf5
mock_546d9f60_G12B_051,MOCK-546D-G12B-051,"Doreen Nyokabi Otieno","Grade 12 B",Female,"UTAWALA HIGH SCHOOL",546d9f60-20b2-47ed-bd7d-3e787a57acf5
mock_546d9f60_G12B_052,MOCK-546D-G12B-052,"Christine Barasa Otieno","Grade 12 B",Female,"UTAWALA HIGH SCHOOL",546d9f60-20b2-47ed-bd7d-3e787a57acf5
mock_546d9f60_G12B_053,MOCK-546D-G12B-053,"Lydia Adhiambo Maina","Grade 12 B",Female,"UTAWALA HIGH SCHOOL",546d9f60-20b2-47ed-bd7d-3e787a57acf5
mock_546d9f60_G12B_054,MOCK-546D-G12B-054,"Nicholas Nyokabi Mutiso","Grade 12 B",Male,"UTAWALA HIGH SCHOOL",546d9f60-20b2-47ed-bd7d-3e787a57acf5
mock_546d9f60_G12B_055,MOCK-546D-G12B-055,"George Onyango Atieno","Grade 12 B",Male,"UTAWALA HIGH SCHOOL",546d9f60-20b2-47ed-bd7d-3e787a57acf5
mock_546d9f60_G12B_056,MOCK-546D-G12B-056,"Sylvia Onyango Cheruiyot","Grade 12 B",Female,"UTAWALA HIGH SCHOOL",546d9f60-20b2-47ed-bd7d-3e787a57acf5
mock_546d9f60_G12B_057,MOCK-546D-G12B-057,"Esther Ochieng Chepkemoi","Grade 12 B",Female,"UTAWALA HIGH SCHOOL",546d9f60-20b2-47ed-bd7d-3e787a57acf5
mock_546d9f60_G12B_058,MOCK-546D-G12B-058,"Esther Wanjiru Chepkemoi","Grade 12 B",Female,"UTAWALA HIGH SCHOOL",546d9f60-20b2-47ed-bd7d-3e787a57acf5
mock_546d9f60_G12B_059,MOCK-546D-G12B-059,"Joseph Maina Wairimu","Grade 12 B",Male,"UTAWALA HIGH SCHOOL",546d9f60-20b2-47ed-bd7d-3e787a57acf5
mock_546d9f60_G12B_060,MOCK-546D-G12B-060,"Faith Auma Odhiambo","Grade 12 B",Female,"UTAWALA HIGH SCHOOL",546d9f60-20b2-47ed-bd7d-3e787a57acf5
mock_fa1ad55b_G10A_011,MOCK-FA1A-G10A-011,"Joy Mutua Gitau","GRADE 10 A",Female,"Utawala Senior School",fa1ad55b-8226-4ce9-b045-a54501a1edc3
mock_fa1ad55b_G10A_012,MOCK-FA1A-G10A-012,"Esther Rotich Adhiambo","GRADE 10 A",Female,"Utawala Senior School",fa1ad55b-8226-4ce9-b045-a54501a1edc3
mock_fa1ad55b_G10A_013,MOCK-FA1A-G10A-013,"Patrick Mutua Simiyu","GRADE 10 A",Male,"Utawala Senior School",fa1ad55b-8226-4ce9-b045-a54501a1edc3
mock_fa1ad55b_G10A_014,MOCK-FA1A-G10A-014,"Allan Rotich Akinyi","GRADE 10 A",Male,"Utawala Senior School",fa1ad55b-8226-4ce9-b045-a54501a1edc3
mock_fa1ad55b_G10A_015,MOCK-FA1A-G10A-015,"Stella Mutua Omondi","GRADE 10 A",Female,"Utawala Senior School",fa1ad55b-8226-4ce9-b045-a54501a1edc3
mock_fa1ad55b_G10A_016,MOCK-FA1A-G10A-016,"Lucy Nyokabi Kariuki","GRADE 10 A",Female,"Utawala Senior School",fa1ad55b-8226-4ce9-b045-a54501a1edc3
mock_fa1ad55b_G10A_017,MOCK-FA1A-G10A-017,"Linet Mbugua Mutua","GRADE 10 A",Female,"Utawala Senior School",fa1ad55b-8226-4ce9-b045-a54501a1edc3
mock_fa1ad55b_G10A_018,MOCK-FA1A-G10A-018,"Victor Mutua Chebet","GRADE 10 A",Male,"Utawala Senior School",fa1ad55b-8226-4ce9-b045-a54501a1edc3
mock_fa1ad55b_G10A_019,MOCK-FA1A-G10A-019,"Linet Odhiambo Mutiso","GRADE 10 A",Female,"Utawala Senior School",fa1ad55b-8226-4ce9-b045-a54501a1edc3
mock_fa1ad55b_G10A_020,MOCK-FA1A-G10A-020,"Maureen Nyokabi Kibet","GRADE 10 A",Female,"Utawala Senior School",fa1ad55b-8226-4ce9-b045-a54501a1edc3
mock_fa1ad55b_G10A_021,MOCK-FA1A-G10A-021,"Collins Njoroge Nyokabi","GRADE 10 A",Male,"Utawala Senior School",fa1ad55b-8226-4ce9-b045-a54501a1edc3
mock_fa1ad55b_G10A_022,MOCK-FA1A-G10A-022,"Samuel Gitau Odhiambo","GRADE 10 A",Male,"Utawala Senior School",fa1ad55b-8226-4ce9-b045-a54501a1edc3
mock_fa1ad55b_G10A_023,MOCK-FA1A-G10A-023,"Esther Mwangi Mutiso","GRADE 10 A",Female,"Utawala Senior School",fa1ad55b-8226-4ce9-b045-a54501a1edc3
mock_fa1ad55b_G10A_024,MOCK-FA1A-G10A-024,"Pauline Atieno Mwangi","GRADE 10 A",Female,"Utawala Senior School",fa1ad55b-8226-4ce9-b045-a54501a1edc3
mock_fa1ad55b_G10A_025,MOCK-FA1A-G10A-025,"Beatrice Maina Nyokabi","GRADE 10 A",Female,"Utawala Senior School",fa1ad55b-8226-4ce9-b045-a54501a1edc3
mock_fa1ad55b_G10A_026,MOCK-FA1A-G10A-026,"Pauline Simiyu Kariuki","GRADE 10 A",Female,"Utawala Senior School",fa1ad55b-8226-4ce9-b045-a54501a1edc3
mock_fa1ad55b_G10A_027,MOCK-FA1A-G10A-027,"Linet Kibet Kariuki","GRADE 10 A",Female,"Utawala Senior School",fa1ad55b-8226-4ce9-b045-a54501a1edc3
mock_fa1ad55b_G10A_028,MOCK-FA1A-G10A-028,"Cynthia Kiplagat Omondi","GRADE 10 A",Female,"Utawala Senior School",fa1ad55b-8226-4ce9-b045-a54501a1edc3
mock_fa1ad55b_G10A_029,MOCK-FA1A-G10A-029,"Felix Wanjiru Mutua","GRADE 10 A",Male,"Utawala Senior School",fa1ad55b-8226-4ce9-b045-a54501a1edc3
mock_fa1ad55b_G10A_030,MOCK-FA1A-G10A-030,"Lydia Nyokabi Kariuki","GRADE 10 A",Female,"Utawala Senior School",fa1ad55b-8226-4ce9-b045-a54501a1edc3
mock_fa1ad55b_G10A_031,MOCK-FA1A-G10A-031,"Brayan Mbugua Auma","GRADE 10 A",Male,"Utawala Senior School",fa1ad55b-8226-4ce9-b045-a54501a1edc3
mock_fa1ad55b_G10A_032,MOCK-FA1A-G10A-032,"Linet Mutiso Mwangi","GRADE 10 A",Female,"Utawala Senior School",fa1ad55b-8226-4ce9-b045-a54501a1edc3
mock_fa1ad55b_G10A_033,MOCK-FA1A-G10A-033,"Christine Wambui Maina","GRADE 10 A",Female,"Utawala Senior School",fa1ad55b-8226-4ce9-b045-a54501a1edc3
mock_fa1ad55b_G10A_034,MOCK-FA1A-G10A-034,"Janet Nyambura Njoroge","GRADE 10 A",Female,"Utawala Senior School",fa1ad55b-8226-4ce9-b045-a54501a1edc3
mock_fa1ad55b_G10A_035,MOCK-FA1A-G10A-035,"Kelvin Mwangi Rotich","GRADE 10 A",Male,"Utawala Senior School",fa1ad55b-8226-4ce9-b045-a54501a1edc3
mock_fa1ad55b_G10A_036,MOCK-FA1A-G10A-036,"Martin Ochieng Maina","GRADE 10 A",Male,"Utawala Senior School",fa1ad55b-8226-4ce9-b045-a54501a1edc3
mock_fa1ad55b_G10A_037,MOCK-FA1A-G10A-037,"Joy Mwangi Simiyu","GRADE 10 A",Female,"Utawala Senior School",fa1ad55b-8226-4ce9-b045-a54501a1edc3
mock_fa1ad55b_G10A_038,MOCK-FA1A-G10A-038,"Michael Gitau Korir","GRADE 10 A",Male,"Utawala Senior School",fa1ad55b-8226-4ce9-b045-a54501a1edc3
mock_fa1ad55b_G10A_039,MOCK-FA1A-G10A-039,"Charles Odhiambo Wambui","GRADE 10 A",Male,"Utawala Senior School",fa1ad55b-8226-4ce9-b045-a54501a1edc3
mock_fa1ad55b_G10A_040,MOCK-FA1A-G10A-040,"George Kamau Korir","GRADE 10 A",Male,"Utawala Senior School",fa1ad55b-8226-4ce9-b045-a54501a1edc3
mock_fa1ad55b_G10A_041,MOCK-FA1A-G10A-041,"Nicholas Rotich Ochieng","GRADE 10 A",Male,"Utawala Senior School",fa1ad55b-8226-4ce9-b045-a54501a1edc3
mock_fa1ad55b_G10A_042,MOCK-FA1A-G10A-042,"Elvis Achieng Njeri","GRADE 10 A",Male,"Utawala Senior School",fa1ad55b-8226-4ce9-b045-a54501a1edc3
mock_fa1ad55b_G10A_043,MOCK-FA1A-G10A-043,"Brian Njoroge Wafula","GRADE 10 A",Male,"Utawala Senior School",fa1ad55b-8226-4ce9-b045-a54501a1edc3
mock_fa1ad55b_G10A_044,MOCK-FA1A-G10A-044,"Cornelius Odhiambo Wairimu","GRADE 10 A",Male,"Utawala Senior School",fa1ad55b-8226-4ce9-b045-a54501a1edc3
mock_fa1ad55b_G10A_045,MOCK-FA1A-G10A-045,"Peter Korir Odhiambo","GRADE 10 A",Male,"Utawala Senior School",fa1ad55b-8226-4ce9-b045-a54501a1edc3
mock_fa1ad55b_G10A_046,MOCK-FA1A-G10A-046,"Mercy Odhiambo Ochieng","GRADE 10 A",Female,"Utawala Senior School",fa1ad55b-8226-4ce9-b045-a54501a1edc3
mock_fa1ad55b_G10A_047,MOCK-FA1A-G10A-047,"Duncan Kibet Were","GRADE 10 A",Male,"Utawala Senior School",fa1ad55b-8226-4ce9-b045-a54501a1edc3
mock_fa1ad55b_G10A_048,MOCK-FA1A-G10A-048,"Emmanuel Chepkemoi Kibet","GRADE 10 A",Male,"Utawala Senior School",fa1ad55b-8226-4ce9-b045-a54501a1edc3
mock_fa1ad55b_G10A_049,MOCK-FA1A-G10A-049,"Vincent Karanja Onyango","GRADE 10 A",Male,"Utawala Senior School",fa1ad55b-8226-4ce9-b045-a54501a1edc3
mock_fa1ad55b_G10A_050,MOCK-FA1A-G10A-050,"Linet Wambui Akinyi","GRADE 10 A",Female,"Utawala Senior School",fa1ad55b-8226-4ce9-b045-a54501a1edc3
mock_fa1ad55b_G10A_051,MOCK-FA1A-G10A-051,"Nancy Barasa Onyango","GRADE 10 A",Female,"Utawala Senior School",fa1ad55b-8226-4ce9-b045-a54501a1edc3
mock_fa1ad55b_G10A_052,MOCK-FA1A-G10A-052,"Ian Wafula Chebet","GRADE 10 A",Male,"Utawala Senior School",fa1ad55b-8226-4ce9-b045-a54501a1edc3
mock_fa1ad55b_G10A_053,MOCK-FA1A-G10A-053,"Winnie Atieno Barasa","GRADE 10 A",Female,"Utawala Senior School",fa1ad55b-8226-4ce9-b045-a54501a1edc3
mock_fa1ad55b_G10A_054,MOCK-FA1A-G10A-054,"Samuel Njoroge Chebet","GRADE 10 A",Male,"Utawala Senior School",fa1ad55b-8226-4ce9-b045-a54501a1edc3
mock_fa1ad55b_G10A_055,MOCK-FA1A-G10A-055,"Stella Otieno Mwangi","GRADE 10 A",Female,"Utawala Senior School",fa1ad55b-8226-4ce9-b045-a54501a1edc3
mock_fa1ad55b_G10A_056,MOCK-FA1A-G10A-056,"Lucy Kibet Achieng","GRADE 10 A",Female,"Utawala Senior School",fa1ad55b-8226-4ce9-b045-a54501a1edc3
mock_fa1ad55b_G10A_057,MOCK-FA1A-G10A-057,"Nicholas Gitau Chepkemoi","GRADE 10 A",Male,"Utawala Senior School",fa1ad55b-8226-4ce9-b045-a54501a1edc3
mock_fa1ad55b_G10A_058,MOCK-FA1A-G10A-058,"Valentine Rotich Kibet","GRADE 10 A",Female,"Utawala Senior School",fa1ad55b-8226-4ce9-b045-a54501a1edc3
mock_fa1ad55b_G10A_059,MOCK-FA1A-G10A-059,"Stephen Odhiambo Juma","GRADE 10 A",Male,"Utawala Senior School",fa1ad55b-8226-4ce9-b045-a54501a1edc3
mock_fa1ad55b_G10A_060,MOCK-FA1A-G10A-060,"Janet Adhiambo Barasa","GRADE 10 A",Female,"Utawala Senior School",fa1ad55b-8226-4ce9-b045-a54501a1edc3
mock_fa1ad55b_G10B_009,MOCK-FA1A-G10B-009,"Winnie Mbugua Cheruiyot","GRADE 10 B",Female,"Utawala Senior School",fa1ad55b-8226-4ce9-b045-a54501a1edc3
mock_fa1ad55b_G10B_010,MOCK-FA1A-G10B-010,"Emmanuel Akinyi Wafula","GRADE 10 B",Male,"Utawala Senior School",fa1ad55b-8226-4ce9-b045-a54501a1edc3
mock_fa1ad55b_G10B_011,MOCK-FA1A-G10B-011,"Sylvia Owino Mutiso","GRADE 10 B",Female,"Utawala Senior School",fa1ad55b-8226-4ce9-b045-a54501a1edc3
mock_fa1ad55b_G10B_012,MOCK-FA1A-G10B-012,"Emmanuel Omondi Maina","GRADE 10 B",Male,"Utawala Senior School",fa1ad55b-8226-4ce9-b045-a54501a1edc3
mock_fa1ad55b_G10B_013,MOCK-FA1A-G10B-013,"Felix Kipchoge Wanjiru","GRADE 10 B",Male,"Utawala Senior School",fa1ad55b-8226-4ce9-b045-a54501a1edc3
mock_fa1ad55b_G10B_014,MOCK-FA1A-G10B-014,"Nancy Kamau Nyokabi","GRADE 10 B",Female,"Utawala Senior School",fa1ad55b-8226-4ce9-b045-a54501a1edc3
mock_fa1ad55b_G10B_015,MOCK-FA1A-G10B-015,"Grace Mutiso Maina","GRADE 10 B",Female,"Utawala Senior School",fa1ad55b-8226-4ce9-b045-a54501a1edc3
mock_fa1ad55b_G10B_016,MOCK-FA1A-G10B-016,"Stella Juma Owino","GRADE 10 B",Female,"Utawala Senior School",fa1ad55b-8226-4ce9-b045-a54501a1edc3
mock_fa1ad55b_G10B_017,MOCK-FA1A-G10B-017,"Duncan Wambui Achieng","GRADE 10 B",Male,"Utawala Senior School",fa1ad55b-8226-4ce9-b045-a54501a1edc3
mock_fa1ad55b_G10B_018,MOCK-FA1A-G10B-018,"Valentine Wambui Kipchoge","GRADE 10 B",Female,"Utawala Senior School",fa1ad55b-8226-4ce9-b045-a54501a1edc3
mock_fa1ad55b_G10B_019,MOCK-FA1A-G10B-019,"Vincent Kamau Mutua","GRADE 10 B",Male,"Utawala Senior School",fa1ad55b-8226-4ce9-b045-a54501a1edc3
mock_fa1ad55b_G10B_020,MOCK-FA1A-G10B-020,"Doreen Mbugua Karanja","GRADE 10 B",Female,"Utawala Senior School",fa1ad55b-8226-4ce9-b045-a54501a1edc3
mock_fa1ad55b_G10B_021,MOCK-FA1A-G10B-021,"Lydia Njeri Nyokabi","GRADE 10 B",Female,"Utawala Senior School",fa1ad55b-8226-4ce9-b045-a54501a1edc3
mock_fa1ad55b_G10B_022,MOCK-FA1A-G10B-022,"Felix Njeri Chepkemoi","GRADE 10 B",Male,"Utawala Senior School",fa1ad55b-8226-4ce9-b045-a54501a1edc3
mock_fa1ad55b_G10B_023,MOCK-FA1A-G10B-023,"Sharon Kiplagat Onyango","GRADE 10 B",Female,"Utawala Senior School",fa1ad55b-8226-4ce9-b045-a54501a1edc3
mock_fa1ad55b_G10B_024,MOCK-FA1A-G10B-024,"Cynthia Achieng Omondi","GRADE 10 B",Female,"Utawala Senior School",fa1ad55b-8226-4ce9-b045-a54501a1edc3
mock_fa1ad55b_G10B_025,MOCK-FA1A-G10B-025,"Kelvin Auma Wanjiru","GRADE 10 B",Male,"Utawala Senior School",fa1ad55b-8226-4ce9-b045-a54501a1edc3
mock_fa1ad55b_G10B_026,MOCK-FA1A-G10B-026,"Daniel Mutua Barasa","GRADE 10 B",Male,"Utawala Senior School",fa1ad55b-8226-4ce9-b045-a54501a1edc3
mock_fa1ad55b_G10B_027,MOCK-FA1A-G10B-027,"Peter Juma Kibet","GRADE 10 B",Male,"Utawala Senior School",fa1ad55b-8226-4ce9-b045-a54501a1edc3
mock_fa1ad55b_G10B_028,MOCK-FA1A-G10B-028,"Brian Gitau Achieng","GRADE 10 B",Male,"Utawala Senior School",fa1ad55b-8226-4ce9-b045-a54501a1edc3
mock_fa1ad55b_G10B_029,MOCK-FA1A-G10B-029,"Lydia Chebet Barasa","GRADE 10 B",Female,"Utawala Senior School",fa1ad55b-8226-4ce9-b045-a54501a1edc3
mock_fa1ad55b_G10B_030,MOCK-FA1A-G10B-030,"Grace Omondi Nyokabi","GRADE 10 B",Female,"Utawala Senior School",fa1ad55b-8226-4ce9-b045-a54501a1edc3
mock_fa1ad55b_G10B_031,MOCK-FA1A-G10B-031,"Michael Kamau Akinyi","GRADE 10 B",Male,"Utawala Senior School",fa1ad55b-8226-4ce9-b045-a54501a1edc3
mock_fa1ad55b_G10B_032,MOCK-FA1A-G10B-032,"Ann Mbugua Nyambura","GRADE 10 B",Female,"Utawala Senior School",fa1ad55b-8226-4ce9-b045-a54501a1edc3
mock_fa1ad55b_G10B_033,MOCK-FA1A-G10B-033,"Stephen Nyokabi Kibet","GRADE 10 B",Male,"Utawala Senior School",fa1ad55b-8226-4ce9-b045-a54501a1edc3
mock_fa1ad55b_G10B_034,MOCK-FA1A-G10B-034,"Brenda Korir Barasa","GRADE 10 B",Female,"Utawala Senior School",fa1ad55b-8226-4ce9-b045-a54501a1edc3
mock_fa1ad55b_G10B_035,MOCK-FA1A-G10B-035,"Felix Were Owino","GRADE 10 B",Male,"Utawala Senior School",fa1ad55b-8226-4ce9-b045-a54501a1edc3
mock_fa1ad55b_G10B_036,MOCK-FA1A-G10B-036,"Christine Wairimu Akinyi","GRADE 10 B",Female,"Utawala Senior School",fa1ad55b-8226-4ce9-b045-a54501a1edc3
mock_fa1ad55b_G10B_037,MOCK-FA1A-G10B-037,"Mercy Ochieng Owino","GRADE 10 B",Female,"Utawala Senior School",fa1ad55b-8226-4ce9-b045-a54501a1edc3
mock_fa1ad55b_G10B_038,MOCK-FA1A-G10B-038,"Lydia Mwangi Nyambura","GRADE 10 B",Female,"Utawala Senior School",fa1ad55b-8226-4ce9-b045-a54501a1edc3
mock_fa1ad55b_G10B_039,MOCK-FA1A-G10B-039,"Cynthia Ochieng Achieng","GRADE 10 B",Female,"Utawala Senior School",fa1ad55b-8226-4ce9-b045-a54501a1edc3
mock_fa1ad55b_G10B_040,MOCK-FA1A-G10B-040,"Brian Atieno Otieno","GRADE 10 B",Male,"Utawala Senior School",fa1ad55b-8226-4ce9-b045-a54501a1edc3
mock_fa1ad55b_G10B_041,MOCK-FA1A-G10B-041,"Diana Ochieng Were","GRADE 10 B",Female,"Utawala Senior School",fa1ad55b-8226-4ce9-b045-a54501a1edc3
mock_fa1ad55b_G10B_042,MOCK-FA1A-G10B-042,"Charles Onyango Adhiambo","GRADE 10 B",Male,"Utawala Senior School",fa1ad55b-8226-4ce9-b045-a54501a1edc3
mock_fa1ad55b_G10B_043,MOCK-FA1A-G10B-043,"Maureen Karanja Barasa","GRADE 10 B",Female,"Utawala Senior School",fa1ad55b-8226-4ce9-b045-a54501a1edc3
mock_fa1ad55b_G10B_044,MOCK-FA1A-G10B-044,"Victor Wanjiru Cheruiyot","GRADE 10 B",Male,"Utawala Senior School",fa1ad55b-8226-4ce9-b045-a54501a1edc3
mock_fa1ad55b_G10B_045,MOCK-FA1A-G10B-045,"Anthony Maina Cheruiyot","GRADE 10 B",Male,"Utawala Senior School",fa1ad55b-8226-4ce9-b045-a54501a1edc3
mock_fa1ad55b_G10B_046,MOCK-FA1A-G10B-046,"Eric Rotich Were","GRADE 10 B",Male,"Utawala Senior School",fa1ad55b-8226-4ce9-b045-a54501a1edc3
mock_fa1ad55b_G10B_047,MOCK-FA1A-G10B-047,"Winnie Mbugua Ochieng","GRADE 10 B",Female,"Utawala Senior School",fa1ad55b-8226-4ce9-b045-a54501a1edc3
mock_fa1ad55b_G10B_048,MOCK-FA1A-G10B-048,"Stephen Achieng Mbugua","GRADE 10 B",Male,"Utawala Senior School",fa1ad55b-8226-4ce9-b045-a54501a1edc3
mock_fa1ad55b_G10B_049,MOCK-FA1A-G10B-049,"Joy Adhiambo Mutiso","GRADE 10 B",Female,"Utawala Senior School",fa1ad55b-8226-4ce9-b045-a54501a1edc3
mock_fa1ad55b_G10B_050,MOCK-FA1A-G10B-050,"Doreen Akinyi Mutua","GRADE 10 B",Female,"Utawala Senior School",fa1ad55b-8226-4ce9-b045-a54501a1edc3
mock_fa1ad55b_G10B_051,MOCK-FA1A-G10B-051,"Beatrice Chebet Nyokabi","GRADE 10 B",Female,"Utawala Senior School",fa1ad55b-8226-4ce9-b045-a54501a1edc3
mock_fa1ad55b_G10B_052,MOCK-FA1A-G10B-052,"Lydia Omondi Auma","GRADE 10 B",Female,"Utawala Senior School",fa1ad55b-8226-4ce9-b045-a54501a1edc3
mock_fa1ad55b_G10B_053,MOCK-FA1A-G10B-053,"Michael Njeri Ochieng","GRADE 10 B",Male,"Utawala Senior School",fa1ad55b-8226-4ce9-b045-a54501a1edc3
mock_fa1ad55b_G10B_054,MOCK-FA1A-G10B-054,"Beatrice Wafula Korir","GRADE 10 B",Female,"Utawala Senior School",fa1ad55b-8226-4ce9-b045-a54501a1edc3
mock_fa1ad55b_G10B_055,MOCK-FA1A-G10B-055,"Ian Odhiambo Kariuki","GRADE 10 B",Male,"Utawala Senior School",fa1ad55b-8226-4ce9-b045-a54501a1edc3
mock_fa1ad55b_G10B_056,MOCK-FA1A-G10B-056,"Felix Kiplagat Kibet","GRADE 10 B",Male,"Utawala Senior School",fa1ad55b-8226-4ce9-b045-a54501a1edc3
mock_fa1ad55b_G10B_057,MOCK-FA1A-G10B-057,"Mary Kibet Onyango","GRADE 10 B",Female,"Utawala Senior School",fa1ad55b-8226-4ce9-b045-a54501a1edc3
mock_fa1ad55b_G10B_058,MOCK-FA1A-G10B-058,"Anthony Nyambura Chebet","GRADE 10 B",Male,"Utawala Senior School",fa1ad55b-8226-4ce9-b045-a54501a1edc3
mock_fa1ad55b_G10B_059,MOCK-FA1A-G10B-059,"Cornelius Rotich Onyango","GRADE 10 B",Male,"Utawala Senior School",fa1ad55b-8226-4ce9-b045-a54501a1edc3
mock_fa1ad55b_G10B_060,MOCK-FA1A-G10B-060,"Felix Simiyu Juma","GRADE 10 B",Male,"Utawala Senior School",fa1ad55b-8226-4ce9-b045-a54501a1edc3
mock_fa1ad55b_G11A_010,MOCK-FA1A-G11A-010,"Janet Odhiambo Kariuki","GRADE 11 A",Female,"Utawala Senior School",fa1ad55b-8226-4ce9-b045-a54501a1edc3
mock_fa1ad55b_G11A_011,MOCK-FA1A-G11A-011,"Stella Cheruiyot Njoroge","GRADE 11 A",Female,"Utawala Senior School",fa1ad55b-8226-4ce9-b045-a54501a1edc3
mock_fa1ad55b_G11A_012,MOCK-FA1A-G11A-012,"Michael Gitau Kamau","GRADE 11 A",Male,"Utawala Senior School",fa1ad55b-8226-4ce9-b045-a54501a1edc3
mock_fa1ad55b_G11A_013,MOCK-FA1A-G11A-013,"Mitchelle Korir Mbugua","GRADE 11 A",Female,"Utawala Senior School",fa1ad55b-8226-4ce9-b045-a54501a1edc3
mock_fa1ad55b_G11A_014,MOCK-FA1A-G11A-014,"Lydia Mbugua Chebet","GRADE 11 A",Female,"Utawala Senior School",fa1ad55b-8226-4ce9-b045-a54501a1edc3
mock_fa1ad55b_G11A_015,MOCK-FA1A-G11A-015,"Elvis Gitau Omondi","GRADE 11 A",Male,"Utawala Senior School",fa1ad55b-8226-4ce9-b045-a54501a1edc3
mock_fa1ad55b_G11A_016,MOCK-FA1A-G11A-016,"Stella Onyango Rotich","GRADE 11 A",Female,"Utawala Senior School",fa1ad55b-8226-4ce9-b045-a54501a1edc3
mock_fa1ad55b_G11A_017,MOCK-FA1A-G11A-017,"Stephen Otieno Akinyi","GRADE 11 A",Male,"Utawala Senior School",fa1ad55b-8226-4ce9-b045-a54501a1edc3
mock_fa1ad55b_G11A_018,MOCK-FA1A-G11A-018,"Charles Owino Rotich","GRADE 11 A",Male,"Utawala Senior School",fa1ad55b-8226-4ce9-b045-a54501a1edc3
mock_fa1ad55b_G11A_019,MOCK-FA1A-G11A-019,"Felix Simiyu Wambui","GRADE 11 A",Male,"Utawala Senior School",fa1ad55b-8226-4ce9-b045-a54501a1edc3
mock_fa1ad55b_G11A_020,MOCK-FA1A-G11A-020,"Mercy Njoroge Kamau","GRADE 11 A",Female,"Utawala Senior School",fa1ad55b-8226-4ce9-b045-a54501a1edc3
mock_fa1ad55b_G11A_021,MOCK-FA1A-G11A-021,"Diana Were Omondi","GRADE 11 A",Female,"Utawala Senior School",fa1ad55b-8226-4ce9-b045-a54501a1edc3
mock_fa1ad55b_G11A_022,MOCK-FA1A-G11A-022,"Brayan Mbugua Mutua","GRADE 11 A",Male,"Utawala Senior School",fa1ad55b-8226-4ce9-b045-a54501a1edc3
mock_fa1ad55b_G11A_023,MOCK-FA1A-G11A-023,"Brayan Ochieng Wafula","GRADE 11 A",Male,"Utawala Senior School",fa1ad55b-8226-4ce9-b045-a54501a1edc3
mock_fa1ad55b_G11A_024,MOCK-FA1A-G11A-024,"Maureen Ochieng Korir","GRADE 11 A",Female,"Utawala Senior School",fa1ad55b-8226-4ce9-b045-a54501a1edc3
mock_fa1ad55b_G11A_025,MOCK-FA1A-G11A-025,"Esther Mutua Kibet","GRADE 11 A",Female,"Utawala Senior School",fa1ad55b-8226-4ce9-b045-a54501a1edc3
mock_fa1ad55b_G11A_026,MOCK-FA1A-G11A-026,"Maureen Chebet Chepkemoi","GRADE 11 A",Female,"Utawala Senior School",fa1ad55b-8226-4ce9-b045-a54501a1edc3
mock_fa1ad55b_G11A_027,MOCK-FA1A-G11A-027,"Sylvia Were Kiplagat","GRADE 11 A",Female,"Utawala Senior School",fa1ad55b-8226-4ce9-b045-a54501a1edc3
mock_fa1ad55b_G11A_028,MOCK-FA1A-G11A-028,"Mercy Odhiambo Simiyu","GRADE 11 A",Female,"Utawala Senior School",fa1ad55b-8226-4ce9-b045-a54501a1edc3
mock_fa1ad55b_G11A_029,MOCK-FA1A-G11A-029,"Emmanuel Kiplagat Akinyi","GRADE 11 A",Male,"Utawala Senior School",fa1ad55b-8226-4ce9-b045-a54501a1edc3
mock_fa1ad55b_G11A_030,MOCK-FA1A-G11A-030,"Duncan Wanjiru Mutiso","GRADE 11 A",Male,"Utawala Senior School",fa1ad55b-8226-4ce9-b045-a54501a1edc3
mock_fa1ad55b_G11A_031,MOCK-FA1A-G11A-031,"Cynthia Wafula Akinyi","GRADE 11 A",Female,"Utawala Senior School",fa1ad55b-8226-4ce9-b045-a54501a1edc3
mock_fa1ad55b_G11A_032,MOCK-FA1A-G11A-032,"Doreen Adhiambo Otieno","GRADE 11 A",Female,"Utawala Senior School",fa1ad55b-8226-4ce9-b045-a54501a1edc3
mock_fa1ad55b_G11A_033,MOCK-FA1A-G11A-033,"Joy Mutua Kiplagat","GRADE 11 A",Female,"Utawala Senior School",fa1ad55b-8226-4ce9-b045-a54501a1edc3
mock_fa1ad55b_G11A_034,MOCK-FA1A-G11A-034,"Elvis Akinyi Were","GRADE 11 A",Male,"Utawala Senior School",fa1ad55b-8226-4ce9-b045-a54501a1edc3
mock_fa1ad55b_G11A_035,MOCK-FA1A-G11A-035,"Vincent Mutiso Maina","GRADE 11 A",Male,"Utawala Senior School",fa1ad55b-8226-4ce9-b045-a54501a1edc3
mock_fa1ad55b_G11A_036,MOCK-FA1A-G11A-036,"Brenda Omondi Auma","GRADE 11 A",Female,"Utawala Senior School",fa1ad55b-8226-4ce9-b045-a54501a1edc3
mock_fa1ad55b_G11A_037,MOCK-FA1A-G11A-037,"Collins Adhiambo Korir","GRADE 11 A",Male,"Utawala Senior School",fa1ad55b-8226-4ce9-b045-a54501a1edc3
mock_fa1ad55b_G11A_038,MOCK-FA1A-G11A-038,"Eunice Odhiambo Maina","GRADE 11 A",Female,"Utawala Senior School",fa1ad55b-8226-4ce9-b045-a54501a1edc3
mock_fa1ad55b_G11A_039,MOCK-FA1A-G11A-039,"Dennis Nyokabi Kariuki","GRADE 11 A",Male,"Utawala Senior School",fa1ad55b-8226-4ce9-b045-a54501a1edc3
mock_fa1ad55b_G11A_040,MOCK-FA1A-G11A-040,"Doreen Simiyu Juma","GRADE 11 A",Female,"Utawala Senior School",fa1ad55b-8226-4ce9-b045-a54501a1edc3
mock_fa1ad55b_G11A_041,MOCK-FA1A-G11A-041,"Samuel Korir Wafula","GRADE 11 A",Male,"Utawala Senior School",fa1ad55b-8226-4ce9-b045-a54501a1edc3
mock_fa1ad55b_G11A_042,MOCK-FA1A-G11A-042,"Mary Mwangi Omondi","GRADE 11 A",Female,"Utawala Senior School",fa1ad55b-8226-4ce9-b045-a54501a1edc3
mock_fa1ad55b_G11A_043,MOCK-FA1A-G11A-043,"Elvis Maina Nyambura","GRADE 11 A",Male,"Utawala Senior School",fa1ad55b-8226-4ce9-b045-a54501a1edc3
mock_fa1ad55b_G11A_044,MOCK-FA1A-G11A-044,"Charles Nyambura Nyokabi","GRADE 11 A",Male,"Utawala Senior School",fa1ad55b-8226-4ce9-b045-a54501a1edc3
mock_fa1ad55b_G11A_045,MOCK-FA1A-G11A-045,"Pauline Owino Atieno","GRADE 11 A",Female,"Utawala Senior School",fa1ad55b-8226-4ce9-b045-a54501a1edc3
mock_fa1ad55b_G11A_046,MOCK-FA1A-G11A-046,"Nicholas Onyango Mwangi","GRADE 11 A",Male,"Utawala Senior School",fa1ad55b-8226-4ce9-b045-a54501a1edc3
mock_fa1ad55b_G11A_047,MOCK-FA1A-G11A-047,"Mary Juma Juma","GRADE 11 A",Female,"Utawala Senior School",fa1ad55b-8226-4ce9-b045-a54501a1edc3
mock_fa1ad55b_G11A_048,MOCK-FA1A-G11A-048,"Grace Cheruiyot Kipchoge","GRADE 11 A",Female,"Utawala Senior School",fa1ad55b-8226-4ce9-b045-a54501a1edc3
mock_fa1ad55b_G11A_049,MOCK-FA1A-G11A-049,"Patrick Omondi Simiyu","GRADE 11 A",Male,"Utawala Senior School",fa1ad55b-8226-4ce9-b045-a54501a1edc3
mock_fa1ad55b_G11A_050,MOCK-FA1A-G11A-050,"Esther Adhiambo Kiplagat","GRADE 11 A",Female,"Utawala Senior School",fa1ad55b-8226-4ce9-b045-a54501a1edc3
mock_fa1ad55b_G11A_051,MOCK-FA1A-G11A-051,"Nicholas Kipchoge Kibet","GRADE 11 A",Male,"Utawala Senior School",fa1ad55b-8226-4ce9-b045-a54501a1edc3
mock_fa1ad55b_G11A_052,MOCK-FA1A-G11A-052,"Linet Kariuki Kibet","GRADE 11 A",Female,"Utawala Senior School",fa1ad55b-8226-4ce9-b045-a54501a1edc3
mock_fa1ad55b_G11A_053,MOCK-FA1A-G11A-053,"Allan Otieno Njeri","GRADE 11 A",Male,"Utawala Senior School",fa1ad55b-8226-4ce9-b045-a54501a1edc3
mock_fa1ad55b_G11A_054,MOCK-FA1A-G11A-054,"Sylvia Juma Wambui","GRADE 11 A",Female,"Utawala Senior School",fa1ad55b-8226-4ce9-b045-a54501a1edc3
mock_fa1ad55b_G11A_055,MOCK-FA1A-G11A-055,"Ian Onyango Barasa","GRADE 11 A",Male,"Utawala Senior School",fa1ad55b-8226-4ce9-b045-a54501a1edc3
mock_fa1ad55b_G11A_056,MOCK-FA1A-G11A-056,"Mary Akinyi Were","GRADE 11 A",Female,"Utawala Senior School",fa1ad55b-8226-4ce9-b045-a54501a1edc3
mock_fa1ad55b_G11A_057,MOCK-FA1A-G11A-057,"Faith Juma Adhiambo","GRADE 11 A",Female,"Utawala Senior School",fa1ad55b-8226-4ce9-b045-a54501a1edc3
mock_fa1ad55b_G11A_058,MOCK-FA1A-G11A-058,"Felix Wanjiru Mwangi","GRADE 11 A",Male,"Utawala Senior School",fa1ad55b-8226-4ce9-b045-a54501a1edc3
mock_fa1ad55b_G11A_059,MOCK-FA1A-G11A-059,"Fredrick Maina Wairimu","GRADE 11 A",Male,"Utawala Senior School",fa1ad55b-8226-4ce9-b045-a54501a1edc3
mock_fa1ad55b_G11A_060,MOCK-FA1A-G11A-060,"Stephen Adhiambo Nyambura","GRADE 11 A",Male,"Utawala Senior School",fa1ad55b-8226-4ce9-b045-a54501a1edc3
mock_fa1ad55b_G11B_010,MOCK-FA1A-G11B-010,"Stephen Otieno Kiplagat","GRADE 11 B",Male,"Utawala Senior School",fa1ad55b-8226-4ce9-b045-a54501a1edc3
mock_fa1ad55b_G11B_011,MOCK-FA1A-G11B-011,"Mary Mutiso Ochieng","GRADE 11 B",Female,"Utawala Senior School",fa1ad55b-8226-4ce9-b045-a54501a1edc3
mock_fa1ad55b_G11B_012,MOCK-FA1A-G11B-012,"Doreen Ochieng Owino","GRADE 11 B",Female,"Utawala Senior School",fa1ad55b-8226-4ce9-b045-a54501a1edc3
mock_fa1ad55b_G11B_013,MOCK-FA1A-G11B-013,"Michael Onyango Adhiambo","GRADE 11 B",Male,"Utawala Senior School",fa1ad55b-8226-4ce9-b045-a54501a1edc3
mock_fa1ad55b_G11B_014,MOCK-FA1A-G11B-014,"Esther Kiplagat Gitau","GRADE 11 B",Female,"Utawala Senior School",fa1ad55b-8226-4ce9-b045-a54501a1edc3
mock_fa1ad55b_G11B_015,MOCK-FA1A-G11B-015,"Samuel Rotich Kariuki","GRADE 11 B",Male,"Utawala Senior School",fa1ad55b-8226-4ce9-b045-a54501a1edc3
mock_fa1ad55b_G11B_016,MOCK-FA1A-G11B-016,"Caroline Kariuki Kibet","GRADE 11 B",Female,"Utawala Senior School",fa1ad55b-8226-4ce9-b045-a54501a1edc3
mock_fa1ad55b_G11B_017,MOCK-FA1A-G11B-017,"Duncan Adhiambo Wairimu","GRADE 11 B",Male,"Utawala Senior School",fa1ad55b-8226-4ce9-b045-a54501a1edc3
mock_fa1ad55b_G11B_018,MOCK-FA1A-G11B-018,"George Achieng Korir","GRADE 11 B",Male,"Utawala Senior School",fa1ad55b-8226-4ce9-b045-a54501a1edc3
mock_fa1ad55b_G11B_019,MOCK-FA1A-G11B-019,"Fredrick Karanja Juma","GRADE 11 B",Male,"Utawala Senior School",fa1ad55b-8226-4ce9-b045-a54501a1edc3
mock_fa1ad55b_G11B_020,MOCK-FA1A-G11B-020,"Winnie Rotich Odhiambo","GRADE 11 B",Female,"Utawala Senior School",fa1ad55b-8226-4ce9-b045-a54501a1edc3
mock_fa1ad55b_G11B_021,MOCK-FA1A-G11B-021,"Mercy Nyokabi Otieno","GRADE 11 B",Female,"Utawala Senior School",fa1ad55b-8226-4ce9-b045-a54501a1edc3
mock_fa1ad55b_G11B_022,MOCK-FA1A-G11B-022,"George Njeri Nyambura","GRADE 11 B",Male,"Utawala Senior School",fa1ad55b-8226-4ce9-b045-a54501a1edc3
mock_fa1ad55b_G11B_023,MOCK-FA1A-G11B-023,"Anthony Gitau Nyokabi","GRADE 11 B",Male,"Utawala Senior School",fa1ad55b-8226-4ce9-b045-a54501a1edc3
mock_fa1ad55b_G11B_024,MOCK-FA1A-G11B-024,"Valentine Mutiso Were","GRADE 11 B",Female,"Utawala Senior School",fa1ad55b-8226-4ce9-b045-a54501a1edc3
mock_fa1ad55b_G11B_025,MOCK-FA1A-G11B-025,"Caroline Akinyi Kiplagat","GRADE 11 B",Female,"Utawala Senior School",fa1ad55b-8226-4ce9-b045-a54501a1edc3
mock_fa1ad55b_G11B_026,MOCK-FA1A-G11B-026,"George Chebet Ochieng","GRADE 11 B",Male,"Utawala Senior School",fa1ad55b-8226-4ce9-b045-a54501a1edc3
mock_fa1ad55b_G11B_027,MOCK-FA1A-G11B-027,"George Mutua Mwangi","GRADE 11 B",Male,"Utawala Senior School",fa1ad55b-8226-4ce9-b045-a54501a1edc3
mock_fa1ad55b_G11B_028,MOCK-FA1A-G11B-028,"Cornelius Odhiambo Atieno","GRADE 11 B",Male,"Utawala Senior School",fa1ad55b-8226-4ce9-b045-a54501a1edc3
mock_fa1ad55b_G11B_029,MOCK-FA1A-G11B-029,"Faith Barasa Mutua","GRADE 11 B",Female,"Utawala Senior School",fa1ad55b-8226-4ce9-b045-a54501a1edc3
mock_fa1ad55b_G11B_030,MOCK-FA1A-G11B-030,"Stephen Onyango Rotich","GRADE 11 B",Male,"Utawala Senior School",fa1ad55b-8226-4ce9-b045-a54501a1edc3
mock_fa1ad55b_G11B_031,MOCK-FA1A-G11B-031,"Ian Kiplagat Kibet","GRADE 11 B",Male,"Utawala Senior School",fa1ad55b-8226-4ce9-b045-a54501a1edc3
mock_fa1ad55b_G11B_032,MOCK-FA1A-G11B-032,"Purity Cheruiyot Kipchoge","GRADE 11 B",Female,"Utawala Senior School",fa1ad55b-8226-4ce9-b045-a54501a1edc3
mock_fa1ad55b_G11B_033,MOCK-FA1A-G11B-033,"Collins Kiplagat Chepkemoi","GRADE 11 B",Male,"Utawala Senior School",fa1ad55b-8226-4ce9-b045-a54501a1edc3
mock_fa1ad55b_G11B_034,MOCK-FA1A-G11B-034,"Pauline Kipchoge Nyambura","GRADE 11 B",Female,"Utawala Senior School",fa1ad55b-8226-4ce9-b045-a54501a1edc3
mock_fa1ad55b_G11B_035,MOCK-FA1A-G11B-035,"Joseph Nyambura Maina","GRADE 11 B",Male,"Utawala Senior School",fa1ad55b-8226-4ce9-b045-a54501a1edc3
mock_fa1ad55b_G11B_036,MOCK-FA1A-G11B-036,"Winnie Omondi Kipchoge","GRADE 11 B",Female,"Utawala Senior School",fa1ad55b-8226-4ce9-b045-a54501a1edc3
mock_fa1ad55b_G11B_037,MOCK-FA1A-G11B-037,"Anthony Kibet Wairimu","GRADE 11 B",Male,"Utawala Senior School",fa1ad55b-8226-4ce9-b045-a54501a1edc3
mock_fa1ad55b_G11B_038,MOCK-FA1A-G11B-038,"Patrick Mutiso Korir","GRADE 11 B",Male,"Utawala Senior School",fa1ad55b-8226-4ce9-b045-a54501a1edc3
mock_fa1ad55b_G11B_039,MOCK-FA1A-G11B-039,"Mitchelle Mwangi Kibet","GRADE 11 B",Female,"Utawala Senior School",fa1ad55b-8226-4ce9-b045-a54501a1edc3
mock_fa1ad55b_G11B_040,MOCK-FA1A-G11B-040,"Charles Wafula Barasa","GRADE 11 B",Male,"Utawala Senior School",fa1ad55b-8226-4ce9-b045-a54501a1edc3
mock_fa1ad55b_G11B_041,MOCK-FA1A-G11B-041,"Anthony Omondi Achieng","GRADE 11 B",Male,"Utawala Senior School",fa1ad55b-8226-4ce9-b045-a54501a1edc3
mock_fa1ad55b_G11B_042,MOCK-FA1A-G11B-042,"Valentine Achieng Auma","GRADE 11 B",Female,"Utawala Senior School",fa1ad55b-8226-4ce9-b045-a54501a1edc3
mock_fa1ad55b_G11B_043,MOCK-FA1A-G11B-043,"Faith Gitau Were","GRADE 11 B",Female,"Utawala Senior School",fa1ad55b-8226-4ce9-b045-a54501a1edc3
mock_fa1ad55b_G11B_044,MOCK-FA1A-G11B-044,"George Nyambura Nyambura","GRADE 11 B",Male,"Utawala Senior School",fa1ad55b-8226-4ce9-b045-a54501a1edc3
mock_fa1ad55b_G11B_045,MOCK-FA1A-G11B-045,"Doreen Otieno Onyango","GRADE 11 B",Female,"Utawala Senior School",fa1ad55b-8226-4ce9-b045-a54501a1edc3
mock_fa1ad55b_G11B_046,MOCK-FA1A-G11B-046,"Michael Juma Njeri","GRADE 11 B",Male,"Utawala Senior School",fa1ad55b-8226-4ce9-b045-a54501a1edc3
mock_fa1ad55b_G11B_047,MOCK-FA1A-G11B-047,"Kelvin Kibet Were","GRADE 11 B",Male,"Utawala Senior School",fa1ad55b-8226-4ce9-b045-a54501a1edc3
mock_fa1ad55b_G11B_048,MOCK-FA1A-G11B-048,"Mitchelle Mbugua Kibet","GRADE 11 B",Female,"Utawala Senior School",fa1ad55b-8226-4ce9-b045-a54501a1edc3
mock_fa1ad55b_G11B_049,MOCK-FA1A-G11B-049,"Mitchelle Maina Juma","GRADE 11 B",Female,"Utawala Senior School",fa1ad55b-8226-4ce9-b045-a54501a1edc3
mock_fa1ad55b_G11B_050,MOCK-FA1A-G11B-050,"Diana Juma Njeri","GRADE 11 B",Female,"Utawala Senior School",fa1ad55b-8226-4ce9-b045-a54501a1edc3
mock_fa1ad55b_G11B_051,MOCK-FA1A-G11B-051,"Linet Mutiso Simiyu","GRADE 11 B",Female,"Utawala Senior School",fa1ad55b-8226-4ce9-b045-a54501a1edc3
mock_fa1ad55b_G11B_052,MOCK-FA1A-G11B-052,"Daniel Nyambura Njoroge","GRADE 11 B",Male,"Utawala Senior School",fa1ad55b-8226-4ce9-b045-a54501a1edc3
mock_fa1ad55b_G11B_053,MOCK-FA1A-G11B-053,"Cornelius Simiyu Kibet","GRADE 11 B",Male,"Utawala Senior School",fa1ad55b-8226-4ce9-b045-a54501a1edc3
mock_fa1ad55b_G11B_054,MOCK-FA1A-G11B-054,"Nancy Juma Omondi","GRADE 11 B",Female,"Utawala Senior School",fa1ad55b-8226-4ce9-b045-a54501a1edc3
mock_fa1ad55b_G11B_055,MOCK-FA1A-G11B-055,"Sylvia Kiplagat Kamau","GRADE 11 B",Female,"Utawala Senior School",fa1ad55b-8226-4ce9-b045-a54501a1edc3
mock_fa1ad55b_G11B_056,MOCK-FA1A-G11B-056,"Brayan Kamau Kipchoge","GRADE 11 B",Male,"Utawala Senior School",fa1ad55b-8226-4ce9-b045-a54501a1edc3
mock_fa1ad55b_G11B_057,MOCK-FA1A-G11B-057,"Elvis Gitau Gitau","GRADE 11 B",Male,"Utawala Senior School",fa1ad55b-8226-4ce9-b045-a54501a1edc3
mock_fa1ad55b_G11B_058,MOCK-FA1A-G11B-058,"Janet Kamau Mbugua","GRADE 11 B",Female,"Utawala Senior School",fa1ad55b-8226-4ce9-b045-a54501a1edc3
mock_fa1ad55b_G11B_059,MOCK-FA1A-G11B-059,"Allan Rotich Korir","GRADE 11 B",Male,"Utawala Senior School",fa1ad55b-8226-4ce9-b045-a54501a1edc3
mock_fa1ad55b_G11B_060,MOCK-FA1A-G11B-060,"Gideon Ochieng Gitau","GRADE 11 B",Male,"Utawala Senior School",fa1ad55b-8226-4ce9-b045-a54501a1edc3